Time,Teacher-x,Teacher-y,Teacher-z,Student-x,Student-y,Student-z,Difference-x,Difference-y,Difference-z,Teacher Intensity,Student Intensity,Angle Teacher,Angle Student,Ball-x,Ball-y,Target-x,Target-y,Score,Target Duration,Training Mode,Is Testing Boolean
0.017,0,0,0,0.0,-0.001,-0.0,0,0,0,0,0,0,0,301,301,300,300,0,0,1,True
0.027,0,0,0,0.001,-0.001,-0.0,0,0,0,0,0,0,0,301,301,300,300,0,0,1,True
0.042,0,0,0,0.001,-0.001,-0.0,0,0,0,0,0,0,0,301,301,300,300,0,0,1,True
0.052,0,0,0,0.0,-0.001,-0.0,0,0,0,0,0,0,0,301,301,300,300,0,0,1,True
0.066,0,0,0,0.0,-0.001,-0.0,0,0,0,0,0,0,0,301,301,300,300,0,0,1,True
0.079,0,0,0,0.0,-0.001,-0.0,0,0,0,0,0,0,0,301,301,300,300,0,0,1,True
0.091,0,0,0,0.0,-0.001,-0.0,0,0,0,0,0,0,0,301,301,300,300,0,0,1,True
0.102,0,0,0,0.0,-0.001,-0.0,0,0,0,0,0,0,0,301,301,300,300,0,0,1,True
0.114,0,0,0,0.0,-0.001,-0.0,0,0,0,0,0,0,0,301,301,300,300,0,0,1,True
0.125,0,0,0,0.0,-0.001,-0.0,0,0,0,0,0,0,0,301,301,300,300,0,0,1,True
0.138,0,0,0,0.0,-0.001,-0.0,0,0,0,0,0,0,0,301,301,300,300,0,0,1,True
0.15,0,0,0,0.0,-0.001,-0.0,0,0,0,0,0,0,0,301,301,300,300,0,0,1,True
0.163,0,0,0,0.0,-0.001,-0.0,0,0,0,0,0,0,0,301,301,300,300,0,0,1,True
0.174,0,0,0,0.0,-0.001,-0.0,0,0,0,0,0,0,0,301,301,300,300,0,0,1,True
0.188,0,0,0,0.0,-0.001,-0.0,0,0,0,0,0,0,0,301,301,300,300,0,0,1,True
0.2,0,0,0,0.0,-0.001,-0.0,0,0,0,0,0,0,0,301,301,300,300,0,0,1,True
0.209,0,0,0,0.0,-0.001,-0.0,0,0,0,0,0,0,0,301,301,300,300,0,0,1,True
0.221,0,0,0,0.0,-0.001,-0.0,0,0,0,0,0,0,0,301,301,300,300,0,0,1,True
0.233,0,0,0,0.0,-0.001,-0.0,0,0,0,0,0,0,0,301,301,300,300,0,0,1,True
0.247,0,0,0,0.0,-0.001,-0.0,0,0,0,0,0,0,0,301,301,300,300,0,0,1,True
0.259,0,0,0,0.0,-0.001,-0.0,0,0,0,0,0,0,0,301,301,300,300,0,0,1,True
0.268,0,0,0,0.0,-0.001,-0.0,0,0,0,0,0,0,0,301,301,300,300,0,0,1,True
0.28,0,0,0,0.0,-0.001,-0.0,0,0,0,0,0,0,0,301,301,300,300,0,0,1,True
0.29,0,0,0,0.0,-0.001,-0.0,0,0,0,0,0,0,0,301,301,300,300,0,0,1,True
0.298,0,0,0,0.0,-0.001,-0.0,0,0,0,0,0,0,0,301,301,300,300,0,0,1,True
0.315,0,0,0,0.0,-0.001,-0.0,0,0,0,0,0,0,0,301,301,300,300,0,0,1,True
0.323,0,0,0,0.0,-0.001,-0.0,0,0,0,0,0,0,0,301,301,300,300,0,0,1,True
0.333,0,0,0,0.0,-0.001,-0.0,0,0,0,0,0,0,0,301,301,300,300,0,0,1,True
0.343,0,0,0,0.0,-0.001,-0.0,0,0,0,0,0,0,0,301,301,300,300,0,0,1,True
0.352,0,0,0,0.0,-0.001,-0.0,0,0,0,0,0,0,0,301,301,300,300,0,0,1,True
0.363,0,0,0,0.0,-0.001,-0.0,0,0,0,0,0,0,0,301,301,300,300,0,0,1,True
0.373,0,0,0,0.0,-0.001,-0.0,0,0,0,0,0,0,0,301,301,300,300,0,0,1,True
0.383,0,0,0,0.0,-0.001,-0.0,0,0,0,0,0,0,0,301,300,300,300,0,0,1,True
0.394,0,0,0,0.0,-0.001,-0.0,0,0,0,0,0,0,0,301,300,300,300,0,0,1,True
0.402,0,0,0,0.0,-0.001,-0.0,0,0,0,0,0,0,0,301,301,300,300,0,0,1,True
0.412,0,0,0,0.0,-0.001,-0.0,0,0,0,0,0,0,0,301,301,300,300,0,0,1,True
0.424,0,0,0,0.0,-0.001,-0.0,0,0,0,0,0,0,0,301,301,300,300,0,0,1,True
0.433,0,0,0,0.0,-0.001,-0.0,0,0,0,0,0,0,0,301,300,300,300,0,0,1,True
0.448,0,0,0,0.0,-0.001,-0.0,0,0,0,0,0,0,0,301,300,300,300,0,0,1,True
0.456,0,0,0,0.0,-0.0,-0.0,0,0,0,0,0,0,0,301,300,300,300,0,0,1,True
0.466,0,0,0,0.0,-0.0,-0.0,0,0,0,0,0,0,0,301,300,300,300,0,0,1,True
0.477,0,0,0,0.0,-0.0,-0.0,0,0,0,0,0,0,0,301,300,300,300,0,0,1,True
0.488,0,0,0,0.0,-0.0,-0.0,0,0,0,0,0,0,0,301,300,300,300,0,0,1,True
0.501,0,0,0,0.0,-0.0,-0.0,0,0,0,0,0,0,0,301,300,300,300,0,0,1,True
0.511,0,0,0,0.0,-0.0,-0.0,0,0,0,0,0,0,0,301,300,300,300,0,0,1,True
0.521,0,0,0,0.0,-0.0,-0.0,0,0,0,0,0,0,0,301,300,300,300,100,0.511,1,True
0.533,0,0,0,0.0,-0.0,-0.0,0,0,0,0,0,0,0,301,300,300,300,200,0.01,1,True
0.546,0,0,0,0.0,-0.0,-0.0,0,0,0,0,0,0,0,301,300,300,300,300,0.012,1,True
0.559,0,0,0,0.0,-0.0,-0.0,0,0,0,0,0,0,0,301,300,300,300,400,0.012,1,True
0.572,0,0,0,0.0,-0.0,-0.0,0,0,0,0,0,0,0,300,300,300,300,500,0.014,1,True
0.586,0,0,0,0.0,-0.0,-0.0,0,0,0,0,0,0,0,300,300,300,300,600,0.013,1,True
0.599,0,0,0,0.0,-0.0,-0.0,0,0,0,0,0,0,0,300,300,300,300,700,0.014,1,True
0.616,0,0,0,0.0,-0.0,-0.0,0,0,0,0,0,0,0,300,300,300,300,800,0.013,1,True
0.628,0,0,0,0.0,-0.0,-0.0,0,0,0,0,0,0,0,300,300,300,300,900,0.017,1,True
0.643,0,0,0,0.0,-0.0,-0.0,0,0,0,0,0,0,0,300,300,300,300,1000,0.013,1,True
0.66,0,0,0,0.0,-0.0,-0.0,0,0,0,0,0,0,0,300,300,300,300,1100,0.014,1,True
0.674,0,0,0,0.0,-0.0,-0.0,0,0,0,0,0,0,0,300,300,300,300,1200,0.017,1,True
0.686,0,0,0,0.0,-0.0,-0.0,0,0,0,0,0,0,0,300,300,300,300,1300,0.014,1,True
0.699,0,0,0,0.0,-0.0,-0.0,0,0,0,0,0,0,0,300,300,300,300,1400,0.012,1,True
0.712,0,0,0,0.0,-0.0,-0.0,0,0,0,0,0,0,0,300,300,300,300,1500,0.012,1,True
0.728,0,0,0,0.0,-0.0,-0.0,0,0,0,0,0,0,0,300,300,300,300,1600,0.013,1,True
0.743,0,0,0,0.0,-0.0,-0.0,0,0,0,0,0,0,0,300,300,300,300,1700,0.018,1,True
0.759,0,0,0,0.0,-0.0,-0.0,0,0,0,0,0,0,0,300,300,300,300,1800,0.013,1,True
0.773,0,0,0,0.0,-0.0,-0.0,0,0,0,0,0,0,0,300,300,300,300,1900,0.016,1,True
0.787,0,0,0,0.0,-0.0,-0.0,0,0,0,0,0,0,0,300,300,300,300,2000,0.014,1,True
0.803,0,0,0,0.0,-0.0,-0.0,0,0,0,0,0,0,0,300,300,300,300,2100,0.014,1,True
0.817,0,0,0,0.0,-0.0,-0.0,0,0,0,0,0,0,0,300,300,300,300,2200,0.016,1,True
0.832,0,0,0,0.0,-0.0,-0.0,0,0,0,0,0,0,0,300,300,300,300,2300,0.014,1,True
0.851,0,0,0,0.0,-0.0,-0.0,0,0,0,0,0,0,0,301,300,300,300,2400,0.015,1,True
0.866,0,0,0,0.0,-0.0,0.0,0,0,0,0,0,0,0,300,300,300,300,2500,0.019,1,True
0.88,0,0,0,0.0,-0.0,0.0,0,0,0,0,0,0,0,301,300,300,300,2600,0.015,1,True
0.892,0,0,0,0.0,-0.0,0.0,0,0,0,0,0,0,0,301,300,300,300,2700,0.014,1,True
0.906,0,0,0,0.0,-0.0,0.0,0,0,0,0,0,0,0,301,300,300,300,2800,0.012,1,True
0.922,0,0,0,0.0,-0.0,0.0,0,0,0,0,0,0,0,301,300,300,300,2900,0.014,1,True
0.934,0,0,0,0.0,-0.0,0.0,0,0,0,0,0,0,0,301,300,300,300,3000,0.015,1,True
0.95,0,0,0,0.0,-0.0,0.0,0,0,0,0,0,0,0,301,300,300,300,3100,0.012,1,True
0.96,0,0,0,0.0,-0.0,0.0,0,0,0,0,0,0,0,301,300,300,300,3200,0.016,1,True
0.975,0,0,0,0.0,-0.001,-0.0,0,0,0,0,0,0,0,301,300,300,300,3300,0.013,1,True
0.988,0,0,0,0.0,-0.001,-0.0,0,0,0,0,0,0,0,301,300,300,300,3400,0.012,1,True
1.001,0,0,0,0.0,-0.001,-0.0,0,0,0,0,0,0,0,301,300,300,300,3500,0.013,1,True
1.013,0,0,0,0.0,-0.001,-0.0,0,0,0,0,0,0,0,301,300,300,300,3600,0.013,1,True
1.023,0,0,0,0.0,-0.001,-0.0,0,0,0,0,0,0,0,301,300,300,300,3700,0.012,1,True
1.036,0,0,0,0.0,-0.001,-0.0,0,0,0,0,0,0,0,301,300,300,300,3800,0.01,1,True
1.046,0,0,0,0.0,-0.001,-0.0,0,0,0,0,0,0,0,301,300,300,300,3900,0.013,1,True
1.057,0,0,0,0.0,-0.0,-0.0,0,0,0,0,0,0,0,301,300,300,300,4000,0.011,1,True
1.067,0,0,0,0.0,-0.0,-0.0,0,0,0,0,0,0,0,301,300,300,300,4100,0.01,1,True
1.08,0,0,0,0.0,-0.001,-0.0,0,0,0,0,0,0,0,301,300,300,300,4200,0.011,1,True
1.095,0,0,0,0.0,-0.001,-0.0,0,0,0,0,0,0,0,301,300,300,300,4300,0.013,1,True
1.127,0,0,0,0.0,-0.0,-0.0,0,0,0,0,0,0,0,301,300,300,300,4400,0.016,1,True
1.14,0,0,0,0.0,-0.0,-0.0,0,0,0,0,0,0,0,301,300,300,300,4500,0.032,1,True
1.153,0,0,0,0.0,-0.0,-0.0,0,0,0,0,0,0,0,301,300,300,300,4600,0.013,1,True
1.164,0,0,0,0.0,-0.0,-0.0,0,0,0,0,0,0,0,300,300,300,300,4700,0.013,1,True
1.175,0,0,0,0.0,-0.0,0.0,0,0,0,0,0,0,0,300,300,300,300,4800,0.012,1,True
1.185,0,0,0,0.0,-0.0,0.0,0,0,0,0,0,0,0,300,300,300,300,4900,0.012,1,False
1.195,0,0,0,0.0,-0.0,0.0,0,0,0,0,0,0,0,300,300,300,300,5000,0.009,1,False
1.207,0,0,0,0.0,-0.0,0.0,0,0,0,0,0,0,0,300,300,300,300,5100,0.01,1,False
1.219,0,0,0,0.0,-0.0,0.0,0,0,0,0,0,0,0,300,300,300,300,5200,0.012,1,False
1.23,0,0,0,0.0,-0.0,0.0,0,0,0,0,0,0,0,300,300,300,300,5300,0.012,1,False
1.24,0,0,0,0.0,-0.0,0.0,0,0,0,0,0,0,0,300,300,300,300,5400,0.011,1,False
1.251,0,0,0,0.0,-0.0,0.0,0,0,0,0,0,0,0,300,300,300,300,5500,0.01,1,False
1.269,0,0,0,0.0,-0.0,0.0,0,0,0,0,0,0,0,300,300,300,300,5600,0.01,1,False
1.282,0,0,0,0.0,-0.0,0.0,0,0,0,0,0,0,0,300,300,300,300,5700,0.019,1,False
1.292,0,0,0,0.0,-0.0,0.0,0,0,0,0,0,0,0,300,300,300,300,5800,0.012,1,False
1.302,0,0,0,0.0,-0.0,0.0,0,0,0,0,0,0,0,300,300,300,300,5900,0.011,1,False
1.312,0,0,0,0.0,-0.0,0.0,0,0,0,0,0,0,0,300,300,300,300,6000,0.009,1,False
1.323,0,0,0,0.0,0.0,0.0,0,0,0,0,0,0,0,300,300,300,300,6100,0.01,1,False
1.336,0,0,0,0.0,0.0,0.0,0,0,0,0,0,0,0,300,300,300,300,6200,0.011,1,False
1.347,0,0,0,0.0,0.0,0.0,0,0,0,0,0,0,0,300,300,300,300,6300,0.013,1,False
1.359,0,0,0,0.0,0.0,0.0,0,0,0,0,0,0,0,300,300,300,300,6400,0.011,1,False
1.371,0,0,0,0.0,0.0,0.0,0,0,0,0,0,0,0,300,300,300,300,6500,0.013,1,False
1.383,0,0,0,0.0,0.0,0.0,0,0,0,0,0,0,0,300,300,300,300,6600,0.011,1,False
1.396,0,0,0,0.0,0.0,0.0,0,0,0,0,0,0,0,300,300,300,300,6700,0.013,1,False
1.406,0,0,0,0.0,0.0,0.0,0,0,0,0,0,0,0,300,300,300,300,6800,0.012,1,False
1.419,0,0,0,0.0,0.0,0.0,0,0,0,0,0,0,0,300,300,300,300,6900,0.01,1,False
1.43,0,0,0,0.0,0.0,0.0,0,0,0,0,0,0,0,300,300,300,300,7000,0.013,1,False
1.442,0,0,0,0.0,0.0,0.0,0,0,0,0,0,0,0,300,300,300,300,7100,0.011,1,False
1.453,0,0,0,0.0,0.0,0.0,0,0,0,0,0,0,0,300,300,300,300,7200,0.011,1,False
1.463,0,0,0,0.0,0.0,0.0,0,0,0,0,0,0,0,299,300,300,300,7300,0.012,1,False
1.473,0,0,0,0.0,0.0,0.0,0,0,0,0,0,0,0,300,300,300,300,7400,0.009,1,False
1.486,0,0,0,0.0,0.0,0.0,0,0,0,0,0,0,0,300,300,300,300,7500,0.01,1,False
1.499,0,0,0,0.0,0.0,0.0,0,0,0,0,0,0,0,299,300,300,300,7600,0.013,1,False
1.515,0,0,0,0.0,0.0,0.0,0,0,0,0,0,0,0,299,300,300,300,7700,0.013,1,False
1.526,0,0,0,0.0,0.0,0.0,0,0,0,0,0,0,0,299,300,300,300,7800,0.015,1,False
1.539,0,0,0,0.0,0.0,0.0,0,0,0,0,0,0,0,299,300,300,300,7900,0.011,1,False
1.553,0,0,0,0.0,0.001,0.0,0,0,0,0,0,0,0,299,300,300,300,8000,0.013,1,False
1.566,0,0,0,0.0,0.001,0.0,0,0,0,0,0,0,0,299,300,300,300,8100,0.015,1,False
1.58,0,0,0,0.0,0.001,0.0,0,0,0,0,0,0,0,299,300,300,300,8200,0.012,1,False
1.592,0,0,0,0.0,0.001,0.0,0,0,0,0,0,0,0,299,300,300,300,8300,0.014,1,False
1.603,0,0,0,0.0,0.001,0.0,0,0,0,0,0,0,0,299,300,300,300,8400,0.012,1,False
1.615,0,0,0,0.0,0.001,0.0,0,0,0,0,0,0,0,299,300,300,300,8500,0.011,1,False
1.629,0,0,0,0.0,0.001,0.0,0,0,0,0,0,0,0,299,300,300,300,8600,0.012,1,False
1.663,0,0,0,0.0,0.001,0.0,0,0,0,0,0,0,0,299,300,300,300,8700,0.014,1,False
1.678,0,0,0,0.0,0.001,0.0,0,0,0,0,0,0,0,299,300,300,300,8800,0.034,1,False
1.696,0,0,0,0.0,0.001,0.0,0,0,0,0,0,0,0,299,300,300,300,8900,0.015,1,False
1.711,0,0,0,0.0,0.001,0.0,0,0,0,0,0,0,0,299,300,300,300,9000,0.018,1,False
1.728,0,0,0,0.0,0.001,0.0,0,0,0,0,0,0,0,299,300,300,300,9100,0.014,1,False
1.741,0,0,0,0.0,0.001,0.0,0,0,0,0,0,0,0,299,300,300,300,9200,0.017,1,False
1.755,0,0,0,0.0,0.001,0.0,0,0,0,0,0,0,0,299,300,300,300,9300,0.013,1,False
1.77,0,0,0,0.0,0.001,0.0,0,0,0,0,0,0,0,299,300,300,300,9400,0.014,1,False
1.783,0,0,0,0.0,0.001,0.0,0,0,0,0,0,0,0,299,300,300,300,9500,0.015,1,False
1.801,0,0,0,0.0,0.001,0.0,0,0,0,0,0,0,0,299,300,300,300,9600,0.013,1,False
1.819,0,0,0,0.0,0.001,0.0,0,0,0,0,0,0,0,299,300,300,300,9700,0.02,1,False
1.835,0,0,0,0.0,0.001,0.0,0,0,0,0,0,0,0,299,300,300,300,9800,0.016,1,False
1.85,0,0,0,0.0,0.001,0.0,0,0,0,0,0,0,0,299,300,300,300,9900,0.016,1,False
1.872,0,0,0,0.0,0.001,0.0,0,0,0,0,0,0,0,299,300,300,300,10000,0.016,1,False
1.89,0,0,0,0.0,0.001,0.0,0,0,0,0,0,0,0,299,300,300,300,10100,0.022,1,False
1.905,0,0,0,0.0,0.001,0.0,0,0,0,0,0,0,0,299,300,300,300,10200,0.018,1,False
1.921,0,0,0,0.0,0.001,0.0,0,0,0,0,0,0,0,299,300,300,300,10300,0.015,1,False
1.937,0,0,0,0.0,0.001,0.0,0,0,0,0,0,0,0,299,300,300,300,10400,0.016,1,False
1.953,0,0,0,0.0,0.001,0.0,0,0,0,0,0,0,0,299,300,300,300,10500,0.019,1,False
1.965,0,0,0,0.0,0.001,0.0,0,0,0,0,0,0,0,299,300,300,300,10600,0.014,1,False
1.98,0,0,0,0.0,0.001,0.0,0,0,0,0,0,0,0,299,300,300,300,10700,0.013,1,False
1.996,0,0,0,0.0,0.001,0.0,0,0,0,0,0,0,0,299,300,300,300,10800,0.015,1,False
2.01,0,0,0,0.0,0.001,0.0,0,0,0,0,0,0,0,299,300,300,300,10900,0.015,1,False
2.023,0,0,0,0.0,0.001,0.0,0,0,0,0,0,0,0,299,300,300,300,11000,0.014,1,False
2.035,0,0,0,0.0,0.001,0.0,0,0,0,0,0,0,0,299,300,300,300,11100,0.013,1,False
2.048,0,0,0,0.0,0.001,0.0,0,0,0,0,0,0,0,299,300,300,300,11200,0.012,1,False
2.065,0,0,0,0.0,0.001,0.0,0,0,0,0,0,0,0,299,300,300,300,11300,0.015,1,False
2.081,0,0,0,0.0,0.001,0.0,0,0,0,0,0,0,0,299,300,300,300,11400,0.015,1,False
2.097,0,0,0,0.0,0.001,0.0,0,0,0,0,0,0,0,299,300,300,300,11500,0.016,1,False
2.112,0,0,0,0.0,0.001,0.0,0,0,0,0,0,0,0,299,300,300,300,11600,0.016,1,False
2.13,0,0,0,0.0,0.001,0.0,0,0,0,0,0,0,0,299,300,300,300,11700,0.015,1,False
2.146,0,0,0,0.0,0.001,0.0,0,0,0,0,0,0,0,299,300,300,300,11800,0.018,1,False
2.164,0,0,0,0.0,0.001,0.0,0,0,0,0,0,0,0,299,300,300,300,11900,0.016,1,False
2.182,0,0,0,0.0,0.001,0.0,0,0,0,0,0,0,0,299,300,300,300,12000,0.018,1,False
2.195,0,0,0,0.0,0.001,0.0,0,0,0,0,0,0,0,299,300,300,300,12100,0.019,1,False
2.209,0,0,0,0.0,0.001,0.0,0,0,0,0,0,0,0,299,300,300,300,12200,0.012,1,False
2.222,0,0,0,0.0,0.001,0.0,0,0,0,0,0,0,0,299,300,300,300,12300,0.014,1,False
2.233,0,0,0,0.0,0.001,0.0,0,0,0,0,0,0,0,299,300,300,300,12400,0.013,1,False
2.248,0,0,0,0.0,0.001,0.0,0,0,0,0,0,0,0,299,300,300,300,12500,0.011,1,False
2.266,0,0,0,0.0,0.0,0.0,0,0,0,0,0,0,0,299,300,300,300,12600,0.015,1,False
2.278,0,0,0,0.0,0.0,0.0,0,0,0,0,0,0,0,299,300,300,300,12700,0.018,1,False
2.29,0,0,0,0.0,0.0,0.0,0,0,0,0,0,0,0,299,300,300,300,12800,0.012,1,False
2.301,0,0,0,0.0,0.0,0.0,0,0,0,0,0,0,0,299,300,300,300,12900,0.013,1,False
2.313,0,0,0,0.0,0.0,0.0,0,0,0,0,0,0,0,299,300,300,300,13000,0.01,1,False
2.323,0,0,0,0.0,0.0,0.0,0,0,0,0,0,0,0,299,300,300,300,13100,0.012,1,False
2.338,0,0,0,0.0,0.0,0.0,0,0,0,0,0,0,0,299,300,300,300,13200,0.01,1,False
2.349,0,0,0,0.0,0.0,0.0,0,0,0,0,0,0,0,299,300,300,300,13300,0.015,1,False
2.36,0,0,0,0.0,0.0,0.0,0,0,0,0,0,0,0,299,300,300,300,13400,0.011,1,False
2.371,0,0,0,0.0,0.0,0.0,0,0,0,0,0,0,0,299,300,300,300,13500,0.012,1,False
2.384,0,0,0,0.0,0.0,0.0,0,0,0,0,0,0,0,299,300,300,300,13600,0.011,1,False
2.397,0,0,0,0.0,0.0,-0.0,0,0,0,0,0,0,0,299,300,300,300,13700,0.016,1,False
2.409,0,0,0,0.0,0.0,-0.0,0,0,0,0,0,0,0,299,300,300,300,13800,0.01,1,False
2.422,0,0,0,0.0,0.0,0.0,0,0,0,0,0,0,0,299,300,300,300,13900,0.012,1,False
2.437,0,0,0,0.0,0.0,0.0,0,0,0,0,0,0,0,299,300,300,300,14000,0.013,1,False
2.449,0,0,0,0.0,0.0,0.0,0,0,0,0,0,0,0,299,300,300,300,14100,0.016,1,False
2.468,0,0,0,0.0,0.0,0.0,0,0,0,0,0,0,0,299,300,300,300,14200,0.011,1,False
2.486,0,0,0,0.0,0.0,-0.0,0,0,0,0,0,0,0,299,300,300,300,14300,0.02,1,False
2.501,0,0,0,0.0,0.0,0.0,0,0,0,0,0,0,0,299,300,300,300,14400,0.018,1,False
2.519,0,0,0,0.0,0.0,0.0,0,0,0,0,0,0,0,299,300,300,300,14500,0.017,1,False
2.535,0,0,0,0.0,0.0,0.0,0,0,0,0,0,0,0,299,300,300,300,14600,0.016,1,False
2.55,0,0,0,0.0,0.0,0.0,0,0,0,0,0,0,0,299,300,300,300,14700,0.015,1,False
2.584,0,0,0,0.0,0.0,0.0,0,0,0,0,0,0,0,299,300,300,300,14800,0.015,1,False
2.599,0,0,0,0.0,0.0,0.0,0,0,0,0,0,0,0,299,300,300,300,14900,0.035,1,False
2.615,0,0,0,0.0,0.0,-0.0,0,0,0,0,0,0,0,299,300,300,300,15000,0.015,1,False
2.63,0,0,0,0.0,0.0,-0.0,0,0,0,0,0,0,0,299,300,300,300,15100,0.015,1,False
2.644,0,0,0,0.0,0.0,0.0,0,0,0,0,0,0,0,299,300,300,300,15200,0.015,1,False
2.659,0,0,0,0.0,0.0,0.0,0,0,0,0,0,0,0,299,300,300,300,15300,0.016,1,False
2.673,0,0,0,0.0,0.0,0.0,0,0,0,0,0,0,0,300,300,300,300,15400,0.013,1,False
2.685,0,0,0,0.0,0.0,0.0,0,0,0,0,0,0,0,300,300,300,300,15500,0.014,1,False
2.698,0,0,0,0.0,0.0,0.0,0,0,0,0,0,0,0,300,300,300,300,15600,0.012,1,False
2.712,0,0,0,0.0,0.0,0.0,0,0,0,0,0,0,0,300,300,300,300,15700,0.013,1,False
2.724,0,0,0,0.0,0.0,-0.0,0,0,0,0,0,0,0,300,300,300,300,15800,0.014,1,False
2.737,0,0,0,0.0,0.0,-0.0,0,0,0,0,0,0,0,300,300,300,300,15900,0.012,1,False
2.751,0,0,0,0.0,0.0,-0.0,0,0,0,0,0,0,0,300,300,300,300,16000,0.013,1,False
2.765,0,0,0,0.0,0.0,-0.0,0,0,0,0,0,0,0,300,300,300,300,16100,0.016,1,False
2.776,0,0,0,0.0,0.0,0.0,0,0,0,0,0,0,0,300,300,300,300,16200,0.013,1,False
2.791,0,0,0,0.0,0.0,0.0,0,0,0,0,0,0,0,300,300,300,300,16300,0.011,1,False
2.805,0,0,0,0.0,0.0,-0.0,0,0,0,0,0,0,0,300,300,300,300,16400,0.014,1,False
2.821,0,0,0,0.0,0.0,-0.0,0,0,0,0,0,0,0,300,300,300,300,16500,0.015,1,False
2.838,0,0,0,0.0,0.0,-0.0,0,0,0,0,0,0,0,300,300,300,300,16600,0.015,1,False
2.855,0,0,0,0.0,0.0,-0.0,0,0,0,0,0,0,0,300,300,300,300,16700,0.017,1,False
2.873,0,0,0,0.0,0.0,-0.0,0,0,0,0,0,0,0,300,300,300,300,16800,0.017,1,False
2.891,0,0,0,0.0,0.0,-0.0,0,0,0,0,0,0,0,300,300,300,300,16900,0.019,1,False
2.906,0,0,0,0.0,0.0,-0.0,0,0,0,0,0,0,0,300,300,300,300,17000,0.017,1,False
2.921,0,0,0,0.0,0.0,-0.0,0,0,0,0,0,0,0,300,300,300,300,17100,0.014,1,False
2.937,0,0,0,0.0,0.0,-0.0,0,0,0,0,0,0,0,300,300,300,300,17200,0.015,1,False
2.949,0,0,0,0.0,0.0,-0.0,0,0,0,0,0,0,0,300,300,300,300,17300,0.016,1,False
2.966,0,0,0,0.0,0.0,-0.0,0,0,0,0,0,0,0,300,300,300,300,17400,0.013,1,False
2.978,0,0,0,0.0,0.0,-0.0,0,0,0,0,0,0,0,300,300,300,300,17500,0.016,1,False
2.991,0,0,0,0.0,0.0,-0.0,0,0,0,0,0,0,0,300,300,300,300,17600,0.012,1,False
3.007,0,0,0,0.0,0.0,-0.0,0,0,0,0,0,0,0,300,300,300,300,17700,0.015,1,False
3.022,0,0,0,0.0,0.0,-0.0,0,0,0,0,0,0,0,300,300,300,300,17800,0.014,1,False
3.035,0,0,0,0.0,0.0,-0.0,0,0,0,0,0,0,0,300,300,300,300,17900,0.014,1,False
3.058,0,0,0,0.0,0.0,-0.0,0,0,0,0,0,0,0,300,300,300,300,18000,0.013,1,False
3.076,0,0,0,0.0,0.0,-0.0,0,0,0,0,0,0,0,300,300,300,300,18100,0.023,1,False
3.092,0,0,0,0.0,0.0,-0.0,0,0,0,0,0,0,0,300,300,300,300,18200,0.017,1,False
3.106,0,0,0,0.0,0.0,-0.0,0,0,0,0,0,0,0,300,300,300,300,18300,0.016,1,False
3.119,0,0,0,0.0,0.0,-0.0,0,0,0,0,0,0,0,300,300,300,300,18400,0.014,1,False
3.137,0,0,0,0.0,0.0,-0.0,0,0,0,0,0,0,0,300,300,300,300,18500,0.015,1,False
3.152,0,0,0,0.0,0.0,-0.0,0,0,0,0,0,0,0,300,300,300,300,18600,0.016,1,False
3.164,0,0,0,0.0,0.0,-0.0,0,0,0,0,0,0,0,300,300,300,300,18700,0.015,1,False
3.176,0,0,0,0.0,0.0,-0.0,0,0,0,0,0,0,0,300,300,300,300,18800,0.012,1,False
3.186,0,0,0,0.0,0.0,-0.0,0,0,0,0,0,0,0,300,300,300,300,18900,0.012,1,False
3.199,0,0,0,0.0,0.0,-0.0,0,0,0,0,0,0,0,300,300,300,300,19000,0.011,1,False
3.209,0,0,0,0.0,0.0,-0.0,0,0,0,0,0,0,0,300,300,300,300,19100,0.013,1,False
3.219,0,0,0,0.0,0.0,-0.0,0,0,0,0,0,0,0,300,300,300,300,19200,0.011,1,False
3.23,0,0,0,0.0,0.0,-0.0,0,0,0,0,0,0,0,300,300,300,300,19300,0.011,1,False
3.242,0,0,0,0.0,0.0,-0.0,0,0,0,0,0,0,0,300,300,300,300,19400,0.01,1,False
3.253,0,0,0,0.0,0.0,-0.0,0,0,0,0,0,0,0,300,300,300,300,19500,0.013,1,False
3.264,0,0,0,0.0,0.0,-0.0,0,0,0,0,0,0,0,300,300,300,300,19600,0.011,1,False
3.276,0,0,0,0.0,0.0,-0.0,0,0,0,0,0,0,0,300,300,300,300,19700,0.011,1,False
3.289,0,0,0,0.0,0.0,-0.0,0,0,0,0,0,0,0,300,300,300,300,19800,0.011,1,False
3.298,0,0,0,0.0,0.0,-0.0,0,0,0,0,0,0,0,300,300,300,300,19900,0.013,1,False
3.332,0,0,0,0.0,0.0,-0.0,0,0,0,0,0,0,0,300,300,300,300,20000,0.009,1,False
3.377,0,0,0,0.001,-0.0,-0.0,0,0,0,0,0,0,0,300,300,300,300,20100,0.041,1,False
3.39,0,0,0,0.001,-0.0,-0.0,0,0,0,0,0,0,0,300,300,300,300,20200,0.038,1,False
3.405,0,0,0,0.001,-0.0,-0.0,0,0,0,0,0,0,0,300,300,300,300,20300,0.013,1,False
3.418,0,0,0,0.001,-0.0,-0.0,0,0,0,0,0,0,0,300,300,300,300,20400,0.015,1,False
3.431,0,0,0,0.001,-0.0,-0.0,0,0,0,0,0,0,0,300,300,300,300,20500,0.013,1,False
3.446,0,0,0,0.001,-0.0,-0.0,0,0,0,0,0,0,0,300,300,300,300,20600,0.013,1,False
3.46,0,0,0,0.001,-0.0,-0.0,0,0,0,0,0,0,0,300,301,300,300,20700,0.015,1,False
3.478,0,0,0,0.001,-0.0,-0.0,0,0,0,0,0,0,0,300,300,300,300,20800,0.014,1,False
3.492,0,0,0,0.001,-0.0,-0.0,0,0,0,0,0,0,0,300,300,300,300,20900,0.02,1,True
3.509,0,0,0,0.001,-0.0,-0.0,0,0,0,0,0,0,0,301,300,300,300,21000,0.013,1,True
3.523,0,0,0,0.001,-0.0,-0.0,0,0,0,0,0,0,0,301,300,300,300,21100,0.017,1,True
3.537,0,0,0,0.001,-0.0,-0.0,0,0,0,0,0,0,0,300,300,300,300,21200,0.014,1,True
3.548,0,0,0,0.001,-0.0,-0.0,0,0,0,0,0,0,0,300,300,300,300,21300,0.014,1,True
3.559,0,0,0,0.001,-0.0,-0.0,0,0,0,0,0,0,0,301,300,300,300,21400,0.01,1,True
3.571,0,0,0,0.001,-0.0,-0.0,0,0,0,0,0,0,0,301,300,300,300,21500,0.011,1,True
3.584,0,0,0,0.001,-0.0,-0.0,0,0,0,0,0,0,0,301,300,300,300,21600,0.012,1,True
3.599,0,0,0,0.001,-0.0,-0.0,0,0,0,0,0,0,0,300,300,300,300,21700,0.013,1,True
3.612,0,0,0,0.001,-0.0,-0.0,0,0,0,0,0,0,0,300,300,300,300,21800,0.015,1,True
3.624,0,0,0,0.001,-0.0,-0.0,0,0,0,0,0,0,0,300,300,300,300,21900,0.013,1,True
3.635,0,0,0,0.001,-0.0,-0.0,0,0,0,0,0,0,0,300,300,300,300,22000,0.013,1,True
3.644,0,0,0,0.001,-0.0,-0.0,0,0,0,0,0,0,0,300,300,300,300,22100,0.01,1,True
3.655,0,0,0,0.0,-0.0,-0.0,0,0,0,0,0,0,0,300,300,300,300,22200,0.01,1,True
3.666,0,0,0,0.001,-0.0,-0.0,0,0,0,0,0,0,0,300,300,300,300,22300,0.011,1,True
3.678,0,0,0,0.001,-0.0,-0.0,0,0,0,0,0,0,0,300,300,300,300,22400,0.011,1,True
3.691,0,0,0,0.0,-0.0,-0.0,0,0,0,0,0,0,0,300,300,300,300,22500,0.012,1,True
3.706,0,0,0,0.0,-0.0,-0.0,0,0,0,0,0,0,0,300,300,300,300,22600,0.013,1,True
3.718,0,0,0,0.001,-0.0,-0.0,0,0,0,0,0,0,0,300,300,300,300,22700,0.014,1,True
3.729,0,0,0,0.001,-0.0,-0.0,0,0,0,0,0,0,0,300,300,300,300,22800,0.012,1,True
3.74,0,0,0,0.001,-0.0,-0.0,0,0,0,0,0,0,0,300,300,300,300,22900,0.011,1,True
3.756,0,0,0,0.001,-0.0,-0.0,0,0,0,0,0,0,0,300,300,300,300,23000,0.012,1,True
3.772,0,0,0,0.001,-0.0,-0.0,0,0,0,0,0,0,0,300,300,300,300,23100,0.015,1,True
3.787,0,0,0,0.001,-0.0,-0.0,0,0,0,0,0,0,0,300,300,300,300,23200,0.016,1,True
3.801,0,0,0,0.001,-0.0,-0.0,0,0,0,0,0,0,0,300,300,300,300,23300,0.015,1,True
3.822,0,0,0,0.001,-0.0,-0.0,0,0,0,0,0,0,0,300,300,300,300,23400,0.014,1,True
3.838,0,0,0,0.001,-0.0,-0.0,0,0,0,0,0,0,0,300,300,300,300,23500,0.021,1,True
3.853,0,0,0,0.001,-0.0,-0.0,0,0,0,0,0,0,0,300,300,300,300,23600,0.016,1,True
3.869,0,0,0,0.001,-0.0,-0.0,0,0,0,0,0,0,0,300,300,300,300,23700,0.016,1,True
3.883,0,0,0,0.001,-0.0,-0.0,0,0,0,0,0,0,0,300,300,300,300,23800,0.015,1,True
3.898,0,0,0,0.001,-0.0,-0.0,0,0,0,0,0,0,0,300,300,300,300,23900,0.014,1,True
3.911,0,0,0,0.0,-0.0,-0.0,0,0,0,0,0,0,0,300,300,300,300,24000,0.015,1,True
3.929,0,0,0,0.0,-0.0,-0.0,0,0,0,0,0,0,0,300,300,300,300,24100,0.017,1,True
3.946,0,0,0,0.0,-0.0,-0.0,0,0,0,0,0,0,0,300,300,300,300,24200,0.015,1,True
3.962,0,0,0,0.0,-0.0,-0.0,0,0,0,0,0,0,0,300,300,300,300,24300,0.017,1,True
3.976,0,0,0,0.0,-0.0,-0.0,0,0,0,0,0,0,0,300,300,300,300,24400,0.015,1,True
3.991,0,0,0,0.0,-0.0,-0.0,0,0,0,0,0,0,0,300,300,300,300,24500,0.014,1,True
4.008,0,0,0,0.0,-0.0,-0.0,0,0,0,0,0,0,0,300,300,300,300,24600,0.015,1,True
4.022,0,0,0,0.0,-0.0,-0.0,0,0,0,0,0,0,0,300,300,300,300,24700,0.017,1,True
4.036,0,0,0,0.0,-0.0,-0.0,0,0,0,0,0,0,0,300,300,300,300,24800,0.014,1,True
4.049,0,0,0,0.0,-0.0,-0.0,0,0,0,0,0,0,0,300,300,300,300,24900,0.014,1,True
4.063,0,0,0,0.0,-0.0,-0.0,0,0,0,0,0,0,0,300,300,300,300,25000,0.013,1,True
4.075,0,0,0,0.0,-0.0,-0.0,0,0,0,0,0,0,0,300,300,300,300,25100,0.014,1,True
4.086,0,0,0,0.0,-0.0,-0.0,0,0,0,0,0,0,0,300,300,300,300,25200,0.012,1,True
4.1,0,0,0,0.0,-0.0,-0.0,0,0,0,0,0,0,0,300,300,300,300,25300,0.011,1,True
4.111,0,0,0,0.0,-0.0,-0.0,0,0,0,0,0,0,0,300,300,300,300,25400,0.013,1,True
4.125,0,0,0,0.0,-0.0,-0.0,0,0,0,0,0,0,0,300,300,300,300,25500,0.012,1,True
4.139,0,0,0,0.0,-0.0,-0.0,0,0,0,0,0,0,0,300,300,300,300,25600,0.013,1,True
4.154,0,0,0,0.0,-0.0,-0.0,0,0,0,0,0,0,0,300,300,300,300,25700,0.016,1,False
4.17,0,0,0,0.0,-0.0,-0.0,0,0,0,0,0,0,0,300,300,300,300,25800,0.014,1,False
4.186,0,0,0,0.0,-0.0,-0.0,0,0,0,0,0,0,0,300,300,300,300,25900,0.016,1,False
4.2,0,0,0,0.0,-0.0,-0.0,0,0,0,0,0,0,0,300,300,300,300,26000,0.016,1,False
4.211,0,0,0,0.0,-0.0,-0.0,0,0,0,0,0,0,0,300,300,300,300,26100,0.013,1,False
4.229,0,0,0,0.0,-0.0,-0.0,0,0,0,0,0,0,0,300,300,300,300,26200,0.012,1,False
4.243,0,0,0,0.0,-0.0,-0.0,0,0,0,0,0,0,0,300,300,300,300,26300,0.018,1,False
4.257,0,0,0,0.0,-0.0,-0.0,0,0,0,0,0,0,0,300,300,300,300,26400,0.014,1,False
4.271,0,0,0,0.0,-0.0,-0.0,0,0,0,0,0,0,0,300,300,300,300,26500,0.016,1,False
4.285,0,0,0,0.0,-0.0,-0.0,0,0,0,0,0,0,0,300,300,300,300,26600,0.012,1,False
4.301,0,0,0,0.0,-0.0,-0.0,0,0,0,0,0,0,0,300,300,300,300,26700,0.014,1,False
4.321,0,0,0,0.0,-0.0,-0.0,0,0,0,0,0,0,0,300,300,300,300,26800,0.016,1,False
4.338,0,0,0,0.0,-0.0,-0.0,0,0,0,0,0,0,0,300,300,300,300,26900,0.019,1,False
4.352,0,0,0,0.0,-0.0,-0.0,0,0,0,0,0,0,0,300,300,300,300,27000,0.017,1,False
4.364,0,0,0,0.0,-0.0,-0.0,0,0,0,0,0,0,0,300,300,300,300,27100,0.014,1,False
4.378,0,0,0,0.0,-0.0,-0.0,0,0,0,0,0,0,0,300,300,300,300,27200,0.012,1,False
4.394,0,0,0,0.0,-0.0,-0.0,0,0,0,0,0,0,0,300,300,300,300,27300,0.016,1,False
4.407,0,0,0,0.0,-0.0,-0.0,0,0,0,0,0,0,0,301,300,300,300,27400,0.014,1,False
4.422,0,0,0,0.0,-0.0,-0.0,0,0,0,0,0,0,0,301,300,300,300,27500,0.013,1,False
4.438,0,0,0,0.0,-0.0,-0.0,0,0,0,0,0,0,0,301,300,300,300,27600,0.015,1,False
4.453,0,0,0,0.0,-0.0,-0.0,0,0,0,0,0,0,0,301,300,300,300,27700,0.016,1,False
4.467,0,0,0,0.0,-0.0,-0.0,0,0,0,0,0,0,0,301,300,300,300,27800,0.015,1,False
4.481,0,0,0,0.0,-0.0,-0.0,0,0,0,0,0,0,0,301,300,300,300,27900,0.015,1,False
4.493,0,0,0,0.0,-0.0,-0.0,0,0,0,0,0,0,0,301,300,300,300,28000,0.013,1,False
4.508,0,0,0,0.0,-0.0,-0.0,0,0,0,0,0,0,0,301,300,300,300,28100,0.014,1,False
4.522,0,0,0,0.0,-0.0,-0.0,0,0,0,0,0,0,0,301,300,300,300,28200,0.013,1,False
4.536,0,0,0,0.0,-0.0,-0.0,0,0,0,0,0,0,0,301,300,300,300,28300,0.014,1,False
4.548,0,0,0,0.0,-0.0,-0.0,0,0,0,0,0,0,0,300,300,300,300,28400,0.014,1,False
4.561,0,0,0,0.0,-0.0,-0.0,0,0,0,0,0,0,0,301,300,300,300,28500,0.012,1,False
4.572,0,0,0,0.0,-0.0,-0.0,0,0,0,0,0,0,0,301,300,300,300,28600,0.013,1,False
4.586,0,0,0,0.0,-0.0,-0.0,0,0,0,0,0,0,0,301,300,300,300,28700,0.011,1,False
4.602,0,0,0,0.0,-0.0,-0.0,0,0,0,0,0,0,0,301,300,300,300,28800,0.014,1,False
4.614,0,0,0,0.0,-0.0,-0.0,0,0,0,0,0,0,0,301,300,300,300,28900,0.017,1,False
4.626,0,0,0,0.0,-0.0,-0.0,0,0,0,0,0,0,0,300,300,300,300,29000,0.011,1,False
4.636,0,0,0,0.0,-0.0,-0.0,0,0,0,0,0,0,0,301,300,300,300,29100,0.012,1,False
4.649,0,0,0,0.0,-0.0,-0.0,0,0,0,0,0,0,0,301,300,300,300,29200,0.01,1,False
4.66,0,0,0,0.0,-0.0,-0.0,0,0,0,0,0,0,0,301,300,300,300,29300,0.012,1,False
4.671,0,0,0,0.0,-0.0,-0.0,0,0,0,0,0,0,0,300,300,300,300,29400,0.011,1,False
4.685,0,0,0,0.0,-0.0,-0.0,0,0,0,0,0,0,0,300,300,300,300,29500,0.011,1,False
4.697,0,0,0,0.0,-0.0,-0.0,0,0,0,0,0,0,0,300,300,300,300,29600,0.014,1,False
4.71,0,0,0,0.0,-0.0,-0.0,0,0,0,0,0,0,0,300,300,300,300,29700,0.013,1,False
4.721,0,0,0,0.0,-0.0,-0.0,0,0,0,0,0,0,0,300,300,300,300,29800,0.012,1,False
4.729,0,0,0,0.0,-0.0,-0.0,0,0,0,0,0,0,0,300,300,300,300,29900,0.011,1,False
4.742,0,0,0,0.0,-0.0,-0.0,0,0,0,0,0,0,0,300,300,300,300,30000,0.008,1,False
4.756,0,0,0,0.0,-0.0,-0.0,0,0,0,0,0,0,0,300,300,300,300,30100,0.013,1,False
4.771,0,0,0,0.0,-0.0,-0.0,0,0,0,0,0,0,0,300,300,300,300,30200,0.014,1,False
4.784,0,0,0,0.0,-0.0,-0.0,0,0,0,0,0,0,0,300,300,300,300,30300,0.014,1,False
4.798,0,0,0,0.0,-0.0,-0.0,0,0,0,0,0,0,0,300,300,300,300,30400,0.014,1,False
4.813,0,0,0,0.0,-0.0,-0.0,0,0,0,0,0,0,0,300,300,300,300,30500,0.015,1,False
4.827,0,0,0,0.0,-0.0,-0.0,0,0,0,0,0,0,0,300,300,300,300,30600,0.013,1,False
4.842,0,0,0,0.0,-0.0,-0.0,0,0,0,0,0,0,0,300,300,300,300,30700,0.014,1,False
4.857,0,0,0,0.0,-0.0,-0.0,0,0,0,0,0,0,0,300,300,300,300,30800,0.015,1,False
4.871,0,0,0,0.0,-0.0,-0.0,0,0,0,0,0,0,0,300,300,300,300,30900,0.015,1,False
4.884,0,0,0,0.0,-0.0,-0.0,0,0,0,0,0,0,0,300,300,300,300,31000,0.014,1,False
4.898,0,0,0,0.0,-0.0,-0.0,0,0,0,0,0,0,0,300,300,300,300,31100,0.013,1,False
4.91,0,0,0,0.0,-0.0,-0.0,0,0,0,0,0,0,0,300,300,300,300,31200,0.014,1,False
4.921,0,0,0,0.0,-0.0,-0.0,0,0,0,0,0,0,0,300,300,300,300,31300,0.013,1,False
4.931,0,0,0,0.0,-0.0,-0.0,0,0,0,0,0,0,0,300,300,300,300,31400,0.01,1,False
4.942,0,0,0,0.0,-0.0,-0.0,0,0,0,0,0,0,0,300,300,300,300,31500,0.01,1,False
4.955,0,0,0,0.0,-0.0,-0.0,0,0,0,0,0,0,0,300,300,300,300,31600,0.011,1,False
4.969,0,0,0,0.0,-0.0,-0.0,0,0,0,0,0,0,0,300,300,300,300,31700,0.013,1,False
4.981,0,0,0,0.0,-0.0,-0.0,0,0,0,0,0,0,0,300,300,300,300,31800,0.014,1,False
4.995,0,0,0,0.0,-0.0,-0.0,0,0,0,0,0,0,0,300,300,300,300,31900,0.012,1,False
5.009,0,0,0,0.0,-0.0,-0.0,0,0,0,0,0,0,0,300,300,300,300,32000,0.014,1,False
5.025,0,0,0,0.0,-0.0,-0.0,0,0,0,0,0,0,0,300,300,300,300,32100,0.015,1,False
5.04,0,0,0,0.0,-0.0,-0.0,0,0,0,0,0,0,0,300,300,300,300,32200,0.016,1,False
5.055,0,0,0,0.0,-0.0,-0.0,0,0,0,0,0,0,0,300,300,300,300,32300,0.015,1,False
5.068,0,0,0,0.0,-0.0,-0.0,0,0,0,0,0,0,0,300,300,300,300,32400,0.015,1,False
5.08,0,0,0,0.0,-0.0,-0.0,0,0,0,0,0,0,0,300,300,300,300,32500,0.013,1,False
5.092,0,0,0,0.0,-0.0,-0.0,0,0,0,0,0,0,0,300,300,300,300,32600,0.012,1,False
5.106,0,0,0,0.0,-0.0,-0.0,0,0,0,0,0,0,0,300,300,300,300,32700,0.012,1,False
5.119,0,0,0,0.0,-0.0,-0.0,0,0,0,0,0,0,0,300,300,300,300,32800,0.013,1,False
5.134,0,0,0,0.0,-0.0,-0.0,0,0,0,0,0,0,0,300,300,300,300,32900,0.014,1,False
5.148,0,0,0,0.0,-0.0,-0.0,0,0,0,0,0,0,0,300,300,300,300,33000,0.014,1,False
5.164,0,0,0,0.0,-0.0,-0.0,0,0,0,0,0,0,0,300,300,300,300,33100,0.014,1,False
5.178,0,0,0,0.0,0.0,-0.0,0,0,0,0,0,0,0,300,300,300,300,33200,0.015,1,False
5.191,0,0,0,0.0,-0.0,-0.0,0,0,0,0,0,0,0,300,300,300,300,33300,0.014,1,False
5.204,0,0,0,0.0,-0.0,-0.0,0,0,0,0,0,0,0,300,300,300,300,33400,0.013,1,False
5.22,0,0,0,0.0,-0.0,-0.0,0,0,0,0,0,0,0,300,300,300,300,33500,0.013,1,False
5.235,0,0,0,0.0,-0.0,-0.0,0,0,0,0,0,0,0,300,300,300,300,33600,0.017,1,False
5.253,0,0,0,0.0,-0.0,-0.0,0,0,0,0,0,0,0,300,300,300,300,33700,0.017,1,False
5.266,0,0,0,0.0,-0.0,-0.0,0,0,0,0,0,0,0,300,300,300,300,33800,0.015,1,False
5.282,0,0,0,0.0,-0.0,-0.0,0,0,0,0,0,0,0,300,300,300,300,33900,0.014,1,False
5.295,0,0,0,0.0,-0.0,-0.0,0,0,0,0,0,0,0,300,300,300,300,34000,0.015,1,False
5.309,0,0,0,0.0,-0.0,-0.0,0,0,0,0,0,0,0,300,300,300,300,34100,0.014,1,False
5.325,0,0,0,0.0,-0.0,-0.0,0,0,0,0,0,0,0,300,300,300,300,34200,0.013,1,False
5.341,0,0,0,0.0,-0.0,-0.0,0,0,0,0,0,0,0,300,300,300,300,34300,0.016,1,False
5.356,0,0,0,0.0,-0.0,-0.0,0,0,0,0,0,0,0,300,300,300,300,34400,0.016,1,False
5.371,0,0,0,0.0,-0.0,-0.0,0,0,0,0,0,0,0,300,300,300,300,34500,0.017,1,False
5.387,0,0,0,0.0,-0.0,-0.0,0,0,0,0,0,0,0,300,300,300,300,34600,0.014,1,False
5.4,0,0,0,0.0,-0.0,-0.0,0,0,0,0,0,0,0,300,300,300,300,34700,0.016,1,False
5.417,0,0,0,0.0,-0.0,-0.0,0,0,0,0,0,0,0,300,300,300,300,34800,0.013,1,False
5.437,0,0,0,0.0,-0.0,-0.0,0,0,0,0,0,0,0,300,300,300,300,34900,0.017,1,False
5.45,0,0,0,0.0,-0.0,-0.0,0,0,0,0,0,0,0,300,300,300,300,35000,0.02,1,False
5.465,0,0,0,0.0,-0.0,-0.0,0,0,0,0,0,0,0,300,300,300,300,35100,0.013,1,False
5.478,0,0,0,0.0,-0.0,-0.0,0,0,0,0,0,0,0,300,300,300,300,35200,0.014,1,False
5.504,0,0,0,0.0,-0.0,-0.0,0,0,0,0,0,0,0,300,300,300,300,35300,0.014,1,False
5.516,0,0,0,0.0,-0.0,-0.0,0,0,0,0,0,0,0,300,300,300,300,35400,0.025,1,False
5.528,0,0,0,0.001,-0.0,-0.0,0,0,0,0,0,0,0,300,300,300,300,35500,0.012,1,False
5.538,0,0,0,0.001,-0.0,-0.0,0,0,0,0,0,0,0,300,300,300,300,35600,0.012,1,False
5.55,0,0,0,0.001,-0.0,-0.0,0,0,0,0,0,0,0,300,300,300,300,35700,0.01,1,False
5.561,0,0,0,0.001,-0.0,-0.0,0,0,0,0,0,0,0,300,300,300,300,35800,0.012,1,False
5.574,0,0,0,0.001,-0.0,-0.0,0,0,0,0,0,0,0,300,300,300,300,35900,0.011,1,False
5.587,0,0,0,0.001,-0.0,-0.0,0,0,0,0,0,0,0,300,300,300,300,36000,0.013,1,False
5.597,0,0,0,0.0,-0.0,-0.0,0,0,0,0,0,0,0,300,300,300,300,36100,0.014,1,False
5.61,0,0,0,0.0,-0.0,-0.0,0,0,0,0,0,0,0,300,300,300,300,36200,0.01,1,False
5.621,0,0,0,0.0,0.0,-0.0,0,0,0,0,0,0,0,300,300,300,300,36300,0.012,1,False
5.633,0,0,0,0.001,0.0,-0.0,0,0,0,0,0,0,0,300,300,300,300,36400,0.011,1,False
5.643,0,0,0,0.001,0.0,-0.0,0,0,0,0,0,0,0,300,300,300,300,36500,0.012,1,False
5.655,0,0,0,0.001,0.0,-0.0,0,0,0,0,0,0,0,300,300,300,300,36600,0.01,1,False
5.666,0,0,0,0.001,0.0,-0.0,0,0,0,0,0,0,0,300,300,300,300,36700,0.012,1,False
5.677,0,0,0,0.001,0.0,-0.0,0,0,0,0,0,0,0,300,300,300,300,36800,0.011,1,False
5.689,0,0,0,0.001,0.0,-0.0,0,0,0,0,0,0,0,300,300,300,300,36900,0.012,1,False
5.703,0,0,0,0.001,0.0,-0.0,0,0,0,0,0,0,0,300,300,300,300,37000,0.012,1,False
5.719,0,0,0,0.001,0.0,-0.0,0,0,0,0,0,0,0,300,300,300,300,37100,0.014,1,False
5.732,0,0,0,0.001,0.0,-0.0,0,0,0,0,0,0,0,300,300,300,300,37200,0.015,1,False
5.745,0,0,0,0.001,0.0,0.0,0,0,0,0,0,0,0,300,300,300,300,37300,0.013,1,False
5.759,0,0,0,0.001,0.0,0.0,0,0,0,0,0,0,0,300,300,300,300,37400,0.013,1,False
5.774,0,0,0,0.001,0.0,0.0,0,0,0,0,0,0,0,299,300,300,300,37500,0.015,1,False
5.788,0,0,0,0.001,0.0,0.0,0,0,0,0,0,0,0,299,300,300,300,37600,0.014,1,False
5.805,0,0,0,0.001,0.0,0.0,0,0,0,0,0,0,0,299,300,300,300,37700,0.015,1,False
5.826,0,0,0,0.001,0.0,-0.0,0,0,0,0,0,0,0,299,300,300,300,37800,0.017,1,False
5.838,0,0,0,0.001,0.0,0.0,0,0,0,0,0,0,0,299,300,300,300,37900,0.021,1,False
5.851,0,0,0,0.001,0.0,0.0,0,0,0,0,0,0,0,299,300,300,300,38000,0.012,1,False
5.866,0,0,0,0.001,0.0,0.0,0,0,0,0,0,0,0,300,300,300,300,38100,0.013,1,False
5.88,0,0,0,0.001,0.0,0.0,0,0,0,0,0,0,0,300,300,300,300,38200,0.015,1,False
5.894,0,0,0,0.001,0.0,0.0,0,0,0,0,0,0,0,300,300,300,300,38300,0.014,1,False
5.907,0,0,0,0.001,0.0,0.0,0,0,0,0,0,0,0,300,300,300,300,38400,0.014,1,False
5.924,0,0,0,0.001,0.0,0.0,0,0,0,0,0,0,0,300,300,300,300,38500,0.014,1,False
5.944,0,0,0,0.001,0.0,0.0,0,0,0,0,0,0,0,300,300,300,300,38600,0.016,1,False
5.958,0,0,0,0.001,0.0,0.0,0,0,0,0,0,0,0,300,300,300,300,38700,0.02,1,False
5.972,0,0,0,0.001,0.0,0.0,0,0,0,0,0,0,0,300,300,300,300,38800,0.015,1,False
5.988,0,0,0,0.001,0.0,0.0,0,0,0,0,0,0,0,300,300,300,300,38900,0.013,1,False
6.001,0,0,0,0.001,0.0,-0.0,0,0,0,0,0,0,0,300,300,300,300,39000,0.016,1,False
6.016,0,0,0,0.001,0.0,-0.0,0,0,0,0,0,0,0,300,300,300,300,39100,0.012,1,False
6.031,0,0,0,0.001,0.0,-0.0,0,0,0,0,0,0,0,300,300,300,300,39200,0.015,1,False
6.046,0,0,0,0.001,0.0,-0.0,0,0,0,0,0,0,0,300,300,300,300,39300,0.016,1,False
6.057,0,0,0,0.001,0.0,-0.0,0,0,0,0,0,0,0,299,300,300,300,39400,0.014,1,False
6.068,0,0,0,0.001,0.0,-0.0,0,0,0,0,0,0,0,300,300,300,300,39500,0.011,1,False
6.083,0,0,0,0.001,0.0,-0.0,0,0,0,0,0,0,0,300,300,300,300,39600,0.011,1,False
6.097,0,0,0,0.001,0.0,-0.0,0,0,0,0,0,0,0,300,300,300,300,39700,0.015,1,False
6.111,0,0,0,0.001,0.0,-0.0,0,0,0,0,0,0,0,300,300,300,300,39800,0.013,1,False
6.126,0,0,0,0.001,0.0,-0.0,0,0,0,0,0,0,0,300,300,300,300,39900,0.014,1,False
6.138,0,0,0,0.001,0.0,-0.0,0,0,0,0,0,0,0,300,300,300,300,40000,0.016,1,False
6.152,0,0,0,0.001,0.0,-0.0,0,0,0,0,0,0,0,300,300,300,300,40100,0.013,1,False
6.164,0,0,0,0.001,0.0,-0.0,0,0,0,0,0,0,0,300,300,300,300,40200,0.013,1,False
6.178,0,0,0,0.001,0.0,-0.0,0,0,0,0,0,0,0,300,300,300,300,40300,0.012,1,False
6.192,0,0,0,0.001,0.0,-0.0,0,0,0,0,0,0,0,300,300,300,300,40400,0.014,1,False
6.207,0,0,0,0.001,0.0,-0.0,0,0,0,0,0,0,0,300,300,300,300,40500,0.014,1,False
6.221,0,0,0,0.001,0.0,-0.0,0,0,0,0,0,0,0,300,300,300,300,40600,0.015,1,False
6.255,0,0,0,0.001,0.0,-0.0,0,0,0,0,0,0,0,300,300,300,300,40700,0.014,1,False
6.27,0,0,0,0.001,0.0,-0.0,0,0,0,0,0,0,0,300,300,300,300,40800,0.034,1,False
6.287,0,0,0,0.001,-0.001,-0.0,0,0,0,0,0,0,0,301,300,300,300,40900,0.017,1,False
6.302,0,0,0,0.001,-0.001,-0.0,0,0,0,0,0,0,0,301,300,300,300,41000,0.014,1,False
6.317,0,0,0,0.001,-0.001,-0.0,0,0,0,0,0,0,0,301,300,300,300,41100,0.015,1,False
6.329,0,0,0,0.001,-0.001,-0.0,0,0,0,0,0,0,0,301,300,300,300,41200,0.015,1,False
6.343,0,0,0,0.001,-0.001,-0.0,0,0,0,0,0,0,0,301,300,300,300,41300,0.012,1,False
6.358,0,0,0,0.001,-0.0,-0.0,0,0,0,0,0,0,0,301,300,300,300,41400,0.014,1,False
6.375,0,0,0,0.001,-0.0,-0.0,0,0,0,0,0,0,0,301,300,300,300,41500,0.015,1,False
6.393,0,0,0,0.001,-0.0,-0.0,0,0,0,0,0,0,0,301,300,300,300,41600,0.017,1,False
6.405,0,0,0,0.001,-0.0,-0.0,0,0,0,0,0,0,0,301,300,300,300,41700,0.018,1,True
6.419,0,0,0,0.001,-0.0,-0.0,0,0,0,0,0,0,0,301,300,300,300,41800,0.011,1,True
6.438,0,0,0,0.001,-0.0,-0.0,0,0,0,0,0,0,0,301,300,300,300,41900,0.013,1,True
6.457,0,0,0,0.001,-0.0,-0.0,0,0,0,0,0,0,0,301,300,300,300,42000,0.019,1,True
6.473,0,0,0,0.001,-0.0,-0.0,0,0,0,0,0,0,0,301,300,300,300,42100,0.02,1,True
6.49,0,0,0,0.001,-0.0,-0.0,0,0,0,0,0,0,0,301,300,300,300,42200,0.015,1,True
6.503,0,0,0,0.001,-0.0,-0.0,0,0,0,0,0,0,0,301,300,300,300,42300,0.017,1,True
6.518,0,0,0,0.001,-0.0,-0.0,0,0,0,0,0,0,0,301,300,300,300,42400,0.013,1,True
6.532,0,0,0,0.001,-0.0,-0.0,0,0,0,0,0,0,0,301,300,300,300,42500,0.015,1,True
6.547,0,0,0,0.001,-0.0,-0.0,0,0,0,0,0,0,0,301,300,300,300,42600,0.015,1,True
6.561,0,0,0,0.001,-0.0,-0.0,0,0,0,0,0,0,0,301,300,300,300,42700,0.015,1,True
6.574,0,0,0,0.001,-0.0,-0.0,0,0,0,0,0,0,0,301,300,300,300,42800,0.014,1,True
6.588,0,0,0,0.001,-0.0,-0.0,0,0,0,0,0,0,0,301,300,300,300,42900,0.013,1,True
6.601,0,0,0,0.001,-0.0,-0.0,0,0,0,0,0,0,0,301,300,300,300,43000,0.014,1,True
6.616,0,0,0,0.001,-0.0,-0.0,0,0,0,0,0,0,0,301,300,300,300,43100,0.013,1,True
6.631,0,0,0,0.001,-0.0,-0.0,0,0,0,0,0,0,0,301,300,300,300,43200,0.015,1,True
6.644,0,0,0,0.001,-0.0,-0.0,0,0,0,0,0,0,0,301,300,300,300,43300,0.016,1,True
6.655,0,0,0,0.001,-0.0,-0.0,0,0,0,0,0,0,0,301,300,300,300,43400,0.012,1,True
6.666,0,0,0,0.001,-0.0,-0.0,0,0,0,0,0,0,0,301,300,300,300,43500,0.011,1,True
6.676,0,0,0,0.001,-0.0,-0.0,0,0,0,0,0,0,0,301,300,300,300,43600,0.011,1,True
6.685,0,0,0,0.001,-0.0,-0.0,0,0,0,0,0,0,0,301,300,300,300,43700,0.01,1,True
6.697,0,0,0,0.001,-0.0,-0.0,0,0,0,0,0,0,0,301,300,300,300,43800,0.008,1,True
6.709,0,0,0,0.001,-0.0,-0.0,0,0,0,0,0,0,0,301,300,300,300,43900,0.012,1,True
6.721,0,0,0,0.001,-0.0,-0.0,0,0,0,0,0,0,0,301,300,300,300,44000,0.012,1,True
6.736,0,0,0,0.001,-0.0,-0.0,0,0,0,0,0,0,0,301,300,300,300,44100,0.012,1,True
6.751,0,0,0,0.001,-0.0,-0.0,0,0,0,0,0,0,0,300,300,300,300,44200,0.015,1,True
6.763,0,0,0,0.001,-0.0,-0.0,0,0,0,0,0,0,0,301,300,300,300,44300,0.015,1,True
6.776,0,0,0,0.001,-0.0,-0.0,0,0,0,0,0,0,0,301,300,300,300,44400,0.012,1,True
6.79,0,0,0,0.001,-0.0,-0.0,0,0,0,0,0,0,0,301,300,300,300,44500,0.013,1,True
6.806,0,0,0,0.001,-0.0,-0.0,0,0,0,0,0,0,0,301,300,300,300,44600,0.014,1,True
6.82,0,0,0,0.001,-0.0,-0.0,0,0,0,0,0,0,0,301,300,300,300,44700,0.016,1,True
6.831,0,0,0,0.001,-0.0,-0.0,0,0,0,0,0,0,0,301,300,300,300,44800,0.013,1,True
6.845,0,0,0,0.001,-0.0,-0.0,0,0,0,0,0,0,0,301,300,300,300,44900,0.013,1,True
6.858,0,0,0,0.001,-0.0,-0.0,0,0,0,0,0,0,0,301,300,300,300,45000,0.012,1,True
6.87,0,0,0,0.001,-0.0,-0.0,0,0,0,0,0,0,0,301,300,300,300,45100,0.013,1,True
6.882,0,0,0,0.001,-0.0,-0.0,0,0,0,0,0,0,0,301,300,300,300,45200,0.012,1,True
6.894,0,0,0,0.001,-0.0,-0.0,0,0,0,0,0,0,0,301,300,300,300,45300,0.012,1,True
6.908,0,0,0,0.001,-0.0,-0.0,0,0,0,0,0,0,0,301,300,300,300,45400,0.012,1,True
6.922,0,0,0,0.001,-0.0,-0.0,0,0,0,0,0,0,0,301,300,300,300,45500,0.014,1,True
6.938,0,0,0,0.001,-0.0,-0.0,0,0,0,0,0,0,0,301,300,300,300,45600,0.014,1,True
6.952,0,0,0,0.001,-0.0,-0.0,0,0,0,0,0,0,0,301,300,300,300,45700,0.016,1,True
6.966,0,0,0,0.001,-0.0,-0.0,0,0,0,0,0,0,0,301,300,300,300,45800,0.014,1,True
6.981,0,0,0,0.001,-0.0,-0.0,0,0,0,0,0,0,0,301,300,300,300,45900,0.014,1,True
6.998,0,0,0,0.001,-0.0,-0.0,0,0,0,0,0,0,0,301,300,300,300,46000,0.015,1,True
7.01,0,0,0,0.001,-0.0,-0.0,0,0,0,0,0,0,0,301,300,300,300,46100,0.016,1,True
7.023,0,0,0,0.001,-0.0,-0.0,0,0,0,0,0,0,0,301,300,300,300,46200,0.013,1,True
7.038,0,0,0,0.001,-0.0,-0.0,0,0,0,0,0,0,0,301,300,300,300,46300,0.012,1,True
7.053,0,0,0,0.001,-0.0,-0.0,0,0,0,0,0,0,0,301,300,300,300,46400,0.015,1,True
