Time,Teacher-x,Teacher-y,Teacher-z,Student-x,Student-y,Student-z,Difference-x,Difference-y,Difference-z,Teacher Intensity,Student Intensity,Angle Teacher,Angle Student,Ball-x,Ball-y,Target-x,Target-y,Target Number,Score,Target Duration,Training Mode,Is Testing Boolean
0.035,-0.0,0.0,0.001,-0.0,0.0,0.0,0.0,-0.0,-0.001,0,0,0,0,300,300,300,300,0,0,0,2,True
0.066,-0.001,0.0,0.001,0.0,0.0,0.0,0.001,0.0,-0.001,0,0,0,0,300,299,300,300,0,0,0,2,True
0.094,-0.001,0.0,0.001,0.0,0.0,0.0,0.001,0.0,-0.001,0,0,0,0,300,299,300,300,0,0,0,2,True
0.112,0.0,0.0,0.0,-0.0,-0.0,0.0,-0.0,0.0,-0.0,0,0,0,0,300,299,300,300,0,0,0,2,True
0.129,-0.0,0.0,0.0,-0.0,-0.0,0.0,0.0,0.0,-0.0,0,0,0,0,300,300,300,300,0,0,0,2,True
0.152,-0.0,0.0,0.001,-0.0,-0.0,0.0,0.0,-0.0,-0.001,0,0,0,0,300,300,300,300,0,0,0,2,True
0.174,-0.0,0.0,0.001,-0.0,-0.0,0.0,0.0,0.0,-0.001,0,0,0,0,300,300,300,300,0,0,0,2,True
0.192,-0.0,0.0,0.001,-0.0,-0.0,0.0,0.0,0.0,-0.001,0,0,0,0,300,300,300,300,0,0,0,2,True
0.222,-0.001,0.0,0.001,-0.0,-0.0,0.0,0.0,0.0,-0.001,0,0,0,0,300,300,300,300,0,0,0,2,True
0.238,-0.0,0.0,0.0,-0.0,-0.0,0.0,0.0,0.0,-0.0,0,0,0,0,300,299,300,300,0,0,0,2,True
0.257,-0.001,0.0,0.0,0.0,0.0,0.0,0.001,0.0,-0.0,0,0,0,0,300,299,300,300,0,0,0,2,True
0.275,-0.001,0.0,0.0,0.0,-0.0,0.0,0.001,0.0,-0.0,0,0,0,0,300,300,300,300,0,0,0,2,True
0.292,-0.001,0.0,0.0,0.0,-0.0,0.0,0.001,0.0,-0.0,0,0,0,0,300,299,300,300,0,0,0,2,True
0.32,-0.001,0.0,-0.0,0.0,-0.0,0.001,0.001,0.001,0.0,0,0,0,0,300,299,300,300,0,0,0,2,True
0.34,-0.001,0.0,-0.0,-0.0,-0.0,0.0,0.001,0.0,0.0,0,0,0,0,300,299,300,300,0,0,0,2,True
0.361,-0.001,-0.0,-0.0,-0.0,0.0,0.001,0.0,0.001,0.0,0,0,0,0,300,299,300,300,0,0,0,2,True
0.381,-0.0,-0.0,0.0,-0.0,-0.0,0.0,0.0,0.001,-0.0,0,0,0,0,300,299,300,300,0,0,0,2,True
0.401,-0.0,-0.0,0.0,-0.001,-0.0,0.0,-0.001,0.0,-0.001,0,0,0,0,301,299,300,300,0,0,0,2,True
0.424,-0.001,-0.0,0.0,-0.001,-0.0,0.0,-0.0,0.0,-0.0,0,0,0,0,300,299,300,300,0,0,0,2,True
0.446,-0.001,0.0,0.0,-0.001,-0.0,0.001,0.0,0.001,-0.0,0,0,0,0,300,299,300,300,0,0,0,2,True
0.465,-0.001,0.0,-0.0,-0.0,-0.0,0.001,0.0,0.001,-0.0,0,0,0,0,300,299,300,300,0,0,0,2,True
0.485,-0.0,-0.0,0.0,-0.0,0.0,0.001,0.0,0.001,-0.0,0,0,0,0,300,299,300,300,0,0,0,2,True
0.506,0.0,-0.0,0.0,-0.0,-0.0,0.001,-0.0,0.001,-0.0,0,0,0,0,300,299,300,300,0,0,0,2,True
0.528,0.0,-0.0,0.0,-0.0,0.0,0.001,-0.0,0.001,-0.0,0,0,0,0,300,299,300,300,0,0,0,2,True
0.551,-0.0,-0.0,0.001,-0.0,-0.0,0.001,0.0,0.001,-0.001,0,0,0,0,300,299,300,300,0,100,0.528,2,True
0.576,-0.0,-0.0,0.0,0.0,-0.0,0.001,0.0,0.001,-0.0,0,0,0,0,300,299,300,300,0,200,0.023,2,True
0.598,-0.0,0.0,0.0,-0.0,0.0,0.0,0.0,0.0,-0.0,0,0,0,0,300,299,300,300,0,300,0.025,2,True
0.627,-0.0,0.0,0.001,0.0,0.0,0.0,0.001,0.0,-0.001,0,0,0,0,300,299,300,300,0,400,0.023,2,True
0.654,-0.001,0.0,0.001,0.0,0.0,0.0,0.001,0.0,-0.0,0,0,0,0,300,299,300,300,0,500,0.028,2,True
0.677,-0.0,0.0,0.0,0.0,0.0,0.0,0.001,0.0,-0.0,0,0,0,0,300,300,300,300,0,600,0.027,2,True
0.701,-0.0,0.0,0.0,-0.0,0.0,0.0,-0.0,0.0,0.0,0,0,0,0,300,300,300,300,0,700,0.023,2,True
0.725,-0.0,0.0,0.0,-0.0,0.0,0.0,0.0,0.0,-0.0,0,0,0,0,300,300,300,300,0,800,0.024,2,True
0.752,-0.0,0.0,0.0,0.0,0.0,0.0,0.0,0.0,0.0,0,0,0,0,300,299,300,300,0,900,0.024,2,True
0.773,-0.0,0.0,0.0,0.0,0.0,0.0,0.0,0.0,-0.0,0,0,0,0,300,299,300,300,0,1000,0.027,2,True
0.796,-0.0,0.0,0.0,0.0,0.0,0.001,0.0,0.0,-0.0,0,0,0,0,300,299,300,300,0,1100,0.022,2,True
0.821,-0.0,0.0,0.0,-0.0,0.0,0.0,0.0,0.0,-0.0,0,0,0,0,300,299,300,300,0,1200,0.022,2,True
0.873,-0.001,0.0,0.0,-0.0,0.0,0.0,0.0,0.0,-0.0,0,0,0,0,300,299,300,300,0,1300,0.025,2,True
0.895,-0.0,0.0,0.0,-0.0,-0.0,0.0,-0.0,0.0,-0.0,0,0,0,0,300,299,300,300,0,1400,0.052,2,True
0.917,-0.0,0.0,0.0,-0.0,-0.0,0.0,-0.0,0.0,-0.0,0,0,0,0,300,300,300,300,0,1500,0.022,2,True
0.944,-0.0,0.0,0.0,-0.0,-0.0,0.0,0.0,-0.0,-0.001,0,0,0,0,300,300,300,300,0,1600,0.021,2,True
0.967,-0.001,0.0,0.0,-0.0,-0.0,0.0,0.0,-0.0,-0.001,0,0,0,0,300,300,300,300,0,1700,0.029,2,True
0.991,-0.001,0.0,0.001,-0.0,-0.0,0.0,0.0,0.0,-0.001,0,0,0,0,300,300,300,300,0,1800,0.022,2,True
1.015,-0.001,0.0,0.0,-0.0,-0.0,0.0,0.001,0.0,-0.0,0,0,0,0,300,300,300,300,0,1900,0.024,2,True
1.042,-0.0,0.0,0.0,-0.0,-0.0,0.0,0.0,0.0,-0.001,0,0,0,0,300,300,300,300,0,2000,0.024,2,True
1.066,-0.0,0.0,0.0,0.0,-0.0,0.0,0.001,0.0,-0.0,0,0,0,0,300,300,300,300,0,2100,0.027,2,True
1.123,-0.0,0.0,0.0,0.0,-0.0,0.0,0.0,-0.0,-0.001,0,0,0,0,300,300,300,300,0,2200,0.024,2,True
1.142,-0.0,0.0,-0.001,0.0,-0.0,0.0,0.001,0.0,0.0,0,0,0,0,300,300,300,300,0,2300,0.057,2,True
1.165,-0.001,0.0,-0.0,0.0,-0.0,0.0,0.001,0.0,0.0,0,0,0,0,301,300,300,300,0,2400,0.019,2,True
1.196,-0.0,-0.0,-0.0,0.0,-0.0,0.0,0.001,0.0,0.0,0,0,0,0,300,300,300,300,0,2500,0.024,2,True
1.22,-0.0,-0.0,-0.0,0.001,-0.0,0.0,0.001,0.0,-0.0,0,0,0,0,300,300,300,300,0,2600,0.03,2,True
1.24,-0.0,-0.0,0.0,0.001,-0.0,0.0,0.001,0.0,-0.0,0,0,0,0,300,300,300,300,0,2700,0.024,2,True
1.263,-0.0,-0.0,0.0,0.0,-0.0,0.0,0.001,0.0,-0.0,0,0,0,0,300,300,300,300,0,2800,0.02,2,True
1.284,-0.0,0.0,0.0,0.001,-0.0,0.0,0.001,0.0,-0.001,0,0,0,0,300,299,300,300,0,2900,0.022,2,True
1.312,-0.001,0.0,0.0,-0.001,-0.001,0.0,-0.0,-0.0,-0.001,0,0,0,0,301,300,300,300,0,3000,0.021,2,True
1.334,-0.001,0.0,0.0,-0.001,-0.001,0.0,-0.0,0.0,-0.001,0,0,0,0,301,300,300,300,0,3100,0.028,2,True
1.358,-0.0,0.0,0.0,-0.002,-0.001,-0.0,-0.002,-0.0,-0.001,0,0,0,0,302,300,300,300,0,3200,0.022,2,True
1.38,-0.0,0.0,0.0,-0.002,-0.001,0.0,-0.001,-0.0,-0.001,0,0,0,0,302,300,300,300,0,3300,0.025,2,True
1.427,-0.0,0.0,-0.0,-0.001,-0.001,0.0,-0.001,-0.0,-0.001,0,0,0,0,301,300,300,300,0,3400,0.022,2,True
1.449,-0.0,-0.0,0.0,-0.001,-0.001,0.0,-0.001,0.0,-0.001,0,0,0,0,301,300,300,300,0,3500,0.047,2,True
1.493,-0.0,-0.0,0.0,-0.0,-0.0,0.0,-0.0,0.0,-0.0,0,0,0,0,301,299,300,300,0,3600,0.022,2,True
1.517,-0.0,-0.0,-0.0,-0.0,-0.0,0.0,0.0,0.0,-0.0,0,0,0,0,300,300,300,300,0,3700,0.044,2,True
1.541,-0.0,-0.0,0.0,0.0,-0.0,0.0,0.0,0.0,-0.001,0,0,0,0,301,300,300,300,0,3800,0.024,2,True
1.564,-0.0,-0.0,0.0,0.0,-0.0,0.0,0.0,0.0,-0.0,0,0,0,0,300,300,300,300,0,3900,0.024,2,True
1.592,-0.0,-0.0,0.0,0.0,-0.0,0.0,0.0,0.0,-0.0,0,0,0,0,300,299,300,300,0,4000,0.023,2,True
1.613,-0.001,-0.0,0.001,0.0,-0.0,0.0,0.001,0.0,-0.001,0,0,0,0,300,300,300,300,0,4100,0.027,2,True
1.635,-0.0,-0.0,0.0,0.0,-0.0,0.0,0.0,0.0,-0.001,0,0,0,0,300,300,300,300,0,4200,0.021,2,True
1.659,-0.0,-0.0,0.001,-0.0,-0.0,0.0,0.0,0.0,-0.001,0,0,0,0,300,299,300,300,0,4300,0.022,2,True
1.683,-0.001,-0.0,0.0,-0.0,-0.0,0.0,0.0,0.0,-0.001,0,0,0,0,301,299,300,300,0,4400,0.024,2,True
1.706,-0.0,-0.0,0.0,-0.0,-0.0,0.0,-0.0,0.001,-0.0,0,0,0,0,300,299,300,300,0,4500,0.024,2,True
1.729,-0.0,-0.0,-0.0,-0.0,-0.0,0.001,0.0,0.001,0.0,0,0,0,0,300,299,300,300,0,4600,0.023,2,True
1.751,-0.0,-0.0,0.0,-0.001,-0.0,0.001,-0.0,0.001,-0.0,0,0,0,0,300,299,300,300,0,4700,0.024,2,True
1.778,-0.001,-0.0,0.0,-0.0,-0.0,0.001,0.001,0.001,-0.0,0,0,0,0,300,299,300,300,0,4800,0.022,2,True
1.853,-0.0,0.0,-0.0,-0.0,-0.0,-0.0,-0.0,-0.0,-0.0,0,0,0,0,300,300,300,300,0,4900,0.034,2,False
1.877,-0.001,0.0,0.0,0.0,-0.0,-0.0,0.001,-0.0,-0.0,0,0,0,0,300,300,300,300,0,5000,0.068,2,False
1.904,-0.001,-0.0,0.0,0.0,-0.0,-0.0,0.001,-0.0,-0.0,0,0,0,0,300,300,300,300,0,5100,0.024,2,False
1.931,-0.001,-0.0,0.0,-0.0,-0.0,-0.0,0.001,-0.0,-0.0,0,0,0,0,300,300,300,300,0,5200,0.026,2,False
1.963,-0.001,-0.0,-0.0,-0.0,-0.0,-0.0,0.001,-0.0,0.0,0,0,0,0,301,300,300,300,0,5300,0.027,2,False
1.996,-0.001,-0.0,-0.0,0.0,-0.0,-0.0,0.001,-0.0,0.0,0,0,0,0,300,300,300,300,0,5400,0.032,2,False
2.024,-0.001,-0.0,-0.0,0.0,-0.0,-0.0,0.001,-0.0,-0.0,0,0,0,0,300,300,300,300,0,5500,0.033,2,False
2.05,-0.0,0.0,-0.0,-0.0,-0.0,-0.0,0.0,-0.0,-0.0,0,0,0,0,300,300,300,300,0,5600,0.028,2,False
2.071,-0.001,0.0,0.0,-0.0,-0.0,-0.001,0.001,-0.001,-0.001,0,0,0,0,300,300,300,300,0,5700,0.028,2,False
2.095,-0.001,0.001,0.0,0.0,-0.0,-0.001,0.001,-0.001,-0.001,0,0,0,0,299,300,300,300,0,5800,0.02,2,False
2.116,-0.001,0.001,0.0,0.001,-0.0,-0.001,0.001,-0.001,-0.001,0,0,0,0,299,300,300,300,0,5900,0.024,2,False
2.139,-0.001,0.001,0.0,0.001,-0.0,-0.001,0.001,-0.001,-0.001,0,0,0,0,299,300,300,300,0,6000,0.021,2,False
2.162,-0.001,0.001,0.0,0.0,-0.0,-0.0,0.001,-0.0,-0.001,0,0,0,0,299,300,300,300,0,6100,0.023,2,False
2.184,-0.0,0.0,-0.0,0.001,0.0,-0.0,0.001,-0.0,-0.0,0,0,0,0,300,300,300,300,0,6200,0.023,2,False
2.207,-0.0,0.0,0.0,0.0,-0.0,-0.0,0.001,-0.0,-0.0,0,0,0,0,299,300,300,300,0,6300,0.022,2,False
2.231,-0.0,-0.001,-0.0,0.0,-0.0,0.0,0.0,0.0,0.0,0,0,0,0,301,300,300,300,0,6400,0.024,2,False
2.252,-0.0,-0.0,-0.0,0.0,-0.0,0.0,0.0,0.0,0.0,0,0,0,0,301,300,300,300,0,6500,0.025,2,False
2.276,-0.0,-0.0,-0.0,0.0,0.0,0.0,0.0,0.0,0.0,0,0,0,0,300,300,300,300,0,6600,0.02,2,False
2.297,-0.0,0.0,0.0,0.0,0.0,0.0,0.001,0.0,0.0,0,0,0,0,300,300,300,300,0,6700,0.024,2,False
2.321,-0.0,0.0,-0.0,0.0,0.0,0.0,0.0,0.0,0.0,0,0,0,0,300,300,300,300,0,6800,0.02,2,False
2.347,-0.0,0.0,-0.0,-0.0,0.0,0.0,-0.0,0.0,-0.0,0,0,0,0,300,300,300,300,0,6900,0.024,2,False
2.374,-0.0,0.001,0.0,-0.0,0.0,0.0,0.0,0.0,-0.0,0,0,0,0,299,300,300,300,0,7000,0.026,2,False
2.4,-0.001,0.0,0.0,0.0,0.0,0.0,0.001,0.0,-0.0,0,0,0,0,300,300,300,300,0,7100,0.027,2,False
2.421,-0.0,-0.0,-0.0,0.0,0.0,0.0,0.001,0.0,0.001,0,0,0,0,300,300,300,300,0,7200,0.026,2,False
2.444,-0.001,-0.0,-0.0,-0.0,0.0,0.0,0.0,0.0,0.0,0,0,0,0,300,300,300,300,0,7300,0.022,2,False
2.475,-0.001,-0.0,0.0,-0.0,0.0,0.0,0.0,0.0,0.0,0,0,0,0,300,300,300,300,0,7400,0.022,2,False
2.499,-0.001,-0.0,-0.0,-0.0,0.0,0.0,0.001,0.0,0.0,0,0,0,0,300,300,300,300,0,7500,0.031,2,False
2.52,-0.001,0.0,-0.0,-0.0,0.0,0.0,0.0,0.0,-0.0,0,0,0,0,300,300,300,300,0,7600,0.024,2,False
2.544,-0.001,0.0,-0.0,-0.0,-0.0,0.0,0.0,0.0,-0.0,0,0,0,0,300,300,300,300,0,7700,0.021,2,False
2.566,-0.0,0.0,-0.0,-0.0,-0.0,0.0,0.0,0.0,-0.0,0,0,0,0,300,300,300,300,0,7800,0.023,2,False
2.588,-0.0,0.0,0.0,-0.0,-0.0,-0.0,0.0,-0.0,-0.001,0,0,0,0,300,300,300,300,0,7900,0.022,2,False
2.611,-0.001,0.0,0.0,-0.0,-0.0,0.0,0.0,-0.0,-0.001,0,0,0,0,299,300,300,300,0,8000,0.022,2,False
2.634,-0.0,0.0,0.0,0.0,-0.0,0.0,0.001,0.0,-0.0,0,0,0,0,299,300,300,300,0,8100,0.025,2,False
2.66,-0.001,0.0,0.0,-0.001,-0.001,-0.001,-0.001,-0.001,-0.001,0,0,0,0,300,300,300,300,0,8200,0.022,2,False
2.681,-0.001,0.001,0.0,-0.001,-0.001,-0.001,-0.0,-0.001,-0.001,0,0,0,0,299,300,300,300,0,8300,0.026,2,False
2.703,-0.0,0.0,0.0,-0.001,-0.0,-0.0,-0.0,-0.0,-0.001,0,0,0,0,300,300,300,300,0,8400,0.021,2,False
2.729,-0.001,0.0,0.0,-0.001,-0.0,-0.0,-0.0,-0.0,-0.001,0,0,0,0,300,300,300,300,0,8500,0.022,2,False
2.757,-0.001,0.0,0.0,-0.001,0.0,0.0,-0.0,0.0,0.0,0,0,0,0,300,300,300,300,0,8600,0.026,2,False
2.779,-0.001,-0.0,0.0,-0.001,0.0,0.0,0.0,0.0,0.0,0,0,0,0,300,300,300,300,0,8700,0.028,2,False
2.802,-0.001,-0.0,0.0,-0.001,-0.0,0.0,-0.0,0.0,0.0,0,0,0,0,300,300,300,300,0,8800,0.022,2,False
2.83,-0.001,-0.0,-0.0,-0.001,0.0,0.0,-0.0,0.0,0.0,0,0,0,0,300,300,300,300,0,8900,0.025,2,False
2.854,-0.0,-0.0,-0.0,-0.0,0.0,0.0,-0.0,0.0,0.0,0,0,0,0,300,300,300,300,0,9000,0.025,2,False
2.879,-0.0,0.0,-0.0,-0.0,0.0,0.0,-0.0,0.0,0.0,0,0,0,0,300,300,300,300,0,9100,0.025,2,False
2.904,-0.0,0.001,-0.0,-0.001,0.0,0.0,-0.0,0.001,-0.0,0,0,0,0,299,300,300,300,0,9200,0.025,2,False
2.928,-0.001,0.0,-0.0,-0.0,0.0,0.0,0.0,0.0,-0.0,0,0,0,0,299,300,300,300,0,9300,0.025,2,False
2.952,-0.0,0.001,-0.0,-0.0,0.0,0.0,0.0,0.0,-0.0,0,0,0,0,299,300,300,300,0,9400,0.024,2,False
2.975,-0.0,0.001,0.0,-0.0,-0.0,-0.0,0.0,-0.0,-0.001,0,0,0,0,299,300,300,300,0,9500,0.024,2,False
2.997,-0.001,0.001,0.0,-0.0,-0.0,0.0,0.0,-0.0,-0.001,0,0,0,0,300,300,300,300,0,9600,0.022,2,False
3.02,-0.001,0.0,0.0,0.0,0.0,0.0,0.001,0.0,-0.0,0,0,0,0,300,300,300,300,0,9700,0.024,2,False
3.044,-0.001,0.0,0.0,0.0,0.0,0.0,0.001,0.0,-0.0,0,0,0,0,299,300,300,300,0,9800,0.021,2,False
3.067,-0.001,0.001,0.0,0.0,0.0,-0.0,0.001,-0.0,-0.001,0,0,0,0,299,300,300,300,0,9900,0.024,2,False
3.09,-0.001,0.0,0.0,-0.0,0.0,-0.0,0.001,-0.0,-0.0,0,0,0,0,300,300,300,300,0,10000,0.023,2,False
3.112,-0.001,0.0,-0.0,-0.0,0.0,-0.0,0.001,-0.0,-0.0,0,0,0,0,299,300,300,300,0,10100,0.023,2,False
3.136,-0.001,0.001,0.0,0.0,0.0,-0.0,0.001,-0.0,-0.0,0,0,0,0,299,300,300,300,0,10200,0.023,2,False
3.167,-0.001,0.001,0.0,0.0,0.0,-0.0,0.001,-0.0,-0.0,0,0,0,0,299,300,300,300,0,10300,0.024,2,False
3.19,-0.001,0.001,0.0,-0.0,0.0,0.0,0.0,-0.0,-0.0,0,0,0,0,299,300,300,300,0,10400,0.031,2,False
3.214,-0.0,0.0,0.0,-0.0,0.0,0.0,0.0,0.0,-0.0,0,0,0,0,300,300,300,300,0,10500,0.024,2,False
3.237,-0.0,0.0,0.0,0.0,0.0,-0.0,0.001,-0.0,-0.0,0,0,0,0,300,300,300,300,0,10600,0.022,2,False
3.285,-0.001,0.001,0.0,0.0,-0.0,-0.0,0.001,-0.0,-0.001,0,0,0,0,300,300,300,300,0,10700,0.024,2,False
3.313,-0.001,0.001,0.0,-0.0,-0.0,-0.0,0.0,-0.0,-0.001,0,0,0,0,299,300,300,300,0,10800,0.047,2,False
3.338,-0.0,0.001,0.0,-0.0,0.0,0.0,-0.0,0.0,-0.001,0,0,0,0,299,300,300,300,0,10900,0.029,2,False
3.369,-0.0,0.0,-0.0,0.0,0.0,0.0,0.0,0.0,-0.0,0,0,0,0,300,300,300,300,0,11000,0.025,2,False
3.394,-0.001,0.0,0.0,0.0,0.0,0.0,0.001,0.0,-0.0,0,0,0,0,300,300,300,300,0,11100,0.031,2,False
3.422,-0.001,0.0,0.0,0.0,-0.0,-0.0,0.001,-0.0,-0.0,0,0,0,0,300,300,300,300,0,11200,0.025,2,False
3.449,-0.0,0.0,0.0,-0.0,-0.0,0.0,0.0,0.0,-0.0,0,0,0,0,300,300,300,300,0,11300,0.029,2,False
3.472,-0.001,0.001,0.0,0.0,0.0,-0.0,0.001,-0.0,-0.001,0,0,0,0,299,300,300,300,0,11400,0.026,2,False
3.494,-0.001,0.001,0.0,0.0,-0.0,-0.0,0.001,-0.0,-0.001,0,0,0,0,300,300,300,300,0,11500,0.023,2,False
3.515,-0.001,0.0,0.0,0.0,-0.0,-0.0,0.001,-0.0,-0.0,0,0,0,0,300,300,300,300,0,11600,0.023,2,False
3.537,-0.001,0.0,0.0,0.0,-0.0,-0.0,0.001,-0.0,-0.001,0,0,0,0,300,300,300,300,0,11700,0.021,2,False
3.56,-0.0,-0.0,0.0,0.0,0.0,0.0,0.001,-0.0,0.0,0,0,0,0,300,300,300,300,0,11800,0.022,2,False
3.583,-0.0,-0.0,-0.0,0.0,0.0,0.0,0.0,0.0,0.0,0,0,0,0,300,300,300,300,0,11900,0.023,2,False
3.608,-0.0,0.0,-0.0,0.0,0.0,0.0,0.0,0.0,0.0,0,0,0,0,300,300,300,300,0,12000,0.023,2,False
3.64,-0.0,0.0,-0.0,0.0,-0.0,-0.0,0.0,0.0,-0.0,0,0,0,0,300,300,300,300,0,12100,0.027,2,False
3.665,-0.0,0.0,-0.0,-0.0,0.0,-0.0,-0.0,0.0,-0.0,0,0,0,0,300,300,300,300,0,12200,0.03,2,False
3.688,-0.0,0.0,-0.0,0.0,0.0,0.0,0.0,0.0,0.0,0,0,0,0,300,300,300,300,0,12300,0.025,2,False
3.715,-0.001,0.0,0.0,-0.0,-0.0,-0.0,0.0,-0.0,-0.0,0,0,0,0,300,300,300,300,0,12400,0.022,2,False
3.736,-0.0,0.0,-0.0,-0.0,0.0,-0.0,-0.0,0.0,-0.0,0,0,0,0,300,300,300,300,0,12500,0.027,2,False
3.76,0.0,0.0,-0.0,-0.001,-0.0,-0.0,-0.001,-0.0,-0.001,0,0,0,0,300,300,300,300,0,12600,0.021,2,False
3.784,0.0,0.0,-0.0,-0.001,-0.0,-0.0,-0.001,0.0,-0.001,0,0,0,0,300,300,300,300,0,12700,0.024,2,False
3.81,-0.0,0.001,-0.0,-0.001,-0.0,0.0,-0.001,0.0,-0.001,0,0,0,0,300,300,300,300,0,12800,0.024,2,False
3.837,-0.0,0.001,-0.0,-0.0,-0.0,-0.0,-0.0,-0.0,-0.001,0,0,0,0,300,300,300,300,0,12900,0.027,2,False
3.861,-0.0,0.0,-0.0,-0.0,-0.0,-0.0,0.0,-0.0,-0.0,0,0,0,0,300,300,300,300,0,13000,0.026,2,False
3.887,-0.0,0.0,-0.0,-0.001,-0.0,-0.0,-0.0,-0.0,-0.001,0,0,0,0,300,300,300,300,0,13100,0.024,2,False
3.91,-0.001,0.0,0.0,-0.0,-0.0,-0.001,0.0,-0.001,-0.001,0,0,0,0,300,300,300,300,0,13200,0.025,2,False
3.933,-0.001,0.0,0.0,-0.0,-0.0,-0.001,0.001,-0.001,-0.001,0,0,0,0,300,301,300,300,0,13300,0.023,2,False
3.955,-0.001,0.0,0.0,-0.0,-0.001,-0.001,0.001,-0.001,-0.001,0,0,0,0,300,301,300,300,0,13400,0.023,2,False
3.976,-0.0,-0.0,-0.0,-0.0,-0.001,-0.001,-0.0,-0.0,-0.0,0,0,0,0,301,301,300,300,0,13500,0.022,2,False
3.999,-0.0,-0.0,-0.0,-0.0,-0.0,-0.001,0.0,-0.0,-0.0,0,0,0,0,300,301,300,300,0,13600,0.021,2,False
4.021,-0.0,0.0,-0.0,-0.0,-0.0,-0.0,0.0,-0.0,-0.0,0,0,0,0,300,301,300,300,0,13700,0.025,2,False
4.046,-0.001,0.0,-0.0,-0.0,-0.0,-0.0,0.0,-0.0,-0.001,0,0,0,0,300,300,300,300,0,13800,0.02,2,False
4.067,-0.0,0.0,-0.0,0.0,-0.0,-0.0,0.0,-0.0,-0.0,0,0,0,0,300,300,300,300,0,13900,0.025,2,False
4.092,-0.0,0.0,-0.0,0.0,-0.0,-0.0,0.0,0.0,-0.0,0,0,0,0,300,300,300,300,0,14000,0.021,2,False
4.116,-0.0,0.001,-0.0,0.0,-0.0,-0.0,0.0,0.0,-0.001,0,0,0,0,300,300,300,300,0,14100,0.025,2,False
4.141,-0.0,0.0,-0.0,-0.0,-0.0,-0.0,0.0,-0.0,-0.001,0,0,0,0,300,300,300,300,0,14200,0.024,2,False
4.162,-0.0,0.0,-0.0,-0.001,-0.0,-0.0,-0.001,-0.0,-0.001,0,0,0,0,300,300,300,300,0,14300,0.025,2,False
4.184,-0.0,0.0,0.0,-0.001,-0.0,-0.001,-0.0,-0.001,-0.001,0,0,0,0,300,300,300,300,0,14400,0.021,2,False
4.21,-0.0,0.001,0.0,-0.001,-0.0,-0.0,-0.0,-0.0,-0.001,0,0,0,0,300,300,300,300,0,14500,0.024,2,False
4.23,-0.0,0.0,0.0,-0.0,-0.0,-0.0,-0.0,-0.0,-0.0,0,0,0,0,300,300,300,300,0,14600,0.025,2,False
4.255,-0.0,0.0,-0.0,-0.0,-0.0,-0.0,-0.0,-0.0,-0.001,0,0,0,0,300,300,300,300,0,14700,0.02,2,False
4.282,-0.0,-0.0,0.0,-0.0,-0.0,-0.0,-0.0,-0.0,-0.0,0,0,0,0,300,300,300,300,0,14800,0.025,2,False
4.326,0.0,0.0,-0.0,-0.0,-0.0,-0.0,-0.001,-0.0,-0.0,0,0,0,0,300,300,300,300,0,14900,0.027,2,False
4.354,0.0,0.0,-0.0,-0.0,-0.0,-0.0,-0.0,-0.0,-0.0,0,0,0,0,300,300,300,300,0,15000,0.044,2,False
4.38,0.0,0.001,-0.0,-0.0,-0.0,-0.0,-0.0,-0.0,-0.001,0,0,0,0,300,300,300,300,0,15100,0.027,2,False
4.404,0.0,0.0,-0.0,-0.0,-0.0,-0.0,-0.001,-0.0,-0.0,0,0,0,0,300,300,300,300,0,15200,0.027,2,False
4.432,-0.0,-0.0,-0.0,-0.0,0.0,-0.0,0.0,-0.0,0.0,0,0,0,0,300,300,300,300,0,15300,0.025,2,False
4.457,-0.0,-0.0,-0.0,-0.0,-0.0,-0.0,-0.0,-0.0,0.0,0,0,0,0,300,300,300,300,0,15400,0.027,2,False
4.48,-0.0,0.0,-0.0,0.0,0.0,-0.0,0.0,-0.0,-0.0,0,0,0,0,300,300,300,300,0,15500,0.025,2,False
4.51,-0.0,0.0,-0.0,0.0,-0.0,-0.0,0.001,-0.0,-0.0,0,0,0,0,300,300,300,300,0,15600,0.023,2,False
4.532,-0.0,0.0,-0.0,0.001,-0.0,-0.0,0.001,-0.0,-0.0,0,0,0,0,300,300,300,300,0,15700,0.03,2,False
4.564,-0.0,0.0,-0.0,0.001,-0.0,0.0,0.001,0.0,-0.0,0,0,0,0,300,300,300,300,0,15800,0.022,2,False
4.59,0.0,0.0,-0.0,0.001,-0.0,-0.0,0.0,0.0,-0.0,0,0,0,0,300,300,300,300,0,15900,0.032,2,False
4.614,0.0,0.0,-0.0,0.0,-0.0,0.0,0.0,0.0,-0.0,0,0,0,0,300,300,300,300,0,16000,0.026,2,False
4.636,0.0,0.0,-0.0,0.0,0.0,0.0,0.0,0.0,-0.0,0,0,0,0,300,300,300,300,0,16100,0.025,2,False
4.664,0.0,0.0,-0.0,0.0,0.0,0.0,0.0,0.001,-0.0,0,0,0,0,300,300,300,300,0,16200,0.021,2,False
4.693,0.0,0.0,-0.0,0.001,0.0,0.0,0.001,0.0,-0.0,0,0,0,0,300,300,300,300,0,16300,0.028,2,False
4.717,-0.0,0.0,-0.0,0.001,-0.0,0.0,0.001,0.0,-0.0,0,0,0,0,300,300,300,300,0,16400,0.029,2,False
4.738,-0.0,0.0,-0.0,0.001,-0.0,0.0,0.001,0.0,-0.0,0,0,0,0,300,300,300,300,0,16500,0.024,2,False
4.763,0.0,-0.0,-0.0,-0.001,-0.001,-0.0,-0.002,0.0,-0.0,0,0,0,0,301,300,300,300,0,16600,0.021,2,False
4.787,0.0,0.0,-0.0,-0.001,-0.0,0.0,-0.001,0.0,-0.001,0,0,0,0,300,300,300,300,0,16700,0.025,2,False
4.811,0.0,0.0,-0.0,-0.001,-0.001,-0.0,-0.001,0.0,-0.001,0,0,0,0,300,300,300,300,0,16800,0.024,2,False
4.838,0.0,0.0,-0.0,-0.001,-0.0,0.0,-0.001,0.0,-0.001,0,0,0,0,300,300,300,300,0,16900,0.025,2,False
4.861,-0.0,0.001,-0.0,-0.0,-0.0,0.0,-0.0,0.0,-0.001,0,0,0,0,300,300,300,300,0,17000,0.026,2,False
4.883,-0.0,0.001,-0.0,-0.0,-0.0,-0.0,0.0,-0.0,-0.001,0,0,0,0,300,300,300,300,0,17100,0.023,2,False
4.908,-0.0,0.0,-0.0,0.0,-0.0,-0.0,0.0,0.0,-0.001,0,0,0,0,300,300,300,300,0,17200,0.022,2,False
4.955,0.0,0.0,-0.0,-0.0,-0.0,-0.0,-0.0,0.0,-0.0,0,0,0,0,300,300,300,300,0,17300,0.025,2,False
4.981,-0.0,0.0,-0.0,0.0,-0.0,-0.0,0.0,0.0,-0.001,0,0,0,0,300,300,300,300,0,17400,0.048,2,False
5.003,-0.0,0.0,-0.0,0.0,-0.0,-0.0,0.0,-0.0,-0.001,0,0,0,0,300,300,300,300,0,17500,0.026,2,False
5.027,-0.0,0.0,-0.0,-0.0,-0.0,-0.0,0.0,-0.0,-0.001,0,0,0,0,301,301,300,300,0,17600,0.022,2,False
5.053,-0.0,-0.0,-0.0,0.0,-0.0,-0.0,0.0,-0.0,-0.0,0,0,0,0,301,300,300,300,0,17700,0.027,2,False
5.08,-0.0,-0.0,-0.0,0.0,-0.0,-0.0,0.0,-0.0,-0.0,0,0,0,0,301,301,300,300,0,17800,0.024,2,False
5.11,-0.0,-0.0,-0.0,0.0,-0.0,-0.0,0.001,-0.0,-0.0,0,0,0,0,301,300,300,300,0,17900,0.026,2,False
5.132,-0.0,0.0,0.0,0.0,-0.0,-0.0,0.001,-0.0,-0.001,0,0,0,0,300,300,300,300,0,18000,0.03,2,False
5.154,-0.0,0.0,-0.0,0.0,-0.0,-0.0,0.0,0.0,-0.0,0,0,0,0,300,300,300,300,0,18100,0.022,2,False
5.181,-0.0,0.0,-0.0,0.0,-0.0,-0.0,0.001,-0.0,-0.001,0,0,0,0,300,300,300,300,0,18200,0.022,2,False
5.203,-0.0,0.0,-0.0,-0.0,-0.0,-0.0,-0.0,-0.0,-0.001,0,0,0,0,301,300,300,300,0,18300,0.027,2,False
5.229,-0.001,0.0,0.0,-0.001,-0.0,-0.0,0.0,-0.0,-0.001,0,0,0,0,300,300,300,300,0,18400,0.022,2,False
5.256,-0.0,0.0,-0.0,-0.0,-0.0,-0.0,0.0,-0.0,-0.001,0,0,0,0,300,300,300,300,0,18500,0.029,2,False
5.28,-0.0,0.001,-0.0,-0.0,-0.0,-0.0,-0.0,0.0,-0.001,0,0,0,0,300,300,300,300,0,18600,0.024,2,False
5.301,-0.0,0.001,-0.0,0.0,-0.0,-0.0,0.0,0.0,-0.001,0,0,0,0,300,300,300,300,0,18700,0.024,2,False
5.328,0.0,0.0,-0.0,0.0,-0.0,-0.0,-0.0,-0.0,-0.0,0,0,0,0,300,300,300,300,0,18800,0.021,2,False
5.354,-0.0,0.0,-0.0,-0.001,-0.0,-0.0,-0.001,-0.0,-0.001,0,0,0,0,300,300,300,300,0,18900,0.027,2,False
5.378,0.0,0.0,-0.0,-0.001,-0.0,-0.0,-0.001,-0.0,-0.001,0,0,0,0,300,300,300,300,0,19000,0.027,2,False
5.4,0.0,0.001,-0.0,-0.0,-0.0,-0.0,-0.001,0.0,-0.001,0,0,0,0,300,300,300,300,0,19100,0.023,2,False
5.424,0.0,0.0,-0.0,-0.0,-0.0,-0.0,-0.0,-0.0,-0.001,0,0,0,0,300,300,300,300,0,19200,0.022,2,False
5.446,0.0,0.0,-0.0,-0.0,-0.0,-0.0,-0.0,-0.0,-0.0,0,0,0,0,300,300,300,300,0,19300,0.026,2,False
5.47,-0.0,0.0,-0.0,-0.0,0.0,-0.0,0.0,-0.0,-0.0,0,0,0,0,300,300,300,300,0,19400,0.02,2,False
5.495,0.0,0.001,-0.0,0.0,0.0,-0.0,0.0,0.0,-0.001,0,0,0,0,300,300,300,300,0,19500,0.023,2,False
5.516,-0.0,0.001,-0.0,0.0,0.0,-0.0,0.0,-0.0,-0.0,0,0,0,0,300,300,300,300,0,19600,0.025,2,False
5.536,0.0,0.001,-0.0,-0.001,-0.0,-0.0,-0.001,-0.0,-0.001,0,0,0,0,300,300,300,300,0,19700,0.02,2,False
5.561,0.0,0.001,-0.0,-0.001,-0.0,-0.0,-0.001,-0.0,-0.001,0,0,0,0,300,300,300,300,0,19800,0.021,2,False
5.584,0.0,0.0,-0.0,-0.0,-0.0,-0.0,-0.0,-0.0,-0.001,0,0,0,0,300,300,300,300,0,19900,0.025,2,False
5.61,0.0,0.001,-0.0,-0.0,-0.0,-0.0,-0.0,-0.0,-0.001,0,0,0,0,300,300,300,300,0,20000,0.023,2,False
5.632,-0.0,0.001,-0.0,0.0,-0.0,-0.0,0.0,-0.0,-0.001,0,0,0,0,300,300,300,300,0,20100,0.028,2,False
5.656,-0.0,0.001,-0.0,0.0,0.0,-0.0,0.001,-0.0,-0.001,0,0,0,0,300,300,300,300,0,20200,0.02,2,False
5.683,-0.0,0.001,-0.0,-0.0,0.0,0.0,0.0,0.0,-0.001,0,0,0,0,300,300,300,300,0,20300,0.024,2,False
5.705,-0.001,0.001,0.0,-0.0,0.0,-0.0,0.0,-0.0,-0.001,0,0,0,0,300,300,300,300,0,20400,0.028,2,False
5.729,-0.001,0.001,-0.0,-0.0,-0.0,-0.0,0.0,-0.0,-0.001,0,0,0,0,300,300,300,300,0,20500,0.022,2,False
5.752,-0.001,0.001,0.0,0.0,-0.0,-0.0,0.001,-0.0,-0.001,0,0,0,0,300,300,300,300,0,20600,0.024,2,False
5.773,-0.0,0.001,-0.0,-0.001,-0.0,-0.0,-0.0,-0.0,-0.001,0,0,0,0,300,300,300,300,0,20700,0.023,2,False
5.818,-0.001,0.001,0.0,-0.001,-0.001,-0.001,-0.001,-0.001,-0.002,0,0,0,0,301,301,300,300,0,20800,0.021,2,False
5.852,0.0,-0.0,0.001,0.0,-0.001,-0.0,-0.0,-0.0,-0.001,0,0,0,0,301,300,300,300,0,20900,0.052,2,True
5.88,-0.0,-0.0,0.0,0.0,-0.001,-0.0,0.0,-0.0,-0.001,0,0,0,0,301,300,300,300,0,21000,0.027,2,True
5.905,0.0,-0.0,0.0,0.0,-0.001,-0.0,0.0,-0.0,-0.001,0,0,0,0,301,301,300,300,0,21100,0.028,2,True
5.928,0.0,-0.0,0.001,0.0,-0.001,-0.0,0.0,0.0,-0.001,0,0,0,0,301,300,300,300,0,21200,0.024,2,True
5.955,0.0,-0.0,0.001,-0.0,-0.0,0.0,-0.0,0.0,-0.001,0,0,0,0,301,300,300,300,0,21300,0.024,2,True
5.984,-0.0,-0.0,0.001,0.0,-0.001,-0.0,0.0,0.0,-0.001,0,0,0,0,301,300,300,300,0,21400,0.027,2,True
6.009,0.0,-0.0,0.0,0.0,-0.0,-0.0,-0.0,0.0,-0.001,0,0,0,0,301,300,300,300,0,21500,0.029,2,True
6.034,0.0,-0.0,0.0,0.0,-0.001,-0.0,-0.0,0.0,-0.001,0,0,0,0,301,300,300,300,0,21600,0.025,2,True
6.063,0.0,-0.0,0.0,0.0,-0.001,-0.0,0.0,-0.0,-0.001,0,0,0,0,301,300,300,300,0,21700,0.025,2,True
6.083,0.0,-0.0,0.0,0.0,-0.001,-0.0,0.0,0.0,-0.001,0,0,0,0,301,300,300,300,0,21800,0.029,2,True
6.109,-0.0,-0.0,0.0,-0.0,-0.0,0.0,-0.0,0.0,-0.001,0,0,0,0,301,300,300,300,0,21900,0.02,2,True
6.132,-0.0,-0.0,0.0,-0.0,-0.0,0.0,-0.0,0.001,-0.001,0,0,0,0,301,300,300,300,0,22000,0.025,2,True
6.159,-0.001,-0.0,0.0,-0.0,-0.0,0.0,0.0,0.0,-0.001,0,0,0,0,301,300,300,300,0,22100,0.024,2,True
6.18,-0.0,-0.0,0.001,-0.0,-0.0,0.0,0.0,0.0,-0.001,0,0,0,0,301,300,300,300,0,22200,0.026,2,True
6.206,-0.0,-0.0,0.001,0.0,-0.001,0.0,0.0,0.0,-0.001,0,0,0,0,301,300,300,300,0,22300,0.021,2,True
6.231,-0.0,-0.0,0.001,-0.0,-0.0,0.0,0.0,0.0,-0.001,0,0,0,0,301,300,300,300,0,22400,0.026,2,True
6.259,-0.0,-0.0,0.001,-0.0,-0.001,0.0,0.0,0.0,-0.001,0,0,0,0,301,300,300,300,0,22500,0.027,2,True
6.282,-0.0,-0.0,0.001,-0.0,-0.001,-0.0,-0.0,0.0,-0.001,0,0,0,0,301,300,300,300,0,22600,0.026,2,True
6.308,0.0,-0.0,0.0,-0.0,-0.001,-0.0,-0.001,-0.0,-0.001,0,0,0,0,301,300,300,300,0,22700,0.023,2,True
6.349,-0.0,-0.0,0.0,-0.0,-0.001,-0.001,0.0,-0.0,-0.001,0,0,0,0,301,301,300,300,0,22800,0.026,2,True
6.374,0.0,-0.0,0.0,-0.001,-0.001,-0.0,-0.001,-0.0,-0.001,0,0,0,0,301,300,300,300,0,22900,0.041,2,True
6.401,0.0,-0.0,0.0,-0.001,-0.001,-0.0,-0.001,-0.0,-0.001,0,0,0,0,301,300,300,300,0,23000,0.025,2,True
6.428,0.0,-0.0,0.0,-0.001,-0.001,-0.0,-0.001,-0.0,-0.001,0,0,0,0,301,301,300,300,0,23100,0.027,2,True
6.45,-0.0,-0.0,0.0,-0.001,-0.001,-0.001,-0.001,-0.0,-0.001,0,0,0,0,301,301,300,300,0,23200,0.027,2,True
6.474,-0.0,-0.0,0.0,-0.001,-0.001,-0.0,-0.0,-0.0,-0.001,0,0,0,0,301,301,300,300,0,23300,0.022,2,True
6.495,-0.0,-0.0,0.0,-0.0,-0.001,-0.0,0.0,-0.0,-0.001,0,0,0,0,301,300,300,300,0,23400,0.024,2,True
6.518,-0.0,-0.0,0.0,-0.0,-0.001,-0.0,-0.0,0.0,-0.001,0,0,0,0,301,300,300,300,0,23500,0.021,2,True
6.541,-0.0,-0.0,0.0,-0.0,-0.0,-0.0,-0.0,0.0,-0.001,0,0,0,0,301,300,300,300,0,23600,0.023,2,True
6.565,-0.0,-0.0,0.0,-0.0,-0.0,0.0,0.0,0.0,-0.001,0,0,0,0,300,300,300,300,0,23700,0.022,2,True
6.588,-0.0,-0.0,0.001,-0.0,-0.0,0.0,-0.0,0.0,-0.001,0,0,0,0,301,300,300,300,0,23800,0.025,2,True
6.61,-0.0,-0.0,0.0,-0.001,-0.0,0.0,-0.001,0.0,-0.001,0,0,0,0,301,300,300,300,0,23900,0.023,2,True
6.63,0.0,-0.0,0.0,-0.001,-0.0,0.0,-0.001,0.0,-0.001,0,0,0,0,301,300,300,300,0,24000,0.022,2,True
6.658,0.0,-0.0,0.0,-0.001,-0.0,0.0,-0.001,0.001,-0.0,0,0,0,0,300,299,300,300,0,24100,0.021,2,True
6.706,-0.0,-0.0,0.0,-0.001,-0.0,0.0,-0.0,0.0,-0.0,0,0,0,0,300,300,300,300,0,24200,0.027,2,True
6.728,-0.0,-0.0,0.0,-0.001,-0.0,0.0,-0.001,0.001,-0.0,0,0,0,0,300,299,300,300,0,24300,0.048,2,True
6.747,-0.0,-0.0,0.0,-0.001,-0.0,0.0,-0.001,0.001,-0.0,0,0,0,0,300,300,300,300,0,24400,0.022,2,True
6.769,-0.0,-0.0,0.0,-0.0,0.0,0.0,-0.0,0.001,-0.0,0,0,0,0,300,300,300,300,0,24500,0.019,2,True
6.792,-0.0,-0.0,0.0,-0.0,0.0,0.0,0.0,0.0,-0.0,0,0,0,0,300,300,300,300,0,24600,0.022,2,True
6.816,0.0,-0.0,-0.0,0.0,-0.0,0.0,0.0,0.0,-0.0,0,0,0,0,300,300,300,300,0,24700,0.023,2,True
6.841,0.0,-0.0,-0.0,-0.0,-0.0,-0.0,-0.0,0.0,0.0,0,0,0,0,300,300,300,300,0,24800,0.024,2,True
6.866,0.0,-0.0,0.0,-0.001,-0.0,0.0,-0.001,0.001,-0.0,0,0,0,0,300,300,300,300,0,24900,0.025,2,True
6.889,0.0,-0.0,0.0,-0.001,-0.0,0.0,-0.001,0.001,-0.0,0,0,0,0,300,300,300,300,0,25000,0.024,2,True
6.912,0.0,-0.0,0.0,-0.001,-0.0,0.0,-0.001,0.001,-0.001,0,0,0,0,300,300,300,300,0,25100,0.024,2,True
6.935,0.0,-0.0,0.0,-0.001,-0.0,0.0,-0.001,0.0,-0.0,0,0,0,0,300,300,300,300,0,25200,0.023,2,True
6.957,-0.0,-0.0,0.001,-0.0,0.0,0.0,-0.0,0.0,-0.0,0,0,0,0,300,300,300,300,0,25300,0.023,2,True
6.978,-0.001,-0.0,0.0,-0.0,0.0,0.0,0.0,0.001,-0.0,0,0,0,0,300,299,300,300,0,25400,0.021,2,True
7.029,-0.0,-0.0,0.001,-0.001,-0.0,0.0,-0.001,0.0,-0.001,0,0,0,0,300,300,300,300,0,25500,0.022,2,True
7.054,-0.0,-0.0,0.001,-0.001,-0.0,0.0,-0.0,0.0,-0.001,0,0,0,0,300,300,300,300,0,25600,0.051,2,True
7.077,0.0,0.0,-0.0,-0.001,-0.001,0.0,-0.001,0.001,-0.001,0,0,0,0,300,300,300,300,0,25700,0.029,2,False
7.111,-0.0,0.0,-0.0,-0.001,-0.001,0.0,-0.001,0.001,-0.001,0,0,0,0,300,300,300,300,0,25800,0.019,2,False
7.131,0.0,0.001,-0.0,-0.0,-0.0,0.001,-0.0,0.001,-0.001,0,0,0,0,299,300,300,300,0,25900,0.034,2,False
7.152,-0.0,0.0,-0.0,-0.0,-0.0,0.001,0.0,0.001,-0.001,0,0,0,0,299,300,300,300,0,26000,0.02,2,False
7.176,-0.0,0.0,-0.0,-0.0,-0.0,0.001,0.0,0.001,-0.001,0,0,0,0,300,300,300,300,0,26100,0.02,2,False
7.2,-0.0,0.0,-0.0,-0.0,-0.0,0.001,0.0,0.001,-0.001,0,0,0,0,300,300,300,300,0,26200,0.025,2,False
7.228,-0.0,0.0,-0.0,-0.0,-0.0,0.001,-0.0,0.001,-0.0,0,0,0,0,300,300,300,300,0,26300,0.024,2,False
7.253,-0.0,-0.0,-0.0,-0.0,-0.0,0.001,-0.0,0.001,-0.0,0,0,0,0,300,300,300,300,0,26400,0.028,2,False
7.286,0.0,-0.0,-0.0,-0.0,-0.0,0.001,-0.0,0.001,-0.0,0,0,0,0,300,300,300,300,0,26500,0.026,2,False
7.31,-0.0,-0.0,-0.0,0.0,-0.0,0.001,0.0,0.001,-0.0,0,0,0,0,300,300,300,300,0,26600,0.031,2,False
7.333,-0.0,0.0,-0.0,-0.0,-0.0,0.0,0.0,0.001,-0.001,0,0,0,0,300,300,300,300,0,26700,0.025,2,False
7.356,-0.0,0.001,-0.0,-0.0,-0.0,0.0,-0.0,0.001,-0.001,0,0,0,0,299,300,300,300,0,26800,0.023,2,False
7.397,-0.001,0.001,-0.0,0.0,-0.0,0.0,0.001,0.001,-0.001,0,0,0,0,299,300,300,300,0,26900,0.023,2,False
7.439,-0.001,0.0,-0.0,0.0,-0.0,0.001,0.001,0.001,-0.0,0,0,0,0,300,300,300,300,0,27000,0.041,2,False
7.46,-0.001,0.001,-0.0,0.0,0.0,0.001,0.001,0.001,-0.001,0,0,0,0,299,300,300,300,0,27100,0.043,2,False
7.491,-0.001,0.0,-0.0,0.0,0.0,0.001,0.001,0.001,-0.0,0,0,0,0,299,300,300,300,0,27200,0.021,2,False
7.513,-0.001,0.0,-0.0,0.0,0.0,0.001,0.001,0.001,-0.0,0,0,0,0,299,300,300,300,0,27300,0.032,2,False
7.533,-0.001,0.0,-0.0,0.0,0.0,0.001,0.001,0.001,-0.0,0,0,0,0,299,300,300,300,0,27400,0.021,2,False
7.559,-0.001,0.0,-0.0,0.0,0.0,0.001,0.001,0.001,-0.0,0,0,0,0,300,300,300,300,0,27500,0.02,2,False
7.582,-0.001,0.0,-0.0,0.0,0.0,0.0,0.001,0.001,-0.0,0,0,0,0,300,300,300,300,0,27600,0.025,2,False
7.606,-0.0,-0.0,-0.0,0.0,0.0,0.0,0.001,0.001,0.0,0,0,0,0,300,300,300,300,0,27700,0.024,2,False
7.631,-0.0,0.0,-0.0,0.001,0.0,0.001,0.001,0.001,0.0,0,0,0,0,300,300,300,300,0,27800,0.023,2,False
7.652,-0.0,0.0,-0.0,0.001,0.0,0.001,0.001,0.001,-0.0,0,0,0,0,299,300,300,300,0,27900,0.026,2,False
7.675,-0.001,0.0,-0.0,0.0,0.0,0.001,0.001,0.001,-0.0,0,0,0,0,300,300,300,300,0,28000,0.021,2,False
7.696,-0.001,0.0,-0.0,0.0,-0.0,0.001,0.001,0.001,-0.0,0,0,0,0,300,300,300,300,0,28100,0.024,2,False
7.718,-0.001,0.0,-0.0,0.0,-0.0,0.0,0.001,0.001,-0.0,0,0,0,0,300,300,300,300,0,28200,0.02,2,False
7.737,-0.001,0.0,-0.0,0.001,-0.0,0.0,0.002,0.001,-0.0,0,0,0,0,300,300,300,300,0,28300,0.022,2,False
7.757,-0.001,0.0,-0.0,0.001,-0.0,0.0,0.002,0.001,-0.001,0,0,0,0,299,300,300,300,0,28400,0.019,2,False
7.775,-0.001,0.001,-0.0,0.001,-0.0,0.0,0.002,0.001,-0.001,0,0,0,0,299,300,300,300,0,28500,0.02,2,False
7.799,-0.001,0.001,-0.0,0.001,-0.0,0.0,0.002,0.001,-0.001,0,0,0,0,299,300,300,300,0,28600,0.018,2,False
7.821,-0.001,0.0,-0.0,0.001,-0.0,0.0,0.002,0.001,-0.001,0,0,0,0,299,300,300,300,0,28700,0.024,2,False
7.843,-0.001,0.001,-0.0,0.001,-0.0,0.001,0.002,0.001,-0.001,0,0,0,0,299,300,300,300,0,28800,0.023,2,False
7.861,-0.001,0.0,-0.0,0.001,-0.0,0.001,0.002,0.001,-0.0,0,0,0,0,299,300,300,300,0,28900,0.022,2,False
7.881,-0.001,0.001,-0.0,0.001,0.0,0.001,0.002,0.001,-0.0,0,0,0,0,299,300,300,300,0,29000,0.018,2,False
7.902,-0.001,0.0,-0.0,0.001,0.0,0.0,0.002,0.001,-0.0,0,0,0,0,299,300,300,300,0,29100,0.02,2,False
7.923,-0.001,0.0,-0.0,0.001,0.0,0.0,0.002,0.001,-0.0,0,0,0,0,300,300,300,300,0,29200,0.021,2,False
7.944,-0.001,0.001,-0.0,0.001,0.0,0.0,0.002,0.001,-0.0,0,0,0,0,299,300,300,300,0,29300,0.022,2,False
7.964,-0.001,0.001,-0.0,0.001,0.0,0.0,0.002,0.001,-0.0,0,0,0,0,299,300,300,300,0,29400,0.02,2,False
7.985,-0.001,0.001,-0.0,0.001,0.0,0.001,0.002,0.001,-0.001,0,0,0,0,299,300,300,300,0,29500,0.02,2,False
8.024,-0.001,0.001,-0.0,0.001,0.0,0.0,0.002,0.001,-0.0,0,0,0,0,299,300,300,300,0,29600,0.021,2,False
8.045,-0.001,0.001,-0.0,0.001,0.0,0.001,0.002,0.001,-0.001,0,0,0,0,299,300,300,300,0,29700,0.04,2,False
8.064,-0.001,0.001,-0.0,0.001,0.0,0.001,0.001,0.001,-0.001,0,0,0,0,299,300,300,300,0,29800,0.02,2,False
8.083,-0.0,0.001,-0.0,0.001,0.001,0.001,0.001,0.001,-0.0,0,0,0,0,299,300,300,300,0,29900,0.019,2,False
8.109,-0.001,0.001,-0.0,0.001,0.0,0.001,0.001,0.001,-0.0,0,0,0,0,299,300,300,300,0,30000,0.02,2,False
8.134,-0.001,0.001,-0.0,0.001,0.0,0.001,0.002,0.001,-0.0,0,0,0,0,299,300,300,300,0,30100,0.025,2,False
8.16,-0.001,0.0,-0.0,0.001,0.0,0.001,0.002,0.001,-0.0,0,0,0,0,300,300,300,300,0,30200,0.025,2,False
8.191,-0.0,0.001,-0.0,0.001,0.0,0.001,0.001,0.001,-0.0,0,0,0,0,299,300,300,300,0,30300,0.027,2,False
8.221,-0.0,0.001,-0.0,0.001,-0.0,0.0,0.001,0.001,-0.001,0,0,0,0,299,300,300,300,0,30400,0.031,2,False
8.245,-0.0,0.001,-0.0,0.001,-0.0,0.0,0.001,0.0,-0.001,0,0,0,0,299,300,300,300,0,30500,0.03,2,False
8.269,-0.0,0.0,-0.0,0.0,-0.0,0.0,0.001,0.001,-0.0,0,0,0,0,300,300,300,300,0,30600,0.024,2,False
8.292,-0.0,0.0,-0.0,0.001,-0.0,0.0,0.001,0.001,-0.001,0,0,0,0,300,300,300,300,0,30700,0.023,2,False
8.313,-0.0,0.0,-0.0,0.0,-0.0,0.0,0.001,0.001,-0.001,0,0,0,0,300,300,300,300,0,30800,0.023,2,False
8.336,-0.0,0.0,-0.0,0.0,-0.0,0.001,0.0,0.001,-0.0,0,0,0,0,300,300,300,300,0,30900,0.021,2,False
8.362,-0.0,0.0,-0.0,-0.0,-0.0,0.001,0.0,0.001,-0.001,0,0,0,0,300,300,300,300,0,31000,0.023,2,False
8.385,-0.0,0.0,-0.0,-0.0,-0.0,0.001,0.0,0.001,-0.0,0,0,0,0,300,300,300,300,0,31100,0.026,2,False
8.406,-0.0,0.0,-0.0,0.0,0.0,0.001,0.001,0.001,-0.0,0,0,0,0,300,300,300,300,0,31200,0.024,2,False
8.432,-0.0,0.0,-0.0,0.0,-0.0,0.001,0.0,0.001,-0.0,0,0,0,0,300,300,300,300,0,31300,0.022,2,False
8.459,-0.0,0.0,-0.0,0.0,-0.0,0.001,0.0,0.001,-0.0,0,0,0,0,300,300,300,300,0,31400,0.025,2,False
8.48,0.0,0.0,-0.0,0.0,0.0,0.001,0.0,0.001,-0.0,0,0,0,0,300,300,300,300,0,31500,0.027,2,False
8.509,-0.0,0.0,-0.0,-0.0,0.0,0.001,-0.0,0.001,-0.0,0,0,0,0,300,300,300,300,0,31600,0.021,2,False
8.542,-0.0,0.001,-0.0,0.0,0.0,0.001,0.0,0.001,-0.0,0,0,0,0,299,300,300,300,0,31700,0.029,2,False
8.564,-0.0,0.001,-0.0,0.0,0.0,0.001,0.0,0.001,-0.0,0,0,0,0,299,300,300,300,0,31800,0.032,2,False
8.589,0.0,0.0,-0.0,-0.0,-0.0,0.001,-0.0,0.001,-0.0,0,0,0,0,300,300,300,300,0,31900,0.023,2,False
8.615,0.0,0.0,-0.0,-0.0,-0.0,0.0,-0.0,0.001,-0.0,0,0,0,0,300,300,300,300,0,32000,0.025,2,False
8.644,0.0,-0.0,-0.0,-0.0,-0.0,0.0,-0.0,0.001,-0.0,0,0,0,0,300,300,300,300,0,32100,0.027,2,False
8.668,0.0,0.0,-0.0,0.0,-0.0,0.0,0.0,0.001,-0.001,0,0,0,0,300,300,300,300,0,32200,0.028,2,False
8.699,-0.0,0.0,-0.0,0.0,-0.0,0.0,0.0,0.0,-0.001,0,0,0,0,300,300,300,300,0,32300,0.024,2,False
8.723,-0.0,0.0,-0.0,0.0,-0.0,0.0,0.0,0.001,-0.001,0,0,0,0,300,300,300,300,0,32400,0.03,2,False
8.746,-0.0,-0.0,-0.0,0.0,-0.0,0.0,0.001,0.001,-0.0,0,0,0,0,300,300,300,300,0,32500,0.024,2,False
8.769,-0.0,-0.0,-0.0,-0.0,-0.0,0.0,0.0,0.001,-0.0,0,0,0,0,300,300,300,300,0,32600,0.024,2,False
8.792,-0.0,0.0,-0.0,-0.001,-0.0,0.001,-0.001,0.001,-0.0,0,0,0,0,300,300,300,300,0,32700,0.023,2,False
8.827,-0.0,0.0,-0.0,-0.001,-0.0,0.001,-0.0,0.001,-0.0,0,0,0,0,300,300,300,300,0,32800,0.023,2,False
8.853,-0.0,0.0,-0.0,-0.001,-0.0,0.0,-0.0,0.001,-0.001,0,0,0,0,300,300,300,300,0,32900,0.036,2,False
8.883,-0.0,0.0,-0.0,-0.0,-0.0,0.001,-0.0,0.001,-0.0,0,0,0,0,300,300,300,300,0,33000,0.025,2,False
8.908,-0.0,0.001,-0.0,-0.0,0.0,0.001,0.0,0.001,-0.001,0,0,0,0,299,300,300,300,0,33100,0.03,2,False
8.929,-0.0,0.001,-0.0,0.0,0.0,0.0,0.0,0.001,-0.001,0,0,0,0,299,300,300,300,0,33200,0.024,2,False
8.957,-0.0,0.001,-0.0,0.0,0.0,0.0,0.0,0.0,-0.001,0,0,0,0,299,300,300,300,0,33300,0.021,2,False
8.982,0.0,0.001,-0.0,-0.0,-0.0,0.0,-0.0,0.001,-0.001,0,0,0,0,300,300,300,300,0,33400,0.029,2,False
9.009,0.0,0.001,-0.0,-0.0,-0.0,0.0,-0.0,0.0,-0.001,0,0,0,0,299,300,300,300,0,33500,0.025,2,False
9.035,-0.0,0.001,-0.0,0.0,0.0,0.001,0.0,0.001,-0.001,0,0,0,0,299,300,300,300,0,33600,0.027,2,False
9.082,0.0,0.001,-0.0,0.0,-0.0,0.0,0.0,0.0,-0.001,0,0,0,0,299,300,300,300,0,33700,0.028,2,False
9.109,0.0,0.001,-0.0,0.0,-0.0,-0.0,0.0,-0.0,-0.001,0,0,0,0,300,300,300,300,0,33800,0.046,2,False
9.132,0.0,0.0,-0.0,0.0,-0.0,-0.0,0.0,-0.0,-0.001,0,0,0,0,300,300,300,300,0,33900,0.027,2,False
9.159,0.0,0.001,-0.0,0.0,-0.0,-0.0,0.0,0.0,-0.001,0,0,0,0,300,300,300,300,0,34000,0.023,2,False
9.184,-0.0,0.001,-0.0,-0.0,-0.0,0.0,0.0,0.0,-0.001,0,0,0,0,300,300,300,300,0,34100,0.027,2,False
9.208,-0.001,0.001,0.0,-0.0,-0.0,0.0,0.001,0.0,-0.001,0,0,0,0,300,300,300,300,0,34200,0.025,2,False
9.234,-0.0,0.001,-0.0,-0.0,-0.0,0.0,0.0,0.0,-0.001,0,0,0,0,300,300,300,300,0,34300,0.024,2,False
9.262,-0.0,0.001,-0.0,-0.001,-0.0,0.0,-0.0,0.0,-0.001,0,0,0,0,300,300,300,300,0,34400,0.025,2,False
9.29,-0.0,0.0,-0.0,-0.001,-0.0,0.0,-0.001,0.0,-0.001,0,0,0,0,300,300,300,300,0,34500,0.03,2,False
9.315,-0.0,0.001,-0.0,-0.0,-0.0,-0.0,-0.0,-0.0,-0.001,0,0,0,0,300,300,300,300,0,34600,0.026,2,False
9.343,-0.0,0.001,0.0,-0.0,-0.0,-0.0,0.0,-0.0,-0.001,0,0,0,0,300,300,300,300,0,34700,0.025,2,False
9.372,-0.0,0.001,-0.0,0.0,-0.0,-0.0,0.0,-0.0,-0.001,0,0,0,0,300,300,300,300,0,34800,0.028,2,False
9.395,-0.0,0.001,-0.0,0.0,-0.0,-0.0,0.0,0.0,-0.001,0,0,0,0,300,300,300,300,0,34900,0.029,2,False
9.42,-0.0,0.001,-0.0,0.0,-0.0,-0.0,0.001,0.0,-0.001,0,0,0,0,300,300,300,300,0,35000,0.023,2,False
9.445,-0.0,0.001,0.0,0.0,-0.0,-0.0,0.001,-0.0,-0.001,0,0,0,0,300,300,300,300,0,35100,0.025,2,False
9.493,-0.0,0.001,-0.0,0.0,-0.0,-0.0,0.0,-0.0,-0.001,0,0,0,0,300,300,300,300,0,35200,0.025,2,False
9.519,-0.0,0.001,-0.0,0.001,-0.0,-0.001,0.001,-0.001,-0.001,0,0,0,0,300,301,300,300,0,35300,0.05,2,False
9.543,-0.0,0.001,-0.0,0.0,-0.0,-0.001,0.001,-0.001,-0.001,0,0,0,0,300,301,300,300,0,35400,0.023,2,False
9.571,-0.0,0.001,0.0,0.0,-0.001,-0.001,0.001,-0.001,-0.001,0,0,0,0,300,301,300,300,0,35500,0.024,2,False
9.596,-0.0,0.0,-0.0,0.001,-0.0,-0.0,0.001,-0.0,-0.001,0,0,0,0,300,300,300,300,0,35600,0.028,2,False
9.62,-0.0,0.0,-0.0,0.0,-0.0,0.0,0.001,0.0,-0.0,0,0,0,0,300,300,300,300,0,35700,0.024,2,False
9.644,-0.0,0.0,-0.0,0.0,-0.0,0.0,0.001,0.0,-0.001,0,0,0,0,300,300,300,300,0,35800,0.024,2,False
9.664,-0.001,0.0,-0.0,0.0,-0.0,0.0,0.001,0.0,-0.001,0,0,0,0,300,300,300,300,0,35900,0.025,2,False
9.686,-0.0,0.0,-0.0,0.0,-0.0,0.0,0.001,0.0,-0.001,0,0,0,0,300,300,300,300,0,36000,0.02,2,False
9.71,-0.001,0.0,-0.0,0.0,-0.0,0.001,0.001,0.001,-0.001,0,0,0,0,300,300,300,300,0,36100,0.023,2,False
9.732,-0.0,0.0,-0.0,0.0,-0.0,0.001,0.0,0.001,-0.0,0,0,0,0,300,299,300,300,0,36200,0.023,2,False
9.757,-0.0,0.0,-0.0,0.0,-0.0,0.001,0.0,0.001,-0.001,0,0,0,0,300,300,300,300,0,36300,0.022,2,False
9.785,-0.0,0.001,-0.0,0.0,-0.0,0.001,0.0,0.001,-0.001,0,0,0,0,300,300,300,300,0,36400,0.025,2,False
9.812,-0.0,0.001,-0.0,0.0,-0.0,0.001,0.001,0.001,-0.001,0,0,0,0,300,299,300,300,0,36500,0.028,2,False
9.843,-0.001,0.0,0.0,0.0,-0.0,0.001,0.001,0.001,-0.0,0,0,0,0,300,299,300,300,0,36600,0.027,2,False
9.876,-0.0,0.0,-0.0,0.0,-0.0,0.001,0.001,0.001,-0.0,0,0,0,0,300,299,300,300,0,36700,0.03,2,False
9.898,-0.0,0.0,-0.0,0.0,0.0,0.001,0.001,0.001,-0.0,0,0,0,0,300,299,300,300,0,36800,0.033,2,False
9.923,-0.0,0.0,-0.0,0.0,0.0,0.001,0.001,0.001,-0.0,0,0,0,0,300,299,300,300,0,36900,0.024,2,False
9.942,-0.0,0.001,0.0,0.0,-0.0,0.001,0.001,0.001,-0.001,0,0,0,0,300,299,300,300,0,37000,0.023,2,False
9.963,-0.0,0.001,-0.0,-0.0,-0.0,0.001,-0.0,0.001,-0.001,0,0,0,0,300,299,300,300,0,37100,0.019,2,False
9.986,-0.0,0.001,-0.0,0.0,-0.0,0.0,0.0,0.0,-0.001,0,0,0,0,300,300,300,300,0,37200,0.021,2,False
10.009,0.0,0.0,-0.0,0.0,-0.0,0.001,-0.0,0.001,-0.0,0,0,0,0,300,299,300,300,0,37300,0.023,2,False
10.033,0.0,0.0,-0.0,0.0,-0.0,0.001,0.0,0.001,-0.0,0,0,0,0,300,299,300,300,0,37400,0.024,2,False
10.055,-0.0,0.0,-0.0,0.0,-0.0,0.001,0.001,0.001,-0.001,0,0,0,0,300,299,300,300,0,37500,0.024,2,False
10.078,-0.0,-0.0,-0.0,0.0,-0.0,0.001,0.001,0.001,-0.0,0,0,0,0,300,300,300,300,0,37600,0.022,2,False
10.125,-0.0,0.0,-0.0,-0.0,-0.0,0.0,0.0,0.0,-0.001,0,0,0,0,301,300,300,300,0,37700,0.025,2,False
10.152,-0.0,0.0,-0.0,-0.0,-0.001,0.0,0.0,0.0,-0.001,0,0,0,0,301,300,300,300,0,37800,0.045,2,False
10.178,-0.0,0.001,-0.0,-0.0,-0.001,0.0,0.0,0.0,-0.001,0,0,0,0,301,300,300,300,0,37900,0.026,2,False
10.198,-0.0,0.001,-0.0,-0.0,-0.0,0.0,0.0,0.0,-0.001,0,0,0,0,300,300,300,300,0,38000,0.027,2,False
10.226,-0.0,0.0,-0.0,0.0,-0.0,0.0,0.0,0.0,-0.001,0,0,0,0,301,300,300,300,0,38100,0.02,2,False
10.251,-0.0,0.001,-0.0,0.0,-0.0,0.0,0.0,0.001,-0.001,0,0,0,0,300,299,300,300,0,38200,0.028,2,False
10.273,-0.0,0.0,-0.0,0.0,-0.0,0.0,0.001,0.001,-0.001,0,0,0,0,300,299,300,300,0,38300,0.024,2,False
10.297,-0.0,0.0,-0.0,0.0,-0.0,0.0,0.001,0.001,-0.0,0,0,0,0,300,299,300,300,0,38400,0.022,2,False
10.322,-0.0,0.0,-0.0,0.0,-0.0,0.0,0.001,0.001,-0.0,0,0,0,0,300,299,300,300,0,38500,0.025,2,False
10.348,-0.001,0.0,-0.0,0.0,-0.0,0.001,0.001,0.001,-0.001,0,0,0,0,300,299,300,300,0,38600,0.024,2,False
10.372,-0.0,0.0,-0.0,0.0,-0.0,0.001,0.001,0.001,-0.001,0,0,0,0,300,299,300,300,0,38700,0.026,2,False
10.395,-0.0,0.0,-0.0,0.0,-0.0,0.001,0.001,0.001,-0.001,0,0,0,0,300,299,300,300,0,38800,0.024,2,False
10.417,-0.0,0.001,-0.0,0.0,-0.0,0.001,0.001,0.001,-0.001,0,0,0,0,300,299,300,300,0,38900,0.023,2,False
10.443,-0.001,0.0,0.0,0.0,-0.0,0.001,0.001,0.001,-0.0,0,0,0,0,300,299,300,300,0,39000,0.022,2,False
10.468,-0.0,0.0,-0.0,0.0,-0.0,0.001,0.001,0.001,-0.001,0,0,0,0,300,299,300,300,0,39100,0.026,2,False
10.49,-0.0,0.0,-0.0,0.001,-0.0,0.001,0.001,0.001,-0.001,0,0,0,0,300,299,300,300,0,39200,0.025,2,False
10.518,-0.0,0.0,-0.0,0.001,-0.0,0.001,0.001,0.001,-0.0,0,0,0,0,300,299,300,300,0,39300,0.024,2,False
10.542,-0.0,0.001,-0.0,0.0,-0.0,0.001,0.001,0.001,-0.001,0,0,0,0,300,299,300,300,0,39400,0.026,2,False
10.564,-0.0,0.001,-0.0,0.0,-0.0,0.001,0.001,0.001,-0.001,0,0,0,0,300,299,300,300,0,39500,0.024,2,False
10.587,-0.0,0.001,-0.0,0.0,-0.0,0.001,0.0,0.001,-0.001,0,0,0,0,300,299,300,300,0,39600,0.022,2,False
10.613,-0.0,0.0,-0.0,0.0,-0.0,0.001,0.0,0.001,-0.001,0,0,0,0,300,299,300,300,0,39700,0.023,2,False
10.636,-0.0,0.0,-0.0,-0.0,-0.0,0.001,-0.0,0.001,-0.0,0,0,0,0,300,299,300,300,0,39800,0.027,2,False
10.661,-0.0,0.0,-0.0,0.0,-0.0,0.001,0.0,0.001,-0.0,0,0,0,0,300,299,300,300,0,39900,0.023,2,False
10.686,-0.0,0.0,-0.0,0.0,-0.0,0.001,0.001,0.001,-0.0,0,0,0,0,300,299,300,300,0,40000,0.025,2,False
10.712,-0.001,0.0,0.0,0.0,0.0,0.001,0.001,0.001,-0.0,0,0,0,0,300,299,300,300,0,40100,0.027,2,False
10.755,-0.0,0.001,0.0,-0.0,-0.0,0.001,0.0,0.001,-0.001,0,0,0,0,300,299,300,300,0,40200,0.024,2,False
10.781,-0.0,0.001,0.0,0.0,-0.0,0.001,0.0,0.0,-0.001,0,0,0,0,300,299,300,300,0,40300,0.043,2,False
10.805,-0.0,0.0,0.0,0.0,-0.0,0.001,0.0,0.001,-0.0,0,0,0,0,300,299,300,300,0,40400,0.026,2,False
10.834,-0.0,0.0,0.0,-0.0,-0.0,0.001,0.0,0.0,-0.001,0,0,0,0,300,299,300,300,0,40500,0.024,2,False
10.859,-0.001,0.0,0.0,-0.0,-0.0,0.0,0.0,0.0,-0.0,0,0,0,0,300,299,300,300,0,40600,0.029,2,False
10.882,-0.0,0.0,0.0,-0.0,-0.0,0.0,0.0,0.0,-0.0,0,0,0,0,300,299,300,300,0,40700,0.026,2,False
10.912,-0.0,0.0,0.0,0.0,-0.0,0.001,0.0,0.0,-0.0,0,0,0,0,300,299,300,300,0,40800,0.023,2,False
10.967,-0.001,0.0,0.0,-0.0,-0.0,0.0,0.001,0.0,-0.001,0,0,0,0,300,300,300,300,0,40900,0.031,2,False
10.989,-0.0,-0.0,0.0,0.0,-0.0,0.0,0.0,0.0,-0.0,0,0,0,0,300,300,300,300,0,41000,0.054,2,False
11.011,-0.0,0.0,0.0,0.0,-0.0,0.0,0.0,0.0,-0.0,0,0,0,0,300,299,300,300,0,41100,0.021,2,False
11.034,0.0,-0.0,-0.0,0.0,-0.0,0.001,-0.0,0.001,0.0,0,0,0,0,300,299,300,300,0,41200,0.022,2,False
11.064,0.0,-0.0,-0.0,-0.0,-0.0,0.0,-0.0,0.001,-0.0,0,0,0,0,301,299,300,300,0,41300,0.023,2,False
11.085,0.0,0.0,-0.0,0.0,-0.0,0.001,-0.0,0.001,-0.001,0,0,0,0,300,299,300,300,0,41400,0.03,2,False
11.108,-0.0,0.0,-0.0,0.0,-0.0,0.001,0.0,0.001,-0.0,0,0,0,0,300,299,300,300,0,41500,0.021,2,False
11.132,-0.0,-0.0,-0.0,0.0,-0.0,0.001,0.0,0.001,0.0,0,0,0,0,300,299,300,300,0,41600,0.023,2,False
11.163,-0.001,-0.0,0.0,-0.001,-0.0,0.0,0.0,0.0,-0.0,0,0,0,0,300,299,300,300,0,41700,0.031,2,True
11.188,-0.0,-0.0,0.001,-0.0,-0.0,0.0,0.0,0.001,-0.001,0,0,0,0,300,299,300,300,0,41800,0.023,2,True
11.213,-0.001,-0.0,0.0,-0.001,-0.0,0.0,-0.0,0.0,-0.001,0,0,0,0,300,300,300,300,0,41900,0.026,2,True
11.243,-0.001,-0.0,-0.0,-0.0,-0.0,0.0,0.0,0.0,-0.0,0,0,0,0,300,300,300,300,0,42000,0.025,2,True
11.263,-0.001,-0.0,-0.0,-0.0,-0.0,0.0,0.001,0.0,-0.0,0,0,0,0,300,300,300,300,0,42100,0.03,2,True
11.29,-0.001,-0.0,-0.0,-0.0,-0.0,0.0,0.001,0.0,-0.0,0,0,0,0,300,299,300,300,0,42200,0.02,2,True
11.31,-0.001,-0.0,0.0,-0.0,-0.0,0.0,0.001,0.0,-0.001,0,0,0,0,301,300,300,300,0,42300,0.026,2,True
11.34,-0.001,-0.0,0.0,-0.0,-0.0,0.0,0.001,0.0,-0.001,0,0,0,0,300,300,300,300,0,42400,0.021,2,True
11.368,-0.001,-0.0,0.001,0.0,-0.0,0.0,0.001,0.0,-0.001,0,0,0,0,300,300,300,300,0,42500,0.029,2,True
11.391,-0.001,0.0,0.001,0.0,0.0,0.0,0.001,0.0,-0.0,0,0,0,0,300,299,300,300,0,42600,0.028,2,True
11.411,-0.0,0.0,0.0,0.0,0.0,0.0,0.001,0.0,-0.0,0,0,0,0,300,300,300,300,0,42700,0.023,2,True
11.439,-0.0,0.0,0.0,0.0,0.0,0.001,0.001,0.0,-0.0,0,0,0,0,300,299,300,300,0,42800,0.02,2,True
11.463,-0.0,0.0,0.0,0.0,-0.0,0.0,0.001,0.0,-0.0,0,0,0,0,300,299,300,300,0,42900,0.028,2,True
11.489,-0.0,0.0,0.0,0.0,0.0,0.0,0.001,0.0,-0.0,0,0,0,0,300,299,300,300,0,43000,0.023,2,True
11.513,-0.0,0.0,0.0,0.0,-0.0,0.0,0.0,0.0,-0.0,0,0,0,0,300,300,300,300,0,43100,0.027,2,True
11.541,-0.001,0.0,0.0,0.0,-0.0,0.0,0.001,0.0,-0.0,0,0,0,0,300,299,300,300,0,43200,0.024,2,True
11.567,-0.0,0.0,0.001,0.0,-0.0,0.0,0.001,0.0,-0.001,0,0,0,0,300,300,300,300,0,43300,0.029,2,True
11.59,-0.001,0.0,0.0,0.0,-0.0,0.001,0.001,0.0,-0.0,0,0,0,0,300,299,300,300,0,43400,0.025,2,True
11.611,-0.0,0.0,0.0,0.0,-0.0,0.001,0.001,0.0,-0.0,0,0,0,0,300,299,300,300,0,43500,0.023,2,True
11.636,-0.0,-0.0,0.0,-0.0,-0.0,0.001,0.0,0.001,-0.001,0,0,0,0,300,299,300,300,0,43600,0.021,2,True
11.657,-0.0,-0.0,0.0,0.0,-0.0,0.001,0.0,0.001,-0.0,0,0,0,0,300,299,300,300,0,43700,0.025,2,True
11.682,-0.0,-0.0,0.0,0.0,-0.0,0.0,0.001,0.0,-0.001,0,0,0,0,300,299,300,300,0,43800,0.021,2,True
11.707,-0.0,-0.0,0.0,0.0,-0.0,0.001,0.0,0.001,-0.0,0,0,0,0,300,299,300,300,0,43900,0.025,2,True
11.73,-0.0,-0.0,0.0,0.0,-0.0,0.0,0.0,0.001,-0.0,0,0,0,0,300,299,300,300,0,44000,0.025,2,True
11.755,-0.0,-0.0,0.0,0.0,-0.0,0.0,0.001,0.0,-0.0,0,0,0,0,300,300,300,300,0,44100,0.023,2,True
11.777,-0.0,0.0,0.0,0.0,-0.0,0.0,0.001,0.0,-0.001,0,0,0,0,300,300,300,300,0,44200,0.025,2,True
11.797,-0.0,0.0,0.0,0.0,-0.0,0.0,0.0,0.0,-0.0,0,0,0,0,300,299,300,300,0,44300,0.022,2,True
11.822,0.0,-0.0,0.0,0.0,-0.0,0.0,-0.0,0.001,-0.001,0,0,0,0,300,299,300,300,0,44400,0.02,2,True
11.862,-0.0,0.0,0.001,0.0,-0.0,0.0,0.001,0.0,-0.001,0,0,0,0,300,299,300,300,0,44500,0.025,2,True
11.884,-0.0,0.0,0.001,0.0,-0.0,0.0,0.001,0.0,-0.001,0,0,0,0,300,299,300,300,0,44600,0.04,2,True
11.907,-0.001,0.0,0.001,0.0,-0.0,0.0,0.001,0.0,-0.001,0,0,0,0,300,299,300,300,0,44700,0.022,2,True
11.93,-0.0,0.0,0.0,0.0,0.0,0.001,0.001,0.0,-0.0,0,0,0,0,300,299,300,300,0,44800,0.023,2,True
11.954,-0.0,0.0,0.001,0.0,0.0,0.001,0.001,0.0,-0.0,0,0,0,0,300,299,300,300,0,44900,0.024,2,True
11.974,-0.001,0.0,0.0,0.0,0.0,0.001,0.001,0.001,0.0,0,0,0,0,300,299,300,300,0,45000,0.022,2,True
11.999,-0.0,-0.0,-0.0,-0.0,0.0,0.001,0.0,0.001,0.0,0,0,0,0,300,299,300,300,0,45100,0.02,2,True
12.024,-0.0,-0.0,-0.0,0.0,0.0,0.001,0.0,0.001,0.0,0,0,0,0,300,299,300,300,0,45200,0.025,2,True
12.045,-0.0,0.0,0.0,0.0,0.0,0.001,0.0,0.001,0.0,0,0,0,0,300,299,300,300,0,45300,0.024,2,True
12.068,-0.0,0.0,0.0,0.0,0.0,0.001,0.0,0.001,0.0,0,0,0,0,300,299,300,300,0,45400,0.021,2,True
12.091,-0.0,0.0,0.0,-0.0,0.0,0.001,0.0,0.001,-0.0,0,0,0,0,300,299,300,300,0,45500,0.023,2,True
12.113,-0.0,0.0,0.001,-0.0,0.0,0.001,0.0,0.001,-0.0,0,0,0,0,300,299,300,300,0,45600,0.023,2,True
12.138,-0.001,0.0,0.001,-0.0,0.0,0.001,0.0,0.001,-0.0,0,0,0,0,300,299,300,300,0,45700,0.022,2,True
12.161,-0.001,0.0,0.001,0.0,0.0,0.001,0.001,0.001,-0.0,0,0,0,0,300,299,300,300,0,45800,0.025,2,True
12.186,-0.0,0.0,0.0,0.0,0.0,0.0,0.001,0.0,-0.0,0,0,0,0,300,299,300,300,0,45900,0.023,2,True
12.209,-0.0,0.0,0.001,0.0,-0.0,0.0,0.001,0.0,-0.001,0,0,0,0,300,300,300,300,0,46000,0.025,2,True
12.232,-0.0,0.0,0.0,0.0,-0.0,0.0,0.001,0.0,-0.0,0,0,0,0,300,300,300,300,0,46100,0.024,2,True
12.258,-0.0,0.0,0.0,0.0,-0.0,0.0,0.001,0.0,-0.0,0,0,0,0,300,300,300,300,0,46200,0.022,2,True
12.282,-0.0,0.0,0.0,-0.0,-0.0,-0.0,0.0,-0.0,-0.0,0,0,0,0,300,300,300,300,0,46300,0.027,2,True
12.303,-0.0,0.0,0.0,-0.0,-0.0,-0.0,0.0,-0.0,-0.0,0,0,0,0,300,300,300,300,0,46400,0.024,2,True
