Time,Teacher-x,Teacher-y,Teacher-z,Student-x,Student-y,Student-z,Difference-x,Difference-y,Difference-z,Intensity,Angle Teacher,Angle Student,Ball-x,Ball-y,Target-x,Target-y,Score
0.024,-0.0,-0.0,0.0,0.0,-0.0,0.0,0.0,0.0,-0.0,0,0,0,375,375,600,375,0
0.041,0.001,-0.001,0.0,0.0,-0.001,0.003,-0.0,-0.0,0.003,0,0,0,375,375,600,375,0
0.059,0.0,-0.0,0.0,0.0,-0.001,0.008,0.0,-0.001,0.008,0,0,0,375,375,600,375,0
0.105,0.001,-0.001,-0.0,-0.006,-0.004,0.02,-0.007,-0.003,0.02,0,0,0,375,375,600,375,0
0.124,0.0,-0.001,0.0,-0.018,-0.004,0.02,-0.019,-0.003,0.02,0,0,0,375,375,600,375,0
0.144,0.0,-0.001,0.0,-0.026,-0.005,0.021,-0.026,-0.004,0.021,0,0,0,375,375,600,375,0
0.164,0.001,-0.001,-0.0,-0.025,-0.005,0.026,-0.026,-0.004,0.026,0,0,0,375,375,600,375,0
0.181,0.001,-0.001,0.0,-0.024,-0.004,0.021,-0.024,-0.003,0.021,0,0,0,375,375,600,375,0
0.202,0.001,-0.001,0.0,-0.023,-0.003,0.013,-0.024,-0.002,0.013,0,0,0,375,375,600,375,0
0.218,0.001,-0.0,0.0,-0.022,0.0,-0.003,-0.022,0.0,-0.004,0,0,0,375,375,600,375,0
0.239,0.001,-0.0,0.001,-0.023,0.0,-0.003,-0.024,0.001,-0.004,0,0,0,375,375,600,375,0
0.26,0.0,-0.0,0.0,-0.022,0.001,-0.006,-0.022,0.001,-0.006,0,0,0,375,375,600,375,0
0.282,0.001,-0.001,0.0,-0.02,0.001,-0.005,-0.02,0.002,-0.006,0,0,0,375,375,600,375,0
0.302,0.001,-0.001,0.0,-0.018,0.001,-0.006,-0.02,0.002,-0.006,0,0,0,375,375,600,375,0
0.33,0.001,-0.001,0.0,-0.017,0.001,-0.006,-0.019,0.002,-0.006,0,0,0,375,375,600,375,0
0.349,0.001,-0.001,0.0,-0.016,0.001,-0.006,-0.017,0.002,-0.006,0,0,0,375,375,600,375,0
0.368,0.001,-0.001,-0.0,-0.015,0.001,-0.006,-0.016,0.002,-0.006,0,0,0,375,375,600,375,0
0.388,0.001,-0.001,-0.0,-0.014,0.001,-0.006,-0.015,0.002,-0.006,0,0,0,375,375,600,375,0
0.408,0.0,-0.0,0.0,-0.012,0.001,-0.007,-0.012,0.001,-0.007,0,0,0,375,375,600,375,0
0.427,-0.0,-0.0,-0.0,-0.011,0.001,-0.007,-0.011,0.001,-0.006,0,0,0,375,375,600,375,0
0.447,-0.0,0.0,-0.0,-0.01,0.001,-0.007,-0.01,0.001,-0.006,0,0,0,375,375,600,375,0
0.468,0.0,-0.0,0.001,-0.008,0.001,-0.007,-0.008,0.001,-0.007,0,0,0,375,375,600,375,0
0.493,0.0,-0.0,0.001,-0.006,0.001,-0.007,-0.006,0.001,-0.007,0,0,0,375,375,600,375,0
0.512,0.001,-0.0,-0.0,-0.005,0.001,-0.007,-0.006,0.001,-0.007,0,0,0,375,375,600,375,0
0.532,0.001,-0.001,-0.0,-0.004,0.001,-0.007,-0.005,0.002,-0.006,0,0,0,375,375,600,375,0
0.554,0.001,-0.001,-0.0,-0.003,0.001,-0.007,-0.004,0.002,-0.006,0,0,0,375,375,600,375,0
0.573,0.001,-0.001,0.0,-0.003,0.001,-0.007,-0.003,0.001,-0.007,0,0,0,375,375,600,375,0
0.593,0.001,-0.001,0.0,-0.002,0.001,-0.007,-0.003,0.002,-0.007,0,0,0,375,375,600,375,0
0.613,0.0,-0.001,0.0,-0.002,0.001,-0.007,-0.002,0.001,-0.007,0,0,0,375,375,600,375,0
0.63,0.0,-0.001,-0.0,-0.002,0.001,-0.007,-0.002,0.001,-0.006,0,0,0,375,375,600,375,0
0.646,0.001,-0.001,-0.0,-0.002,0.001,-0.007,-0.002,0.002,-0.006,0,0,0,375,375,600,375,0
0.664,0.0,-0.001,-0.0,-0.002,0.001,-0.006,-0.002,0.001,-0.006,0,0,0,375,375,600,375,0
0.684,0.0,-0.0,0.0,-0.002,0.001,-0.006,-0.002,0.001,-0.006,0,0,0,375,375,600,375,0
0.702,-0.0,0.0,0.0,-0.002,0.0,-0.006,-0.001,0.0,-0.007,0,0,0,375,375,600,375,0
0.719,0.0,0.001,0.0,-0.001,0.0,-0.006,-0.001,-0.0,-0.006,0,0,0,375,375,600,375,0
0.738,0.0,0.001,0.0,-0.0,0.0,-0.005,-0.0,-0.0,-0.006,0,0,0,375,375,600,375,0
0.78,0.001,0.001,0.0,0.017,0.001,-0.007,0.016,0.001,-0.007,0,0,0,375,375,600,375,0
0.799,0.001,-0.0,-0.0,0.02,0.001,-0.007,0.019,0.001,-0.006,0,0,0,375,375,600,375,0
0.82,0.001,-0.0,-0.0,0.023,0.001,-0.006,0.022,0.002,-0.006,0,0,0,375,375,600,375,0
0.843,0.0,0.0,0.0,0.028,0.001,-0.006,0.028,0.001,-0.007,0,0,0,375,375,600,375,0
0.865,0.001,-0.001,0.0,0.034,0.001,-0.006,0.032,0.002,-0.007,0,0,0,375,375,600,375,0
0.883,0.001,-0.001,-0.0,0.038,0.002,-0.006,0.037,0.002,-0.006,0,0,0,375,375,600,375,0
0.904,0.001,-0.001,0.0,0.043,0.002,-0.006,0.042,0.002,-0.006,0,0,0,375,375,600,375,0
0.921,0.0,-0.001,-0.0,0.044,0.001,-0.006,0.044,0.002,-0.006,0,0,0,375,375,600,375,0
0.962,0.0,-0.001,-0.0,0.044,0.001,-0.006,0.044,0.002,-0.006,0,0,0,375,375,600,375,0
0.981,0.0,0.0,-0.001,0.044,0.001,-0.006,0.044,0.001,-0.005,0,0,0,375,375,600,375,0
0.999,-0.0,0.0,-0.001,0.044,0.001,-0.006,0.044,0.0,-0.005,0,0,0,375,375,600,375,0
1.016,-0.0,0.0,-0.001,0.044,0.001,-0.006,0.044,0.0,-0.005,0,0,0,375,375,600,375,0
1.036,0.0,0.0,-0.001,0.044,0.001,-0.006,0.043,0.0,-0.005,0,0,0,375,375,600,375,0
1.059,0.001,-0.0,-0.0,0.043,0.0,-0.006,0.043,0.001,-0.005,0,0,0,375,375,600,375,0
1.079,0.001,-0.001,-0.001,0.043,0.0,-0.006,0.042,0.001,-0.005,0,0,0,375,375,600,375,0
1.1,0.001,-0.001,-0.001,0.043,0.0,-0.006,0.042,0.001,-0.005,0,0,0,375,375,600,375,0
1.12,0.001,-0.001,-0.0,0.043,-0.0,-0.006,0.042,0.001,-0.006,0,0,0,375,375,600,375,0
1.141,0.001,-0.001,0.0,0.043,-0.0,-0.006,0.042,0.001,-0.006,0,0,0,375,375,600,375,0
1.18,0.001,-0.001,-0.0,0.043,-0.0,-0.006,0.041,0.001,-0.005,0,0,0,375,375,600,375,0
1.199,0.001,-0.0,-0.0,0.043,-0.001,-0.006,0.041,-0.0,-0.005,0,0,0,375,375,600,375,0
1.221,0.001,0.0,-0.001,0.043,-0.001,-0.006,0.042,-0.001,-0.005,0,0,0,375,375,600,375,0
1.24,-0.0,0.001,-0.001,0.042,-0.001,-0.005,0.043,-0.001,-0.004,0,0,0,375,375,600,375,0
1.264,0.0,0.0,-0.001,0.042,-0.001,-0.005,0.042,-0.001,-0.004,0,0,0,375,375,600,375,0
1.286,0.001,-0.0,-0.001,0.042,-0.001,-0.005,0.041,-0.001,-0.005,0,0,0,375,375,600,375,0
1.306,0.001,-0.001,-0.0,0.042,-0.001,-0.005,0.041,-0.0,-0.005,0,0,0,375,375,600,375,0
1.323,0.002,-0.001,-0.001,0.042,-0.001,-0.005,0.041,-0.0,-0.005,0,0,0,375,375,600,375,0
1.34,0.001,-0.001,-0.0,0.042,-0.001,-0.005,0.041,-0.0,-0.005,0,0,0,375,375,600,375,0
1.362,0.001,-0.001,-0.0,0.042,-0.001,-0.005,0.041,-0.001,-0.005,0,0,0,375,375,600,375,0
1.381,0.001,-0.001,0.0,0.042,-0.001,-0.005,0.041,-0.0,-0.005,0,0,0,375,375,600,375,0
1.4,0.001,-0.001,-0.0,0.042,-0.001,-0.005,0.041,-0.001,-0.005,0,0,0,375,375,600,375,0
1.418,0.001,-0.001,0.0,0.042,-0.002,-0.005,0.041,-0.001,-0.005,0,0,0,375,375,600,375,0
1.44,0.001,-0.001,-0.0,0.042,-0.002,-0.005,0.04,-0.001,-0.005,0,0,0,375,375,600,375,0
1.46,0.001,-0.0,-0.001,0.042,-0.002,-0.005,0.04,-0.001,-0.004,0,0,0,375,375,600,375,0
1.484,0.001,-0.0,-0.0,0.041,-0.002,-0.005,0.04,-0.002,-0.004,0,0,0,375,375,600,375,0
1.505,0.002,-0.0,-0.001,0.041,-0.002,-0.005,0.04,-0.001,-0.004,0,0,0,375,375,600,375,0
1.526,0.001,-0.0,-0.001,0.041,-0.002,-0.005,0.04,-0.002,-0.004,0,0,0,375,375,600,375,0
1.544,0.001,-0.0,-0.001,0.041,-0.002,-0.005,0.04,-0.002,-0.004,0,0,0,375,375,600,375,0
1.563,0.002,-0.0,-0.001,0.041,-0.002,-0.005,0.04,-0.002,-0.004,0,0,0,375,375,600,375,0
1.58,0.002,-0.0,-0.001,0.041,-0.002,-0.005,0.04,-0.002,-0.004,0,0,0,375,375,600,375,0
1.601,0.001,-0.0,-0.0,0.041,-0.002,-0.004,0.04,-0.002,-0.004,0,0,0,375,375,600,375,0
1.622,0.001,-0.001,0.0,0.041,-0.002,-0.004,0.04,-0.001,-0.005,0,0,0,375,375,600,375,0
1.641,0.001,-0.001,0.001,0.041,-0.002,-0.004,0.04,-0.002,-0.005,0,0,0,375,375,600,375,0
1.678,0.001,-0.0,0.0,0.041,-0.002,-0.004,0.04,-0.002,-0.004,0,0,0,375,375,600,375,0
1.7,0.0,0.0,-0.0,0.041,-0.002,-0.004,0.041,-0.003,-0.004,0,0,0,375,375,600,375,0
1.722,0.001,0.0,-0.001,0.041,-0.002,-0.004,0.04,-0.003,-0.003,0,0,0,375,375,600,375,0
1.738,0.0,0.001,-0.001,0.041,-0.002,-0.004,0.041,-0.003,-0.003,0,0,0,375,375,600,375,0
1.76,0.0,0.001,-0.001,0.041,-0.002,-0.004,0.04,-0.003,-0.003,0,0,0,375,375,600,375,0
1.778,0.001,0.0,-0.0,0.041,-0.002,-0.004,0.04,-0.003,-0.004,0,0,0,375,375,600,375,0
1.797,0.001,0.0,-0.0,0.041,-0.003,-0.004,0.04,-0.003,-0.004,0,0,0,375,375,600,375,0
1.835,0.002,-0.0,-0.0,0.041,-0.003,-0.004,0.039,-0.002,-0.004,0,0,0,375,375,600,375,0
1.852,0.001,-0.0,-0.0,0.041,-0.003,-0.004,0.04,-0.002,-0.004,0,0,0,375,375,600,375,0
1.873,0.001,-0.0,-0.0,0.041,-0.003,-0.004,0.039,-0.002,-0.004,0,0,0,375,375,600,375,0
1.891,0.002,-0.001,-0.0,0.041,-0.003,-0.004,0.039,-0.002,-0.004,0,0,0,375,375,600,375,0
1.908,0.001,-0.001,0.0,0.041,-0.003,-0.004,0.039,-0.002,-0.004,0,0,0,375,375,600,375,0
1.931,0.001,-0.0,-0.0,0.041,-0.003,-0.004,0.039,-0.002,-0.004,0,0,0,375,375,600,375,0
1.948,0.001,-0.0,-0.0,0.04,-0.003,-0.004,0.039,-0.003,-0.004,0,0,0,375,375,600,375,0
1.969,0.0,0.001,0.0,0.04,-0.003,-0.004,0.04,-0.003,-0.004,0,0,0,375,375,600,375,0
1.987,0.001,0.0,-0.0,0.04,-0.003,-0.004,0.039,-0.003,-0.004,0,0,0,375,375,600,375,0
2.014,0.002,-0.0,0.0,0.04,-0.003,-0.004,0.039,-0.003,-0.004,0,0,0,375,375,600,375,0
2.034,0.002,-0.0,0.001,0.04,-0.003,-0.004,0.039,-0.002,-0.004,0,0,0,375,375,600,375,0
2.058,0.002,-0.0,0.0,0.04,-0.003,-0.004,0.039,-0.003,-0.004,0,0,0,375,375,600,375,0
2.08,0.002,-0.0,-0.0,0.04,-0.003,-0.004,0.038,-0.002,-0.003,0,0,0,375,375,600,375,0
2.124,0.002,-0.001,-0.001,0.04,-0.003,-0.003,0.038,-0.002,-0.002,0,0,0,375,375,600,375,0
2.145,0.003,-0.001,-0.0,0.04,-0.003,-0.003,0.038,-0.002,-0.003,0,0,0,375,375,600,375,0
2.169,0.002,-0.001,-0.0,0.04,-0.003,-0.003,0.038,-0.002,-0.003,0,0,0,375,375,600,375,0
2.185,0.002,-0.001,-0.001,0.04,-0.003,-0.003,0.038,-0.002,-0.003,0,0,0,375,375,600,375,0
2.291,0.001,-0.0,-0.001,0.05,-0.01,0.044,0.05,-0.01,0.045,0.029,7.85,4.71,375,375,600,375,0
2.308,0.001,-0.001,-0.001,0.064,-0.003,0.056,0.063,-0.002,0.056,0.036,7.85,4.71,375,375,600,375,0
2.327,0.001,-0.001,-0.001,0.056,0.001,0.042,0.056,0.001,0.043,0.027,7.85,4.71,375,375,600,375,0
2.348,0.001,-0.001,-0.001,0.047,-0.001,0.067,0.047,0.001,0.068,0.043,7.85,4.71,375,375,600,375,0
2.366,0.0,-0.001,-0.001,0.046,-0.005,0.049,0.046,-0.004,0.05,0.032,7.85,4.71,375,375,600,375,0
2.383,0.001,-0.001,-0.0,0.043,-0.01,0.03,0.042,-0.009,0.03,0,0,0,375,375,600,375,0
2.4,0.001,-0.001,-0.001,0.043,-0.019,0.022,0.042,-0.018,0.023,0,0,0,375,375,600,375,0
2.418,0.001,-0.0,-0.0,0.048,-0.031,-0.005,0.047,-0.031,-0.005,0,0,0,375,375,600,375,0
2.438,0.002,-0.0,0.0,0.061,-0.054,-0.028,0.059,-0.054,-0.028,0.034,6.28,3.14,375,375,600,375,0
2.455,0.002,-0.001,0.0,0.079,-0.09,-0.038,0.077,-0.089,-0.038,0.057,5.5,2.36,375,375,600,375,0
2.472,0.001,-0.0,0.001,0.098,-0.12,-0.042,0.097,-0.119,-0.043,0.076,5.5,2.36,375,375,600,375,0
2.488,0.001,-0.0,0.0,0.13,-0.154,-0.055,0.128,-0.154,-0.055,0.098,5.5,2.36,375,375,600,375,0
2.507,0.002,-0.0,0.0,0.161,-0.184,-0.068,0.16,-0.184,-0.068,0.117,5.5,2.36,375,375,600,375,0
2.527,0.001,0.0,-0.0,0.182,-0.202,-0.072,0.182,-0.202,-0.072,0.128,5.5,2.36,375,375,600,375,0
2.545,0.001,-0.0,-0.001,0.189,-0.208,-0.073,0.188,-0.207,-0.072,0.132,5.5,2.36,375,375,600,375,0
2.562,0.001,-0.001,-0.0,0.183,-0.216,-0.061,0.182,-0.216,-0.06,0.137,5.5,2.36,375,375,600,375,0
2.584,0.001,-0.001,-0.001,0.169,-0.225,-0.037,0.167,-0.224,-0.036,0.143,5.5,2.36,375,375,600,375,0
2.604,0.001,-0.002,-0.001,0.154,-0.225,-0.043,0.153,-0.224,-0.043,0.143,5.5,2.36,375,375,600,375,0
2.62,0.001,-0.002,-0.001,0.155,-0.236,-0.052,0.154,-0.234,-0.051,0.149,5.5,2.36,375,375,600,375,0
2.642,0.001,-0.002,-0.0,0.163,-0.238,-0.065,0.161,-0.236,-0.064,0.15,5.5,2.36,375,375,600,375,0
2.66,0.001,-0.001,-0.001,0.167,-0.23,-0.092,0.166,-0.229,-0.091,0.146,5.5,2.36,375,375,600,375,0
2.68,0.001,-0.0,-0.0,0.161,-0.221,-0.096,0.16,-0.22,-0.096,0.14,5.5,2.36,375,375,600,375,0
2.719,0.001,-0.0,-0.001,0.149,-0.204,-0.082,0.148,-0.203,-0.081,0.129,5.5,2.36,375,375,600,375,0
2.74,0.001,-0.0,-0.001,0.145,-0.2,-0.065,0.144,-0.2,-0.064,0.127,5.5,2.36,375,375,600,375,0
2.757,0.0,0.0,-0.001,0.143,-0.194,-0.05,0.143,-0.195,-0.049,0.124,5.5,2.36,375,375,600,375,0
2.776,0.0,-0.0,-0.001,0.147,-0.182,-0.054,0.147,-0.182,-0.054,0.116,5.5,2.36,375,375,600,375,0
2.795,0.001,-0.0,-0.001,0.147,-0.166,-0.061,0.146,-0.165,-0.06,0.105,5.5,2.36,375,375,600,375,0
2.815,0.001,-0.001,-0.001,0.141,-0.138,-0.058,0.14,-0.137,-0.057,0.087,5.5,2.36,375,375,600,375,0
2.831,0.001,-0.001,-0.001,0.139,-0.102,-0.071,0.138,-0.1,-0.07,0.064,5.5,2.36,375,375,600,375,0
2.85,0.001,-0.001,-0.001,0.145,-0.067,-0.097,0.143,-0.066,-0.097,0.062,5.5,2.36,375,375,600,375,0
2.872,0.001,-0.001,-0.001,0.158,-0.025,-0.119,0.157,-0.024,-0.118,0.075,4.71,1.57,375,375,600,375,0
2.891,0.001,-0.001,-0.001,0.162,-0.015,-0.068,0.161,-0.014,-0.067,0.043,4.71,1.57,375,375,600,375,0
2.911,0.001,-0.001,-0.001,0.149,-0.012,-0.035,0.148,-0.011,-0.034,0.021,4.71,1.57,375,375,600,375,0
2.931,0.002,-0.002,-0.001,0.14,-0.009,-0.019,0.138,-0.007,-0.018,0,0,0,375,375,600,375,0
2.952,0.001,-0.001,-0.001,0.134,-0.007,-0.017,0.132,-0.006,-0.016,0,0,0,375,375,600,375,0
2.997,0.001,-0.001,-0.001,0.125,-0.005,-0.018,0.124,-0.005,-0.017,0,0,0,375,375,600,375,0
3.015,0.001,-0.001,0.0,0.121,-0.005,-0.018,0.12,-0.004,-0.019,0,0,0,375,375,600,375,0
3.033,0.001,-0.001,-0.0,0.12,-0.003,-0.02,0.119,-0.002,-0.02,0,0,0,375,375,600,375,0
3.051,0.001,-0.001,0.0,0.119,-0.003,-0.02,0.118,-0.002,-0.02,0,0,0,375,375,600,375,0
3.095,0.001,-0.001,-0.0,0.113,0.0,-0.018,0.112,0.001,-0.018,0,0,0,375,375,600,375,0
3.118,0.002,-0.001,-0.0,0.111,0.001,-0.024,0.109,0.002,-0.023,0,0,0,375,375,600,375,0
3.136,0.002,-0.001,-0.0,0.111,0.001,-0.023,0.109,0.002,-0.023,0,0,0,375,375,600,375,0
3.159,0.001,-0.0,-0.0,0.111,0.0,-0.023,0.11,0.001,-0.023,0,0,0,375,375,600,375,0
3.178,0.002,-0.001,0.0,0.111,-0.0,-0.023,0.109,0.001,-0.024,0,0,0,375,375,600,375,0
3.199,0.001,-0.0,-0.0,0.109,-0.001,-0.024,0.108,-0.0,-0.023,0,0,0,375,375,600,375,0
3.224,0.001,-0.0,-0.0,0.105,-0.001,-0.025,0.104,-0.001,-0.024,0,0,0,375,375,600,375,0
3.244,0.001,-0.0,-0.0,0.098,-0.002,-0.025,0.097,-0.002,-0.024,0,0,0,375,375,600,375,0
3.264,0.001,-0.001,0.0,0.094,-0.002,-0.025,0.093,-0.002,-0.025,0,0,0,375,375,600,375,0
3.289,0.002,-0.001,0.0,0.093,-0.003,-0.024,0.092,-0.002,-0.025,0,0,0,375,375,600,375,0
3.338,0.001,-0.001,-0.0,0.087,-0.003,-0.024,0.086,-0.002,-0.024,0,0,0,375,375,600,375,0
3.367,0.0,-0.0,-0.001,0.075,-0.003,-0.024,0.075,-0.003,-0.023,0,0,0,375,375,600,375,0
3.43,0.0,-0.0,-0.0,0.074,-0.004,-0.024,0.073,-0.003,-0.024,0,0,0,375,375,600,375,0
3.45,0.002,-0.001,-0.0,0.074,-0.004,-0.024,0.072,-0.003,-0.023,0,0,0,375,375,600,375,0
3.468,0.002,-0.001,-0.0,0.074,-0.004,-0.023,0.072,-0.003,-0.023,0,0,0,375,375,600,375,0
3.485,0.002,-0.001,-0.0,0.074,-0.004,-0.023,0.073,-0.003,-0.023,0,0,0,375,375,600,375,0
3.503,0.001,-0.001,-0.001,0.074,-0.004,-0.023,0.073,-0.003,-0.023,0,0,0,375,375,600,375,0
3.519,0.001,-0.001,-0.001,0.074,-0.004,-0.023,0.073,-0.003,-0.022,0,0,0,375,375,600,375,0
3.536,0.001,-0.001,-0.0,0.075,-0.004,-0.023,0.073,-0.003,-0.023,0,0,0,375,375,600,375,0
3.557,0.001,-0.001,-0.0,0.075,-0.004,-0.023,0.073,-0.003,-0.022,0,0,0,375,375,600,375,0
3.578,0.002,-0.001,-0.001,0.075,-0.004,-0.023,0.073,-0.002,-0.022,0,0,0,375,375,600,375,0
3.598,0.002,-0.001,-0.001,0.075,-0.004,-0.022,0.073,-0.002,-0.022,0,0,0,375,375,600,375,0
3.641,0.003,-0.001,-0.0,0.075,-0.004,-0.022,0.073,-0.002,-0.021,0,0,0,375,375,600,375,0
3.66,0.003,-0.001,-0.001,0.075,-0.003,-0.022,0.073,-0.002,-0.02,0,0,0,375,375,600,375,0
3.677,0.003,-0.001,-0.002,0.075,-0.004,-0.022,0.073,-0.002,-0.019,0,0,0,375,375,600,375,0
3.709,0.002,-0.001,-0.002,0.075,-0.004,-0.021,0.074,-0.003,-0.019,0,0,0,375,375,600,375,0
3.728,0.001,-0.0,-0.003,0.076,-0.003,-0.021,0.074,-0.003,-0.018,0,0,0,375,375,600,375,0
3.762,0.002,-0.001,-0.003,0.076,-0.003,-0.021,0.074,-0.003,-0.018,0,0,0,375,375,600,375,0
3.782,0.002,-0.001,-0.004,0.076,-0.003,-0.021,0.074,-0.003,-0.017,0,0,0,375,375,600,375,0
3.802,0.001,-0.001,-0.002,0.076,-0.003,-0.02,0.075,-0.003,-0.018,0,0,0,375,375,600,375,0
3.823,0.001,-0.001,-0.002,0.076,-0.003,-0.02,0.075,-0.003,-0.018,0,0,0,375,375,600,375,0
3.845,0.0,-0.001,-0.001,0.076,-0.003,-0.02,0.076,-0.003,-0.019,0,0,0,375,375,600,375,0
3.862,0.0,-0.001,-0.001,0.076,-0.003,-0.02,0.076,-0.003,-0.019,0,0,0,375,375,600,375,0
3.879,-0.0,-0.001,-0.001,0.076,-0.003,-0.02,0.076,-0.003,-0.018,0,0,0,375,375,600,375,0
3.901,0.0,-0.001,-0.001,0.076,-0.003,-0.019,0.076,-0.003,-0.018,0,0,0,375,375,600,375,0
3.924,0.002,-0.001,-0.001,0.076,-0.003,-0.019,0.075,-0.002,-0.018,0,0,0,375,375,600,375,0
3.955,0.001,-0.001,-0.001,0.076,-0.003,-0.019,0.075,-0.002,-0.018,0,0,0,375,375,600,375,0
3.978,0.002,-0.001,-0.001,0.076,-0.003,-0.019,0.075,-0.002,-0.018,0,0,0,375,375,600,375,0
3.997,0.001,-0.0,-0.001,0.076,-0.003,-0.018,0.076,-0.003,-0.017,0,0,0,375,375,600,375,0
4.016,0.001,-0.001,-0.001,0.076,-0.003,-0.018,0.075,-0.002,-0.017,0,0,0,375,375,600,375,0
4.038,0.001,-0.001,-0.001,0.076,-0.003,-0.018,0.075,-0.003,-0.017,0,0,0,375,375,600,375,0
4.059,0.001,-0.0,-0.001,0.077,-0.003,-0.018,0.076,-0.003,-0.017,0,0,0,375,375,600,375,0
4.073,0.001,-0.001,-0.001,0.077,-0.003,-0.018,0.075,-0.002,-0.017,0,0,0,375,375,600,375,0
4.1,0.001,-0.001,-0.0,0.077,-0.003,-0.017,0.075,-0.002,-0.017,0,0,0,375,375,600,375,0
4.122,0.0,-0.001,0.0,0.077,-0.003,-0.017,0.076,-0.003,-0.017,0,0,0,375,375,600,375,0
4.14,0.0,-0.0,-0.001,0.077,-0.003,-0.017,0.076,-0.003,-0.016,0,0,0,375,375,600,375,0
4.16,0.0,-0.001,-0.001,0.077,-0.003,-0.017,0.076,-0.003,-0.016,0,0,0,375,375,600,375,0
4.178,-0.0,-0.0,-0.001,0.077,-0.003,-0.017,0.077,-0.003,-0.016,0,0,0,375,375,600,375,0
4.197,0.0,-0.001,-0.001,0.077,-0.003,-0.017,0.076,-0.003,-0.015,0,0,0,375,375,600,375,0
4.216,0.0,-0.0,-0.001,0.077,-0.003,-0.016,0.077,-0.003,-0.015,0,0,0,375,375,600,375,0
4.235,0.0,-0.0,-0.002,0.077,-0.003,-0.016,0.077,-0.003,-0.015,0,0,0,375,375,600,375,0
4.254,-0.0,-0.0,-0.001,0.077,-0.003,-0.016,0.077,-0.003,-0.015,0,0,0,375,375,600,375,0
4.276,-0.001,-0.0,-0.001,0.077,-0.003,-0.016,0.077,-0.003,-0.015,0,0,0,375,375,600,375,0
4.297,-0.0,-0.001,-0.0,0.077,-0.003,-0.016,0.077,-0.003,-0.016,0,0,0,375,375,600,375,0
4.316,-0.001,-0.0,-0.0,0.077,-0.003,-0.015,0.077,-0.003,-0.015,0,0,0,375,375,600,375,0
4.333,-0.0,-0.001,-0.0,0.077,-0.003,-0.015,0.077,-0.002,-0.015,0,0,0,375,375,600,375,0
4.399,0.0,-0.001,0.0,0.077,-0.003,-0.015,0.077,-0.002,-0.015,0,0,0,375,375,600,375,0
4.416,0.0,-0.0,-0.001,0.077,-0.003,-0.015,0.077,-0.003,-0.014,0,0,0,375,375,600,375,0
4.432,0.0,-0.001,-0.002,0.077,-0.003,-0.014,0.077,-0.003,-0.013,0,0,0,375,375,600,375,0
4.456,0.0,-0.001,-0.002,0.077,-0.003,-0.014,0.077,-0.003,-0.013,0,0,0,375,375,600,375,0
4.476,0.001,-0.001,-0.001,0.077,-0.003,-0.014,0.076,-0.002,-0.013,0,0,0,375,375,600,375,0
4.496,0.0,-0.001,-0.001,0.077,-0.003,-0.014,0.077,-0.002,-0.013,0,0,0,375,375,600,375,0
4.517,0.0,-0.001,-0.001,0.077,-0.003,-0.014,0.077,-0.002,-0.013,0,0,0,375,375,600,375,0
4.542,0.001,-0.001,-0.001,0.077,-0.003,-0.014,0.077,-0.002,-0.013,0,0,0,375,375,600,375,0
4.559,0.001,-0.001,-0.001,0.077,-0.003,-0.014,0.076,-0.002,-0.012,0,0,0,375,375,600,375,0
4.576,0.002,-0.001,-0.001,0.077,-0.003,-0.013,0.076,-0.002,-0.012,0,0,0,375,375,600,375,0
4.596,0.001,-0.001,-0.001,0.077,-0.003,-0.013,0.076,-0.002,-0.012,0,0,0,375,375,600,375,0
4.615,0.001,-0.0,-0.001,0.077,-0.003,-0.013,0.076,-0.003,-0.012,0,0,0,375,375,600,375,0
4.64,0.001,-0.001,-0.001,0.077,-0.003,-0.013,0.076,-0.002,-0.012,0,0,0,375,375,600,375,0
4.659,0.001,-0.001,-0.001,0.077,-0.003,-0.013,0.076,-0.002,-0.012,0,0,0,375,375,600,375,0
4.68,0.001,-0.001,-0.001,0.077,-0.003,-0.013,0.076,-0.002,-0.012,0,0,0,375,375,600,375,0
4.696,0.001,-0.001,-0.001,0.077,-0.003,-0.013,0.076,-0.002,-0.012,0,0,0,375,375,600,375,0
4.714,0.001,-0.001,-0.001,0.077,-0.003,-0.013,0.076,-0.002,-0.012,0,0,0,375,375,600,375,0
4.73,0.001,-0.001,-0.001,0.077,-0.003,-0.012,0.076,-0.002,-0.012,0,0,0,375,375,600,375,0
4.75,0.001,-0.0,-0.002,0.077,-0.003,-0.012,0.076,-0.002,-0.011,0,0,0,375,375,600,375,0
4.765,0.001,-0.001,-0.002,0.077,-0.003,-0.012,0.076,-0.002,-0.01,0,0,0,375,375,600,375,0
4.781,0.001,-0.001,-0.002,0.077,-0.003,-0.012,0.076,-0.002,-0.011,0,0,0,375,375,600,375,0
4.8,0.001,-0.001,-0.001,0.077,-0.003,-0.012,0.076,-0.002,-0.011,0,0,0,375,375,600,375,0
4.818,0.002,-0.001,-0.001,0.077,-0.003,-0.012,0.075,-0.002,-0.011,0,0,0,375,375,600,375,0
4.842,0.002,-0.002,-0.0,0.077,-0.003,-0.012,0.075,-0.001,-0.012,0,0,0,375,375,600,375,0
4.861,0.001,-0.001,0.0,0.077,-0.003,-0.012,0.076,-0.002,-0.012,0,0,0,375,375,600,375,0
4.884,0.002,-0.001,-0.0,0.077,-0.003,-0.012,0.076,-0.002,-0.011,0,0,0,375,375,600,375,0
4.904,0.002,-0.001,-0.001,0.077,-0.003,-0.012,0.075,-0.002,-0.011,0,0,0,375,375,600,375,0
4.92,0.002,-0.001,-0.001,0.077,-0.003,-0.012,0.075,-0.002,-0.011,0,0,0,375,375,600,375,0
4.938,0.002,-0.001,-0.0,0.077,-0.003,-0.01,0.075,-0.002,-0.01,0,0,0,375,375,600,375,0
4.959,0.002,-0.001,0.0,0.077,-0.004,-0.005,0.075,-0.003,-0.005,0,0,0,375,375,600,375,0
4.977,0.002,-0.001,-0.0,0.077,-0.004,-0.002,0.075,-0.004,-0.002,0,0,0,375,375,600,375,0
4.994,0.002,-0.001,-0.0,0.077,-0.004,-0.003,0.076,-0.003,-0.003,0,0,0,375,375,600,375,0
5.011,0.002,-0.001,-0.0,0.078,-0.003,-0.009,0.076,-0.002,-0.008,0,0,0,375,375,600,375,0
5.028,0.002,-0.001,0.0,0.077,-0.002,-0.013,0.075,-0.002,-0.013,0,0,0,375,375,600,375,0
5.048,0.001,-0.001,0.0,0.076,-0.002,-0.011,0.074,-0.002,-0.012,0,0,0,375,375,600,375,0
5.07,0.001,-0.001,0.001,0.075,-0.001,-0.014,0.075,-0.001,-0.014,0,0,0,375,375,600,375,0
5.087,0.001,-0.0,0.0,0.075,-0.001,-0.015,0.074,-0.001,-0.015,0,0,0,375,375,600,375,0
5.106,0.001,-0.0,0.0,0.075,-0.001,-0.016,0.074,-0.0,-0.016,0,0,0,375,375,600,375,0
5.13,0.002,-0.001,0.0,0.075,-0.0,-0.017,0.073,0.0,-0.017,0,0,0,375,375,600,375,0
5.147,0.001,-0.0,-0.001,0.075,-0.0,-0.017,0.073,0.0,-0.017,0,0,0,375,375,600,375,0
5.168,0.001,-0.001,-0.0,0.075,-0.0,-0.018,0.074,0.001,-0.017,0,0,0,375,375,600,375,0
5.185,0.002,-0.001,-0.0,0.075,0.0,-0.018,0.073,0.001,-0.017,0,0,0,375,375,600,375,0
5.207,0.002,-0.001,-0.001,0.075,0.0,-0.018,0.073,0.001,-0.017,0,0,0,375,375,600,375,0
5.226,0.002,-0.001,-0.001,0.075,0.0,-0.018,0.073,0.001,-0.017,0,0,0,375,375,600,375,0
5.244,0.002,-0.001,-0.001,0.069,-0.0,-0.017,0.067,0.001,-0.016,0,0,0,375,375,600,375,0
5.266,0.001,-0.001,-0.001,0.042,0.0,-0.014,0.041,0.001,-0.013,0,0,0,375,375,600,375,0
5.284,0.002,-0.001,-0.001,0.031,-0.0,-0.014,0.029,0.001,-0.013,0,0,0,375,375,600,375,0
5.303,0.002,-0.0,-0.001,0.033,-0.001,-0.013,0.031,-0.001,-0.012,0,0,0,375,375,600,375,0
5.321,0.002,-0.0,-0.001,0.043,0.0,-0.013,0.041,0.0,-0.012,0,0,0,375,375,600,375,0
5.338,0.002,-0.001,-0.0,0.06,0.0,-0.017,0.057,0.001,-0.017,0,0,0,375,375,600,375,0
5.357,0.003,-0.001,-0.0,0.063,-0.002,-0.016,0.06,-0.001,-0.016,0,0,0,375,375,600,375,0
5.378,0.003,-0.001,-0.0,0.061,-0.003,-0.015,0.058,-0.002,-0.015,0,0,0,375,375,600,375,0
5.401,0.003,-0.001,-0.0,0.063,-0.004,-0.011,0.06,-0.003,-0.011,0,0,0,375,375,600,375,0
5.416,0.002,-0.0,0.0,0.076,-0.006,0.001,0.073,-0.005,0.001,0,0,0,375,375,600,375,0
5.433,0.002,-0.0,-0.0,0.088,-0.009,0.018,0.086,-0.008,0.018,0,0,0,375,375,600,375,0
5.456,0.002,-0.001,-0.0,0.067,-0.017,0.038,0.065,-0.016,0.038,0.024,7.85,4.71,375,375,600,375,0
5.474,0.002,-0.0,-0.0,0.044,-0.029,0.048,0.042,-0.029,0.049,0.031,7.85,4.71,375,375,600,375,0
5.512,0.001,0.0,-0.001,-0.014,-0.086,0.054,-0.014,-0.086,0.055,0.055,7.07,3.93,375,375,600,375,0
5.531,0.001,-0.0,-0.0,-0.036,-0.122,0.048,-0.037,-0.121,0.049,0.077,7.07,3.93,375,375,600,375,0
5.548,0.001,-0.0,0.0,-0.045,-0.154,0.042,-0.047,-0.154,0.042,0.098,7.07,3.93,375,375,600,375,0
5.564,0.001,-0.0,0.0,-0.047,-0.2,0.048,-0.048,-0.2,0.048,0.127,7.07,3.93,375,375,600,375,0
5.584,0.001,0.0,0.0,-0.043,-0.242,0.05,-0.044,-0.242,0.05,0.154,7.07,3.93,375,375,600,375,0
5.613,0.001,-0.0,0.001,-0.03,-0.324,0.054,-0.032,-0.324,0.054,0.206,7.07,3.93,375,375,600,375,0
5.635,0.002,-0.0,0.0,-0.018,-0.436,0.074,-0.02,-0.436,0.074,0.277,7.07,3.93,375,375,600,375,0
5.652,0.002,-0.0,-0.0,-0.005,-0.491,0.062,-0.007,-0.491,0.062,0.312,7.07,3.93,375,375,600,375,0
5.668,0.001,-0.0,-0.001,-0.001,-0.526,0.043,-0.002,-0.525,0.044,0.334,7.07,3.93,375,375,600,375,0
5.686,0.002,-0.0,-0.001,-0.002,-0.553,0.021,-0.003,-0.553,0.022,0.352,6.28,3.14,375,375,600,375,0
5.71,0.001,-0.0,-0.001,-0.016,-0.605,-0.002,-0.018,-0.605,-0.001,0.385,6.28,3.14,375,375,600,375,0
5.749,0.001,-0.0,0.0,-0.04,-0.67,-0.051,-0.042,-0.669,-0.051,0.426,5.5,2.36,375,375,600,375,0
5.771,0.001,-0.001,0.0,-0.039,-0.695,-0.067,-0.041,-0.694,-0.067,0.442,5.5,2.36,375,375,600,375,0
5.79,0.001,-0.001,0.001,-0.035,-0.711,-0.07,-0.036,-0.711,-0.071,0.452,5.5,2.36,375,375,600,375,0
5.808,0.0,-0.001,0.001,-0.032,-0.729,-0.065,-0.032,-0.728,-0.066,0.464,5.5,2.36,375,375,600,375,0
5.827,0.001,-0.001,0.001,-0.032,-0.75,-0.055,-0.032,-0.749,-0.056,0.477,5.5,2.36,375,375,600,375,0
5.851,0.001,-0.001,0.0,-0.033,-0.779,-0.05,-0.034,-0.778,-0.05,0.495,5.5,2.36,375,375,600,375,0
5.869,0.001,-0.001,0.0,-0.033,-0.809,-0.047,-0.033,-0.808,-0.048,0.514,5.5,2.36,375,375,600,375,0
5.888,0.0,0.0,0.0,-0.03,-0.835,-0.048,-0.03,-0.835,-0.048,0.532,5.5,2.36,375,375,600,375,0
5.906,0.001,-0.0,0.0,-0.024,-0.858,-0.058,-0.025,-0.858,-0.058,0.546,5.5,2.36,375,375,600,375,0
5.922,0.002,-0.0,-0.0,-0.022,-0.877,-0.058,-0.024,-0.877,-0.058,0.558,5.5,2.36,375,375,600,375,0
5.939,0.001,-0.0,-0.0,-0.022,-0.886,-0.059,-0.023,-0.886,-0.059,0.564,5.5,2.36,375,375,600,375,0
5.956,0.002,-0.0,-0.0,-0.019,-0.89,-0.063,-0.021,-0.889,-0.062,0.566,5.5,2.36,375,375,600,375,0
5.975,0.001,-0.0,-0.001,-0.02,-0.893,-0.061,-0.021,-0.893,-0.061,0.568,5.5,2.36,375,375,600,375,0
6.011,0.001,-0.0,-0.001,-0.016,-0.9,-0.069,-0.018,-0.899,-0.068,0.572,5.5,2.36,375,375,600,375,0
6.03,0.002,-0.001,-0.0,-0.014,-0.903,-0.075,-0.016,-0.903,-0.074,0.575,5.5,2.36,375,375,600,375,0
6.05,0.001,-0.001,-0.0,-0.014,-0.907,-0.079,-0.015,-0.906,-0.079,0.577,5.5,2.36,375,375,600,375,0
6.067,0.001,-0.001,0.0,-0.014,-0.909,-0.082,-0.015,-0.908,-0.083,0.578,5.5,2.36,375,375,600,375,0
6.084,0.001,-0.001,0.0,-0.013,-0.91,-0.084,-0.014,-0.909,-0.085,0.579,5.5,2.36,375,375,600,375,0
6.104,0.002,-0.001,0.001,-0.01,-0.91,-0.09,-0.011,-0.909,-0.091,0.579,5.5,2.36,375,375,600,375,0
6.137,0.002,-0.001,0.0,-0.007,-0.909,-0.095,-0.009,-0.909,-0.095,0.578,5.5,2.36,375,375,600,375,0
6.176,0.001,-0.001,0.0,-0.001,-0.906,-0.107,-0.003,-0.905,-0.107,0.576,5.5,2.36,375,375,600,375,0
6.193,0.001,-0.0,-0.0,-0.002,-0.903,-0.107,-0.003,-0.902,-0.107,0.574,5.5,2.36,375,375,600,375,0
6.209,0.001,-0.0,-0.0,-0.009,-0.899,-0.105,-0.01,-0.898,-0.104,0.572,5.5,2.36,375,375,600,375,0
6.227,0.0,-0.0,-0.001,-0.009,-0.899,-0.101,-0.009,-0.899,-0.101,0.572,5.5,2.36,375,375,600,375,0
6.244,0.001,-0.0,-0.001,-0.006,-0.899,-0.102,-0.007,-0.899,-0.102,0.572,5.5,2.36,375,375,600,375,0
6.26,0.001,-0.0,0.0,-0.005,-0.898,-0.103,-0.007,-0.898,-0.104,0.572,5.5,2.36,375,375,600,375,0
6.278,0.001,-0.001,0.0,-0.006,-0.898,-0.104,-0.007,-0.897,-0.104,0.571,5.5,2.36,375,375,600,375,0
6.297,0.001,-0.0,0.0,-0.006,-0.898,-0.105,-0.006,-0.898,-0.106,0.572,5.5,2.36,375,375,600,375,0
6.317,0.0,-0.0,0.0,-0.006,-0.898,-0.106,-0.007,-0.898,-0.106,0.572,5.5,2.36,375,375,600,375,0
6.342,0.0,-0.001,0.001,-0.005,-0.898,-0.108,-0.005,-0.897,-0.109,0.571,5.5,2.36,375,375,600,375,0
6.383,0.0,-0.001,0.001,0.002,-0.899,-0.118,0.002,-0.898,-0.119,0.572,5.5,2.36,375,375,600,375,0
6.4,0.0,-0.0,-0.0,0.004,-0.9,-0.12,0.003,-0.899,-0.12,0.573,5.5,2.36,375,375,600,375,0
6.438,0.0,0.0,-0.0,-0.002,-0.904,-0.114,-0.002,-0.904,-0.114,0.576,5.5,2.36,375,375,600,375,0
6.462,0.001,0.0,-0.001,-0.003,-0.904,-0.113,-0.004,-0.904,-0.112,0.576,5.5,2.36,375,375,600,375,0
6.481,0.001,-0.001,-0.0,-0.003,-0.905,-0.115,-0.004,-0.904,-0.114,0.576,5.5,2.36,375,375,600,375,0
6.5,0.002,-0.001,-0.001,-0.001,-0.904,-0.121,-0.003,-0.903,-0.12,0.575,5.5,2.36,375,375,600,375,0
6.521,0.002,-0.001,-0.0,0.006,-0.902,-0.129,0.004,-0.901,-0.129,0.574,5.5,2.36,375,375,600,375,0
6.544,0.002,-0.001,-0.0,0.008,-0.901,-0.127,0.006,-0.9,-0.127,0.573,5.5,2.36,375,375,600,375,0
6.586,0.003,-0.001,-0.0,0.007,-0.904,-0.125,0.005,-0.902,-0.125,0.574,5.5,2.36,375,375,600,375,0
6.61,0.002,-0.001,0.0,0.009,-0.904,-0.128,0.008,-0.903,-0.128,0.575,5.5,2.36,375,375,600,375,0
6.626,0.002,-0.001,0.0,0.013,-0.904,-0.132,0.011,-0.903,-0.133,0.575,5.5,2.36,375,375,600,375,0
6.664,0.001,0.0,-0.0,0.021,-0.905,-0.142,0.02,-0.905,-0.142,0.576,5.5,2.36,375,375,600,375,0
6.687,0.002,-0.001,-0.0,0.022,-0.905,-0.144,0.021,-0.905,-0.144,0.576,5.5,2.36,375,375,600,375,0
6.708,0.002,-0.0,-0.001,0.023,-0.905,-0.145,0.021,-0.905,-0.144,0.576,5.5,2.36,375,375,600,375,0
6.729,0.002,-0.001,-0.001,0.024,-0.905,-0.147,0.022,-0.904,-0.146,0.576,5.5,2.36,375,375,600,375,0
6.75,0.002,-0.001,-0.0,0.026,-0.905,-0.15,0.024,-0.905,-0.15,0.576,5.5,2.36,375,375,600,375,0
6.777,0.002,-0.001,-0.0,0.029,-0.905,-0.157,0.028,-0.904,-0.157,0.576,5.5,2.36,375,375,600,375,0
6.794,0.008,0.0,-0.007,0.031,-0.906,-0.158,0.023,-0.906,-0.15,0.577,5.5,2.36,375,375,600,375,0
6.812,0.024,-0.007,-0.006,0.032,-0.907,-0.157,0.008,-0.899,-0.151,0.573,5.5,2.36,375,375,600,375,0
6.852,0.033,-0.005,-0.023,0.035,-0.908,-0.161,0.002,-0.902,-0.138,0.574,5.5,2.36,375,375,600,375,0
6.871,0.031,0.018,0.013,0.036,-0.908,-0.163,0.005,-0.926,-0.176,0.589,5.5,2.36,375,375,600,375,0
6.893,0.008,0.033,0.042,0.037,-0.908,-0.164,0.029,-0.94,-0.207,0.599,5.5,2.36,374,375,600,375,0
6.908,-0.016,0.053,0.034,0.038,-0.908,-0.165,0.053,-0.961,-0.2,0.612,5.5,2.36,373,375,600,375,0
6.926,-0.021,0.05,0.039,0.037,-0.909,-0.165,0.059,-0.959,-0.204,0.61,5.5,2.36,371,375,600,375,0
6.942,-0.027,0.044,0.035,0.037,-0.909,-0.165,0.065,-0.953,-0.201,0.607,5.5,2.36,370,375,600,375,0
6.962,-0.025,0.021,0.025,0.037,-0.91,-0.166,0.062,-0.931,-0.191,0.593,5.5,2.36,370,375,600,375,0
6.984,-0.024,-0.014,0.035,0.037,-0.91,-0.167,0.062,-0.896,-0.201,0.57,5.5,2.36,369,375,600,375,0
7.002,-0.029,-0.055,0.023,0.037,-0.909,-0.167,0.067,-0.855,-0.19,0.544,5.5,2.36,367,374,600,375,0
7.017,-0.034,-0.081,0.025,0.038,-0.909,-0.167,0.072,-0.829,-0.192,0.527,5.5,2.36,365,374,600,375,0
7.04,-0.032,-0.121,0.027,0.038,-0.911,-0.168,0.07,-0.79,-0.195,0.503,5.5,2.36,363,374,600,375,0
7.061,-0.029,-0.178,0.028,0.037,-0.914,-0.168,0.066,-0.736,-0.196,0.469,5.5,2.36,361,374,600,375,0
7.082,-0.019,-0.246,0.036,0.038,-0.915,-0.169,0.056,-0.669,-0.205,0.426,5.5,2.36,358,374,600,375,0
7.121,-0.009,-0.307,0.042,0.038,-0.917,-0.17,0.047,-0.609,-0.212,0.388,5.5,2.36,355,374,600,375,0
7.141,-0.009,-0.323,0.044,0.037,-0.917,-0.17,0.046,-0.594,-0.214,0.378,5.5,2.36,352,374,600,375,0
7.162,-0.013,-0.326,0.044,0.037,-0.917,-0.169,0.05,-0.591,-0.214,0.376,5.5,2.36,349,374,600,375,0
7.178,-0.018,-0.339,0.041,0.037,-0.917,-0.17,0.055,-0.578,-0.211,0.368,5.5,2.36,346,374,600,375,0
7.218,-0.024,-0.348,0.043,0.04,-0.917,-0.175,0.064,-0.569,-0.218,0.363,5.5,2.36,343,374,600,375,0
7.243,-0.026,-0.349,0.058,0.045,-0.918,-0.18,0.071,-0.569,-0.238,0.362,5.5,2.36,340,374,600,375,0
7.261,-0.022,-0.349,0.072,0.053,-0.915,-0.18,0.075,-0.567,-0.251,0.361,5.5,2.36,337,374,600,375,0
7.277,-0.016,-0.35,0.077,0.055,-0.914,-0.18,0.071,-0.563,-0.257,0.359,5.5,2.36,334,374,600,375,0
7.294,-0.014,-0.353,0.078,0.054,-0.912,-0.179,0.068,-0.56,-0.257,0.356,5.5,2.36,330,374,600,375,0
7.311,-0.017,-0.354,0.081,0.052,-0.911,-0.18,0.069,-0.558,-0.261,0.355,5.5,2.36,327,374,600,375,0
7.333,-0.017,-0.351,0.091,0.052,-0.911,-0.181,0.069,-0.56,-0.272,0.356,5.5,2.36,324,374,600,375,0
7.35,-0.012,-0.352,0.096,0.052,-0.911,-0.18,0.064,-0.559,-0.277,0.356,5.5,2.36,321,374,600,375,0
7.367,-0.008,-0.358,0.099,0.053,-0.912,-0.181,0.061,-0.554,-0.28,0.353,5.5,2.36,318,374,600,375,0
7.391,-0.005,-0.362,0.102,0.054,-0.912,-0.182,0.059,-0.549,-0.283,0.35,5.5,2.36,315,375,600,375,0
7.415,-0.008,-0.358,0.106,0.053,-0.911,-0.182,0.061,-0.553,-0.289,0.352,5.5,2.36,311,375,600,375,0
7.432,-0.009,-0.357,0.105,0.052,-0.909,-0.182,0.061,-0.552,-0.287,0.352,5.5,2.36,308,375,600,375,0
7.45,-0.01,-0.354,0.103,0.052,-0.908,-0.182,0.062,-0.554,-0.285,0.353,5.5,2.36,305,375,600,375,0
7.492,-0.012,-0.351,0.1,0.051,-0.907,-0.182,0.062,-0.556,-0.283,0.354,5.5,2.36,302,375,600,375,0
7.512,-0.014,-0.349,0.088,0.051,-0.907,-0.182,0.065,-0.558,-0.27,0.355,5.5,2.36,299,376,600,375,0
7.53,-0.017,-0.351,0.078,0.051,-0.908,-0.181,0.068,-0.557,-0.259,0.355,5.5,2.36,296,376,600,375,0
7.551,-0.018,-0.349,0.07,0.052,-0.908,-0.181,0.07,-0.559,-0.251,0.356,5.5,2.36,293,376,600,375,0
7.57,-0.017,-0.348,0.071,0.052,-0.908,-0.181,0.069,-0.559,-0.253,0.356,5.5,2.36,290,376,600,375,0
7.595,-0.014,-0.349,0.074,0.051,-0.907,-0.181,0.065,-0.558,-0.255,0.355,5.5,2.36,287,376,600,375,0
7.612,-0.013,-0.351,0.08,0.051,-0.906,-0.18,0.063,-0.555,-0.26,0.354,5.5,2.36,283,376,600,375,0
7.63,-0.015,-0.349,0.083,0.051,-0.906,-0.182,0.066,-0.557,-0.264,0.355,5.5,2.36,280,376,600,375,0
7.655,-0.017,-0.347,0.081,0.051,-0.906,-0.182,0.068,-0.559,-0.264,0.356,5.5,2.36,277,376,600,375,0
7.673,-0.02,-0.345,0.083,0.051,-0.906,-0.182,0.071,-0.561,-0.265,0.357,5.5,2.36,274,376,600,375,0
7.689,-0.02,-0.345,0.083,0.052,-0.906,-0.183,0.072,-0.561,-0.265,0.357,5.5,2.36,271,376,600,375,0
7.709,-0.019,-0.345,0.083,0.053,-0.906,-0.183,0.072,-0.561,-0.266,0.357,5.5,2.36,268,376,600,375,0
7.734,-0.019,-0.345,0.085,0.053,-0.906,-0.183,0.072,-0.561,-0.269,0.357,5.5,2.36,265,377,600,375,0
7.75,-0.021,-0.341,0.086,0.052,-0.905,-0.182,0.073,-0.564,-0.268,0.359,5.5,2.36,262,377,600,375,0
7.768,-0.02,-0.339,0.086,0.052,-0.905,-0.179,0.072,-0.566,-0.265,0.36,5.5,2.36,259,377,600,375,0
7.784,-0.02,-0.337,0.086,0.052,-0.905,-0.179,0.072,-0.568,-0.265,0.361,5.5,2.36,256,377,600,375,0
7.803,-0.019,-0.337,0.084,0.052,-0.905,-0.178,0.071,-0.568,-0.262,0.362,5.5,2.36,253,377,600,375,0
7.823,-0.018,-0.337,0.083,0.052,-0.905,-0.177,0.07,-0.568,-0.261,0.362,5.5,2.36,250,377,600,375,0
7.839,-0.019,-0.332,0.09,0.052,-0.905,-0.177,0.071,-0.573,-0.267,0.365,5.5,2.36,247,377,600,375,0
7.857,-0.015,-0.333,0.09,0.052,-0.904,-0.18,0.068,-0.571,-0.27,0.363,5.5,2.36,244,377,600,375,0
7.876,-0.016,-0.333,0.091,0.053,-0.903,-0.183,0.068,-0.57,-0.274,0.363,5.5,2.36,240,378,600,375,0
7.897,-0.016,-0.331,0.093,0.053,-0.903,-0.185,0.069,-0.572,-0.278,0.364,5.5,2.36,237,378,600,375,0
7.915,-0.016,-0.326,0.096,0.054,-0.902,-0.187,0.069,-0.576,-0.283,0.367,5.5,2.36,234,378,600,375,0
7.932,-0.015,-0.329,0.094,0.054,-0.903,-0.187,0.07,-0.574,-0.281,0.365,5.5,2.36,231,378,600,375,0
7.969,-0.017,-0.328,0.092,0.055,-0.903,-0.186,0.072,-0.574,-0.278,0.366,5.5,2.36,228,378,600,375,0
7.993,-0.019,-0.327,0.092,0.055,-0.903,-0.184,0.074,-0.576,-0.276,0.367,5.5,2.36,225,378,600,375,0
8.012,-0.019,-0.326,0.092,0.055,-0.902,-0.184,0.074,-0.576,-0.277,0.367,5.5,2.36,222,378,600,375,0
8.056,-0.019,-0.327,0.094,0.055,-0.902,-0.184,0.074,-0.575,-0.278,0.366,5.5,2.36,219,379,600,375,0
8.077,-0.022,-0.325,0.087,0.055,-0.903,-0.183,0.077,-0.578,-0.27,0.368,5.5,2.36,216,379,600,375,0
8.095,-0.023,-0.326,0.083,0.055,-0.903,-0.182,0.078,-0.577,-0.265,0.368,5.5,2.36,213,379,600,375,0
8.112,-0.023,-0.327,0.079,0.055,-0.902,-0.182,0.078,-0.576,-0.261,0.366,5.5,2.36,210,379,600,375,0
8.132,-0.026,-0.325,0.075,0.055,-0.902,-0.181,0.08,-0.577,-0.256,0.367,5.5,2.36,208,379,600,375,0
8.152,-0.028,-0.324,0.071,0.054,-0.901,-0.182,0.083,-0.577,-0.252,0.368,5.5,2.36,205,379,600,375,0
8.174,-0.03,-0.321,0.07,0.055,-0.9,-0.182,0.084,-0.58,-0.252,0.369,5.5,2.36,202,379,600,375,0
8.195,-0.028,-0.322,0.067,0.055,-0.9,-0.182,0.084,-0.578,-0.249,0.368,5.5,2.36,199,379,600,375,0
8.224,-0.03,-0.322,0.063,0.055,-0.899,-0.182,0.085,-0.577,-0.244,0.367,5.5,2.36,196,379,600,375,0
8.245,-0.032,-0.321,0.058,0.055,-0.898,-0.181,0.087,-0.577,-0.238,0.367,5.5,2.36,193,379,600,375,0
8.261,-0.034,-0.32,0.054,0.055,-0.897,-0.18,0.089,-0.577,-0.234,0.367,5.5,2.36,190,379,600,375,0
8.277,-0.033,-0.321,0.056,0.055,-0.897,-0.18,0.088,-0.576,-0.236,0.366,5.5,2.36,187,379,600,375,0
8.292,-0.033,-0.322,0.056,0.055,-0.896,-0.18,0.088,-0.575,-0.236,0.366,5.5,2.36,184,379,600,375,0
8.315,-0.034,-0.319,0.056,0.055,-0.896,-0.18,0.089,-0.577,-0.236,0.367,5.5,2.36,181,379,600,375,0
8.334,-0.035,-0.317,0.054,0.055,-0.896,-0.18,0.09,-0.58,-0.234,0.369,5.5,2.36,178,379,600,375,0
8.351,-0.032,-0.32,0.052,0.056,-0.896,-0.181,0.088,-0.577,-0.233,0.367,5.5,2.36,175,379,600,375,0
8.378,-0.033,-0.319,0.051,0.062,-0.896,-0.179,0.095,-0.577,-0.23,0.367,5.5,2.36,172,379,600,375,0
8.403,-0.034,-0.318,0.048,0.063,-0.896,-0.18,0.096,-0.578,-0.228,0.368,5.5,2.36,169,379,600,375,0
8.423,-0.033,-0.316,0.045,0.062,-0.895,-0.18,0.096,-0.58,-0.225,0.369,5.5,2.36,166,379,600,375,0
8.44,-0.034,-0.314,0.044,0.062,-0.895,-0.18,0.096,-0.581,-0.224,0.37,5.5,2.36,163,379,600,375,0
8.479,-0.036,-0.309,0.044,0.064,-0.895,-0.18,0.1,-0.585,-0.224,0.373,5.5,2.36,160,379,600,375,0
8.522,-0.036,-0.308,0.045,0.073,-0.894,-0.182,0.109,-0.586,-0.227,0.373,5.5,2.36,372,375,375,600,1
8.539,-0.038,-0.309,0.046,0.075,-0.893,-0.185,0.112,-0.584,-0.231,0.372,5.5,2.36,369,375,375,600,1
8.557,-0.042,-0.307,0.046,0.076,-0.891,-0.187,0.118,-0.584,-0.233,0.372,5.5,2.36,366,375,375,600,1
8.577,-0.051,-0.301,0.051,0.077,-0.888,-0.188,0.128,-0.587,-0.239,0.374,5.5,2.36,363,375,375,600,1
8.597,-0.058,-0.291,0.063,0.079,-0.884,-0.191,0.137,-0.593,-0.254,0.377,5.5,2.36,361,375,375,600,1
8.614,-0.058,-0.276,0.074,0.08,-0.88,-0.193,0.138,-0.605,-0.267,0.385,5.5,2.36,358,375,375,600,1
8.636,-0.055,-0.265,0.075,0.08,-0.876,-0.196,0.136,-0.611,-0.271,0.389,5.5,2.36,355,375,375,600,1
8.656,-0.054,-0.257,0.073,0.079,-0.869,-0.204,0.134,-0.612,-0.277,0.389,5.5,2.36,353,375,375,600,1
8.675,-0.063,-0.248,0.077,0.077,-0.86,-0.213,0.14,-0.612,-0.291,0.39,5.5,2.36,350,375,375,600,1
8.691,-0.069,-0.225,0.083,0.079,-0.849,-0.215,0.148,-0.624,-0.298,0.398,5.5,2.36,348,375,375,600,1
8.713,-0.063,-0.17,0.066,0.087,-0.823,-0.219,0.15,-0.654,-0.285,0.416,5.5,2.36,346,375,375,600,1
8.729,-0.05,-0.106,0.018,0.094,-0.795,-0.218,0.145,-0.689,-0.236,0.439,5.5,2.36,344,375,375,600,1
8.765,-0.077,-0.068,-0.022,0.113,-0.743,-0.22,0.19,-0.675,-0.198,0.43,5.5,2.36,342,374,375,600,1
8.785,-0.163,0.001,-0.002,0.122,-0.715,-0.217,0.285,-0.715,-0.215,0.455,5.5,2.36,342,374,375,600,1
8.803,-0.233,0.032,0.008,0.134,-0.676,-0.215,0.367,-0.708,-0.224,0.451,5.5,2.36,342,374,375,600,1
8.82,-0.244,0.052,0.012,0.143,-0.64,-0.21,0.387,-0.692,-0.222,0.441,5.5,2.36,342,374,375,600,1
8.837,-0.258,0.059,0.02,0.158,-0.58,-0.203,0.416,-0.639,-0.224,0.407,5.5,2.36,341,374,375,600,1
8.854,-0.274,0.064,0.031,0.178,-0.515,-0.196,0.452,-0.579,-0.227,0.368,5.5,2.36,340,374,375,600,1
8.881,-0.285,0.072,0.045,0.204,-0.443,-0.183,0.489,-0.516,-0.228,0.328,5.5,2.36,340,373,375,600,1
8.896,-0.346,0.079,0.068,0.222,-0.402,-0.174,0.567,-0.481,-0.242,0.306,5.5,2.36,340,373,375,600,1
8.919,-0.351,0.082,0.064,0.236,-0.371,-0.166,0.587,-0.453,-0.23,0.288,5.5,2.36,340,374,375,600,1
8.936,-0.364,0.083,0.057,0.244,-0.344,-0.154,0.608,-0.427,-0.211,0.272,5.5,2.36,339,374,375,600,1
8.952,-0.361,0.081,0.054,0.253,-0.309,-0.141,0.614,-0.39,-0.195,0.249,5.5,2.36,339,374,375,600,1
8.97,-0.35,0.081,0.049,0.262,-0.262,-0.128,0.611,-0.343,-0.177,0.218,5.5,2.36,339,374,375,600,1
8.988,-0.328,0.08,0.036,0.27,-0.221,-0.128,0.598,-0.301,-0.164,0.192,5.5,2.36,339,374,375,600,1
9.008,-0.306,0.072,0.038,0.285,-0.165,-0.148,0.591,-0.237,-0.186,0.151,5.5,2.36,339,374,375,600,1
9.027,-0.288,0.067,0.038,0.29,-0.14,-0.149,0.578,-0.207,-0.187,0.132,5.5,2.36,339,373,375,600,1
9.048,-0.273,0.067,0.031,0.286,-0.125,-0.132,0.559,-0.192,-0.163,0.122,5.5,2.36,340,373,375,600,1
9.065,-0.256,0.064,0.022,0.277,-0.112,-0.112,0.532,-0.176,-0.134,0.112,5.5,2.36,340,373,375,600,1
9.082,-0.24,0.047,0.023,0.266,-0.095,-0.087,0.506,-0.142,-0.111,0.091,5.5,2.36,340,373,375,600,1
9.098,-0.208,0.031,0.025,0.257,-0.08,-0.068,0.466,-0.112,-0.093,0.071,5.5,2.36,340,373,375,600,1
9.114,-0.203,0.023,0.032,0.247,-0.061,-0.051,0.45,-0.085,-0.083,0.054,5.5,2.36,340,373,375,600,1
9.133,-0.196,0.014,0.043,0.238,-0.051,-0.038,0.434,-0.065,-0.081,0.052,5.5,2.36,340,373,375,600,1
9.157,-0.204,0.01,0.057,0.221,-0.04,-0.02,0.425,-0.049,-0.077,0.049,5.5,2.36,340,374,375,600,1
9.173,-0.192,0.007,0.062,0.208,-0.033,-0.012,0.401,-0.04,-0.074,0.047,5.5,2.36,340,374,375,600,1
9.196,-0.173,0.004,0.069,0.194,-0.025,-0.007,0.367,-0.028,-0.076,0.048,4.71,1.57,340,374,375,600,1
9.214,-0.147,-0.008,0.073,0.189,-0.025,-0.012,0.337,-0.017,-0.085,0.054,4.71,1.57,340,374,375,600,1
9.231,-0.139,-0.008,0.072,0.189,-0.026,-0.018,0.328,-0.018,-0.09,0.058,4.71,1.57,340,374,375,600,1
9.249,-0.139,-0.005,0.075,0.189,-0.026,-0.021,0.328,-0.021,-0.096,0.061,4.71,1.57,340,374,375,600,1
9.263,-0.141,0.002,0.073,0.185,-0.026,-0.02,0.326,-0.027,-0.093,0.059,4.71,1.57,340,374,375,600,1
9.28,-0.14,0.006,0.077,0.179,-0.025,-0.019,0.319,-0.031,-0.097,0.061,4.71,1.57,340,374,375,600,1
9.3,-0.132,0.012,0.079,0.172,-0.024,-0.026,0.304,-0.036,-0.105,0.067,5.5,2.36,340,374,375,600,1
9.319,-0.124,0.015,0.091,0.166,-0.024,-0.026,0.29,-0.039,-0.116,0.074,5.5,2.36,340,374,375,600,1
9.338,-0.115,0.012,0.112,0.159,-0.024,-0.021,0.274,-0.036,-0.133,0.085,5.5,2.36,340,374,375,600,1
9.357,-0.111,0.001,0.141,0.157,-0.022,-0.028,0.268,-0.023,-0.169,0.108,4.71,1.57,340,374,375,600,1
9.374,-0.112,-0.001,0.133,0.156,-0.02,-0.037,0.267,-0.019,-0.169,0.108,4.71,1.57,340,375,375,600,1
9.4,-0.101,0.005,0.103,0.153,-0.02,-0.04,0.254,-0.025,-0.143,0.091,4.71,1.57,340,375,375,600,1
9.419,-0.096,0.004,0.109,0.152,-0.019,-0.038,0.247,-0.023,-0.147,0.094,4.71,1.57,340,375,375,600,1
9.443,-0.091,0.004,0.103,0.149,-0.019,-0.036,0.24,-0.023,-0.139,0.088,4.71,1.57,340,376,375,600,1
9.461,-0.082,0.003,0.105,0.148,-0.018,-0.035,0.23,-0.021,-0.14,0.089,4.71,1.57,340,376,375,600,1
9.48,-0.078,0.004,0.104,0.147,-0.018,-0.035,0.224,-0.022,-0.139,0.088,4.71,1.57,340,377,375,600,1
9.504,-0.074,0.005,0.103,0.146,-0.018,-0.034,0.219,-0.023,-0.137,0.087,4.71,1.57,340,377,375,600,1
9.524,-0.069,0.006,0.102,0.144,-0.018,-0.033,0.214,-0.024,-0.134,0.086,4.71,1.57,340,378,375,600,1
9.549,-0.065,0.008,0.1,0.144,-0.018,-0.032,0.209,-0.026,-0.133,0.084,4.71,1.57,340,378,375,600,1
9.571,-0.063,0.009,0.1,0.143,-0.018,-0.032,0.206,-0.027,-0.131,0.084,4.71,1.57,340,378,375,600,1
9.592,-0.062,0.01,0.099,0.142,-0.018,-0.031,0.204,-0.028,-0.13,0.083,4.71,1.57,340,378,375,600,1
9.608,-0.06,0.011,0.098,0.142,-0.017,-0.031,0.201,-0.029,-0.129,0.082,4.71,1.57,340,378,375,600,1
9.631,-0.059,0.012,0.098,0.141,-0.017,-0.03,0.2,-0.029,-0.129,0.082,4.71,1.57,340,378,375,600,1
9.67,-0.056,0.013,0.098,0.14,-0.017,-0.029,0.196,-0.03,-0.127,0.081,4.71,1.57,340,378,375,600,1
9.687,-0.056,0.013,0.097,0.139,-0.017,-0.029,0.195,-0.031,-0.126,0.081,4.71,1.57,340,378,375,600,1
9.706,-0.054,0.014,0.097,0.139,-0.017,-0.029,0.193,-0.031,-0.125,0.08,4.71,1.57,340,378,375,600,1
9.743,-0.054,0.014,0.096,0.138,-0.017,-0.028,0.192,-0.031,-0.124,0.079,4.71,1.57,340,378,375,600,1
9.779,-0.053,0.015,0.096,0.137,-0.017,-0.027,0.189,-0.032,-0.123,0.078,4.71,1.57,340,378,375,600,1
9.798,-0.053,0.015,0.097,0.136,-0.017,-0.027,0.189,-0.032,-0.123,0.079,4.71,1.57,340,378,375,600,1
9.819,-0.053,0.015,0.097,0.136,-0.017,-0.026,0.189,-0.032,-0.123,0.078,4.71,1.57,340,378,375,600,1
9.841,-0.052,0.016,0.097,0.135,-0.017,-0.026,0.188,-0.032,-0.122,0.078,4.71,1.57,340,378,375,600,1
9.861,-0.053,0.016,0.097,0.135,-0.017,-0.026,0.187,-0.033,-0.122,0.078,4.71,1.57,340,378,375,600,1
9.876,-0.053,0.016,0.097,0.134,-0.017,-0.025,0.187,-0.033,-0.122,0.078,4.71,1.57,340,378,375,600,1
9.892,-0.052,0.016,0.097,0.134,-0.017,-0.025,0.186,-0.032,-0.122,0.078,4.71,1.57,340,378,375,600,1
9.911,-0.052,0.016,0.097,0.133,-0.017,-0.024,0.185,-0.033,-0.122,0.078,4.71,1.57,340,378,375,600,1
9.931,-0.052,0.016,0.097,0.133,-0.017,-0.024,0.185,-0.033,-0.121,0.077,5.5,2.36,340,378,375,600,1
9.949,-0.051,0.016,0.097,0.132,-0.017,-0.024,0.184,-0.033,-0.121,0.077,5.5,2.36,340,378,375,600,1
9.965,-0.051,0.016,0.098,0.132,-0.017,-0.023,0.182,-0.033,-0.121,0.077,5.5,2.36,340,378,375,600,1
9.98,-0.051,0.016,0.099,0.132,-0.017,-0.023,0.182,-0.033,-0.122,0.077,5.5,2.36,340,378,375,600,1
9.997,-0.051,0.016,0.098,0.131,-0.017,-0.023,0.182,-0.033,-0.121,0.077,5.5,2.36,340,378,375,600,1
10.017,-0.052,0.016,0.098,0.131,-0.017,-0.022,0.182,-0.033,-0.121,0.077,5.5,2.36,340,378,375,600,1
10.041,-0.052,0.016,0.098,0.13,-0.017,-0.022,0.182,-0.033,-0.12,0.076,5.5,2.36,340,378,375,600,1
10.061,-0.051,0.016,0.098,0.13,-0.017,-0.022,0.181,-0.033,-0.12,0.076,5.5,2.36,340,378,375,600,1
10.101,-0.051,0.016,0.097,0.129,-0.017,-0.021,0.179,-0.033,-0.118,0.075,5.5,2.36,340,378,375,600,1
10.119,-0.05,0.016,0.097,0.128,-0.017,-0.021,0.178,-0.033,-0.118,0.075,5.5,2.36,340,378,375,600,1
10.146,-0.051,0.016,0.097,0.128,-0.017,-0.02,0.178,-0.033,-0.117,0.075,5.5,2.36,340,378,375,600,1
10.167,-0.051,0.017,0.097,0.127,-0.017,-0.02,0.179,-0.034,-0.117,0.075,5.5,2.36,340,378,375,600,1
10.188,-0.051,0.017,0.097,0.127,-0.017,-0.02,0.178,-0.034,-0.117,0.074,5.5,2.36,340,378,375,600,1
10.204,-0.051,0.016,0.097,0.126,-0.017,-0.019,0.177,-0.033,-0.117,0.074,5.5,2.36,340,378,375,600,1
10.222,-0.051,0.016,0.097,0.126,-0.017,-0.019,0.177,-0.033,-0.116,0.074,5.5,2.36,340,378,375,600,1
10.246,-0.051,0.017,0.097,0.125,-0.017,-0.019,0.177,-0.034,-0.116,0.074,5.5,2.36,340,378,375,600,1
10.266,-0.052,0.017,0.096,0.125,-0.017,-0.018,0.177,-0.034,-0.115,0.073,5.5,2.36,340,378,375,600,1
10.286,-0.052,0.017,0.096,0.124,-0.017,-0.018,0.176,-0.034,-0.114,0.072,5.5,2.36,340,378,375,600,1
10.308,-0.051,0.017,0.096,0.124,-0.017,-0.018,0.175,-0.034,-0.113,0.072,5.5,2.36,340,378,375,600,1
10.332,-0.051,0.017,0.095,0.123,-0.017,-0.018,0.174,-0.034,-0.113,0.072,5.5,2.36,340,378,375,600,1
10.368,-0.051,0.017,0.095,0.122,-0.017,-0.017,0.173,-0.034,-0.112,0.071,5.5,2.36,340,378,375,600,1
10.387,-0.05,0.017,0.096,0.122,-0.017,-0.017,0.171,-0.034,-0.113,0.072,5.5,2.36,340,378,375,600,1
10.405,-0.05,0.017,0.096,0.121,-0.017,-0.017,0.171,-0.034,-0.112,0.071,5.5,2.36,340,378,375,600,1
10.423,-0.05,0.017,0.096,0.121,-0.017,-0.016,0.171,-0.034,-0.112,0.071,5.5,2.36,340,378,375,600,1
10.442,-0.05,0.017,0.095,0.12,-0.017,-0.016,0.17,-0.033,-0.111,0.071,5.5,2.36,340,378,375,600,1
10.462,-0.05,0.017,0.095,0.12,-0.017,-0.016,0.169,-0.033,-0.111,0.071,5.5,2.36,340,378,375,600,1
10.48,-0.05,0.017,0.094,0.119,-0.017,-0.016,0.169,-0.034,-0.11,0.07,5.5,2.36,340,378,375,600,1
10.497,-0.051,0.017,0.095,0.119,-0.017,-0.015,0.169,-0.034,-0.11,0.07,5.5,2.36,340,378,375,600,1
10.513,-0.051,0.017,0.095,0.119,-0.017,-0.015,0.169,-0.034,-0.111,0.07,5.5,2.36,340,378,375,600,1
10.564,-0.052,0.017,0.096,0.117,-0.017,-0.015,0.169,-0.034,-0.111,0.07,5.5,2.36,340,378,375,600,1
10.597,-0.05,0.017,0.096,0.117,-0.017,-0.014,0.166,-0.033,-0.111,0.071,5.5,2.36,340,378,375,600,1
10.622,-0.05,0.017,0.096,0.116,-0.017,-0.014,0.166,-0.034,-0.11,0.07,5.5,2.36,340,378,375,600,1
10.637,-0.051,0.017,0.096,0.116,-0.017,-0.014,0.166,-0.034,-0.11,0.07,5.5,2.36,340,378,375,600,1
10.658,-0.051,0.017,0.096,0.115,-0.017,-0.014,0.166,-0.034,-0.11,0.07,5.5,2.36,340,378,375,600,1
10.678,-0.051,0.017,0.095,0.115,-0.017,-0.014,0.166,-0.034,-0.109,0.069,5.5,2.36,340,378,375,600,1
10.697,-0.052,0.017,0.095,0.114,-0.017,-0.014,0.166,-0.034,-0.109,0.069,5.5,2.36,340,378,375,600,1
10.717,-0.051,0.017,0.095,0.114,-0.017,-0.013,0.165,-0.034,-0.109,0.069,5.5,2.36,340,378,375,600,1
10.736,-0.052,0.017,0.096,0.113,-0.017,-0.013,0.165,-0.034,-0.109,0.069,5.5,2.36,340,378,375,600,1
10.756,-0.052,0.017,0.096,0.113,-0.017,-0.013,0.164,-0.034,-0.109,0.069,5.5,2.36,340,378,375,600,1
10.776,-0.052,0.017,0.096,0.112,-0.017,-0.013,0.164,-0.034,-0.109,0.069,5.5,2.36,340,378,375,600,1
10.796,-0.052,0.017,0.096,0.112,-0.017,-0.013,0.163,-0.034,-0.109,0.069,5.5,2.36,340,378,375,600,1
10.817,-0.052,0.018,0.096,0.112,-0.017,-0.013,0.163,-0.034,-0.108,0.069,5.5,2.36,340,378,375,600,1
10.834,-0.052,0.018,0.095,0.111,-0.017,-0.013,0.163,-0.034,-0.108,0.069,5.5,2.36,340,378,375,600,1
10.853,-0.053,0.018,0.095,0.111,-0.017,-0.013,0.163,-0.034,-0.108,0.069,5.5,2.36,340,378,375,600,1
10.869,-0.052,0.017,0.096,0.11,-0.016,-0.012,0.162,-0.034,-0.108,0.069,5.5,2.36,340,378,375,600,1
10.91,-0.052,0.018,0.097,0.109,-0.016,-0.012,0.161,-0.034,-0.109,0.069,5.5,2.36,340,378,375,600,1
10.93,-0.051,0.017,0.097,0.109,-0.016,-0.012,0.16,-0.034,-0.109,0.069,5.5,2.36,340,378,375,600,1
10.946,-0.051,0.017,0.097,0.109,-0.016,-0.012,0.16,-0.034,-0.109,0.069,5.5,2.36,340,378,375,600,1
10.964,-0.052,0.017,0.097,0.108,-0.016,-0.012,0.16,-0.034,-0.109,0.069,5.5,2.36,340,378,375,600,1
10.99,-0.052,0.017,0.096,0.108,-0.016,-0.012,0.16,-0.034,-0.108,0.069,5.5,2.36,340,378,375,600,1
11.006,-0.052,0.017,0.096,0.107,-0.016,-0.012,0.16,-0.034,-0.108,0.068,5.5,2.36,340,378,375,600,1
11.023,-0.052,0.017,0.095,0.107,-0.016,-0.012,0.159,-0.033,-0.106,0.068,5.5,2.36,340,378,375,600,1
11.045,-0.045,0.012,0.097,0.107,-0.016,-0.012,0.152,-0.029,-0.108,0.069,4.71,1.57,340,378,375,600,1
11.063,-0.029,0.007,0.098,0.106,-0.016,-0.012,0.135,-0.023,-0.109,0.07,4.71,1.57,340,378,375,600,1
11.083,-0.02,0.008,0.095,0.106,-0.016,-0.011,0.126,-0.024,-0.107,0.068,4.71,1.57,340,378,375,600,1
11.102,-0.023,0.021,0.092,0.105,-0.016,-0.011,0.128,-0.037,-0.103,0.066,5.5,2.36,340,378,375,600,1
11.121,-0.028,0.025,0.096,0.105,-0.016,-0.011,0.133,-0.041,-0.108,0.069,5.5,2.36,340,378,375,600,1
11.141,-0.032,0.024,0.097,0.105,-0.016,-0.011,0.137,-0.041,-0.108,0.069,5.5,2.36,340,378,375,600,1
11.178,-0.018,0.009,0.093,0.104,-0.016,-0.011,0.122,-0.025,-0.104,0.066,4.71,1.57,340,378,375,600,1
11.201,-0.021,0.004,0.094,0.103,-0.016,-0.011,0.124,-0.02,-0.105,0.067,4.71,1.57,340,378,375,600,1
11.219,-0.031,0.013,0.089,0.103,-0.016,-0.011,0.133,-0.029,-0.1,0.064,4.71,1.57,340,378,375,600,1
11.236,-0.041,0.018,0.085,0.103,-0.016,-0.011,0.144,-0.034,-0.096,0.061,5.5,2.36,340,378,375,600,1
11.253,-0.048,0.015,0.08,0.102,-0.016,-0.011,0.15,-0.031,-0.091,0.058,4.71,1.57,340,378,375,600,1
11.272,-0.057,0.013,0.079,0.102,-0.016,-0.011,0.159,-0.029,-0.09,0.057,4.71,1.57,340,378,375,600,1
11.289,-0.059,0.008,0.086,0.102,-0.016,-0.011,0.16,-0.024,-0.097,0.062,4.71,1.57,340,378,375,600,1
11.305,-0.054,0.003,0.093,0.101,-0.016,-0.011,0.155,-0.019,-0.104,0.066,4.71,1.57,340,378,375,600,1
11.324,-0.053,0.006,0.089,0.101,-0.016,-0.011,0.153,-0.022,-0.099,0.063,4.71,1.57,340,378,375,600,1
11.344,-0.05,0.005,0.089,0.1,-0.016,-0.01,0.15,-0.021,-0.1,0.063,4.71,1.57,340,378,375,600,1
11.363,-0.052,0.013,0.089,0.1,-0.016,-0.01,0.152,-0.029,-0.1,0.063,4.71,1.57,340,378,375,600,1
11.388,-0.056,0.02,0.09,0.1,-0.016,-0.01,0.155,-0.036,-0.101,0.064,5.5,2.36,340,378,375,600,1
11.404,-0.055,0.017,0.097,0.099,-0.016,-0.01,0.155,-0.033,-0.107,0.068,4.71,1.57,340,378,375,600,1
11.441,-0.062,0.019,0.105,0.099,-0.015,-0.01,0.161,-0.034,-0.116,0.074,5.5,2.36,340,378,375,600,1
11.459,-0.057,0.009,0.101,0.098,-0.015,-0.01,0.155,-0.024,-0.111,0.071,4.71,1.57,340,378,375,600,1
11.48,-0.059,0.009,0.102,0.098,-0.015,-0.01,0.157,-0.024,-0.112,0.071,4.71,1.57,340,378,375,600,1
11.497,-0.071,0.02,0.114,0.098,-0.015,-0.01,0.169,-0.036,-0.124,0.079,5.5,2.36,340,378,375,600,1
11.518,-0.074,0.027,0.118,0.097,-0.015,-0.01,0.172,-0.042,-0.128,0.081,5.5,2.36,340,378,375,600,1
11.536,-0.076,0.03,0.116,0.097,-0.015,-0.01,0.173,-0.046,-0.126,0.08,5.5,2.36,340,378,375,600,1
11.554,-0.075,0.029,0.117,0.097,-0.015,-0.01,0.172,-0.044,-0.127,0.081,5.5,2.36,340,378,375,600,1
11.577,-0.073,0.026,0.117,0.096,-0.015,-0.01,0.17,-0.041,-0.127,0.081,5.5,2.36,340,378,375,600,1
11.598,-0.072,0.024,0.118,0.096,-0.015,-0.01,0.168,-0.04,-0.128,0.081,5.5,2.36,340,378,375,600,1
11.617,-0.072,0.023,0.118,0.096,-0.015,-0.01,0.167,-0.038,-0.128,0.081,5.5,2.36,340,378,375,600,1
11.638,-0.072,0.022,0.118,0.095,-0.015,-0.01,0.167,-0.037,-0.128,0.081,5.5,2.36,340,378,375,600,1
11.658,-0.072,0.022,0.118,0.095,-0.015,-0.01,0.167,-0.037,-0.127,0.081,5.5,2.36,340,378,375,600,1
11.675,-0.072,0.022,0.117,0.095,-0.015,-0.01,0.167,-0.037,-0.127,0.081,5.5,2.36,340,378,375,600,1
11.711,-0.072,0.021,0.117,0.094,-0.015,-0.009,0.166,-0.036,-0.127,0.081,5.5,2.36,340,378,375,600,1
11.725,-0.073,0.02,0.118,0.094,-0.015,-0.009,0.167,-0.035,-0.127,0.081,5.5,2.36,340,378,375,600,1
11.742,-0.073,0.02,0.118,0.093,-0.015,-0.009,0.166,-0.035,-0.127,0.081,5.5,2.36,340,378,375,600,1
11.763,-0.072,0.02,0.118,0.093,-0.015,-0.009,0.165,-0.034,-0.127,0.081,5.5,2.36,340,378,375,600,1
11.781,-0.072,0.019,0.118,0.093,-0.015,-0.009,0.165,-0.034,-0.127,0.081,5.5,2.36,340,378,375,600,1
11.801,-0.072,0.019,0.117,0.092,-0.015,-0.009,0.164,-0.034,-0.127,0.081,5.5,2.36,340,378,375,600,1
11.82,-0.072,0.019,0.117,0.092,-0.015,-0.009,0.164,-0.034,-0.127,0.081,5.5,2.36,340,378,375,600,1
11.84,-0.072,0.019,0.118,0.092,-0.014,-0.009,0.164,-0.033,-0.128,0.081,5.5,2.36,340,378,375,600,1
11.859,-0.072,0.018,0.119,0.091,-0.014,-0.009,0.163,-0.033,-0.128,0.082,5.5,2.36,340,378,375,600,1
11.886,-0.072,0.018,0.119,0.091,-0.014,-0.009,0.163,-0.033,-0.128,0.081,4.71,1.57,340,378,375,600,1
11.903,-0.071,0.018,0.118,0.091,-0.014,-0.009,0.162,-0.033,-0.127,0.081,4.71,1.57,340,378,375,600,1
11.923,-0.071,0.018,0.118,0.09,-0.014,-0.009,0.162,-0.032,-0.127,0.081,4.71,1.57,340,378,375,600,1
11.943,-0.071,0.018,0.118,0.09,-0.014,-0.009,0.161,-0.032,-0.127,0.081,4.71,1.57,340,378,375,600,1
11.964,-0.071,0.018,0.118,0.09,-0.014,-0.009,0.161,-0.032,-0.127,0.081,4.71,1.57,340,378,375,600,1
11.983,-0.071,0.018,0.119,0.09,-0.014,-0.009,0.161,-0.032,-0.128,0.081,4.71,1.57,340,378,375,600,1
12.0,-0.072,0.018,0.119,0.089,-0.014,-0.009,0.161,-0.032,-0.128,0.081,4.71,1.57,340,378,375,600,1
12.023,-0.072,0.018,0.119,0.089,-0.014,-0.009,0.16,-0.032,-0.128,0.081,4.71,1.57,340,378,375,600,1
12.042,-0.072,0.018,0.119,0.089,-0.014,-0.009,0.16,-0.032,-0.128,0.081,4.71,1.57,340,378,375,600,1
12.06,-0.072,0.018,0.119,0.088,-0.014,-0.009,0.16,-0.032,-0.128,0.081,4.71,1.57,340,378,375,600,1
12.077,-0.072,0.018,0.118,0.088,-0.014,-0.009,0.16,-0.032,-0.127,0.081,4.71,1.57,340,378,375,600,1
12.096,-0.072,0.018,0.118,0.088,-0.014,-0.009,0.16,-0.032,-0.127,0.081,4.71,1.57,340,378,375,600,1
12.112,-0.072,0.017,0.118,0.088,-0.014,-0.009,0.159,-0.031,-0.127,0.081,4.71,1.57,340,378,375,600,1
12.136,-0.071,0.017,0.118,0.087,-0.014,-0.009,0.159,-0.031,-0.127,0.081,4.71,1.57,340,378,375,600,1
12.159,-0.072,0.017,0.118,0.087,-0.014,-0.009,0.158,-0.031,-0.127,0.081,4.71,1.57,340,378,375,600,1
12.176,-0.071,0.017,0.118,0.087,-0.014,-0.009,0.158,-0.031,-0.127,0.081,4.71,1.57,340,378,375,600,1
12.193,-0.071,0.017,0.118,0.086,-0.014,-0.009,0.158,-0.031,-0.126,0.08,4.71,1.57,340,378,375,600,1
12.219,-0.072,0.017,0.117,0.086,-0.014,-0.009,0.158,-0.031,-0.126,0.08,4.71,1.57,340,378,375,600,1
12.258,-0.072,0.017,0.117,0.085,-0.014,-0.009,0.157,-0.031,-0.126,0.08,4.71,1.57,340,378,375,600,1
12.278,-0.072,0.017,0.118,0.085,-0.013,-0.009,0.157,-0.031,-0.126,0.08,4.71,1.57,340,378,375,600,1
12.299,-0.072,0.017,0.118,0.085,-0.013,-0.009,0.157,-0.031,-0.127,0.081,4.71,1.57,340,378,375,600,1
12.32,-0.072,0.018,0.118,0.085,-0.013,-0.009,0.157,-0.031,-0.126,0.08,4.71,1.57,340,378,375,600,1
12.339,-0.073,0.018,0.118,0.084,-0.013,-0.008,0.157,-0.031,-0.127,0.081,4.71,1.57,340,378,375,600,1
12.355,-0.073,0.018,0.118,0.084,-0.013,-0.008,0.157,-0.031,-0.126,0.08,4.71,1.57,340,378,375,600,1
12.377,-0.073,0.018,0.118,0.084,-0.013,-0.008,0.157,-0.031,-0.126,0.08,4.71,1.57,340,378,375,600,1
12.397,-0.073,0.018,0.118,0.084,-0.013,-0.008,0.157,-0.031,-0.126,0.08,4.71,1.57,340,378,375,600,1
12.419,-0.073,0.018,0.118,0.083,-0.013,-0.008,0.156,-0.031,-0.127,0.081,4.71,1.57,340,378,375,600,1
12.438,-0.073,0.018,0.118,0.083,-0.013,-0.008,0.156,-0.031,-0.126,0.08,4.71,1.57,340,378,375,600,1
12.455,-0.072,0.018,0.118,0.083,-0.013,-0.008,0.155,-0.031,-0.126,0.08,4.71,1.57,340,378,375,600,1
12.473,-0.073,0.018,0.118,0.083,-0.013,-0.008,0.155,-0.03,-0.127,0.081,4.71,1.57,340,378,375,600,1
12.488,-0.073,0.018,0.118,0.082,-0.013,-0.008,0.155,-0.031,-0.126,0.08,4.71,1.57,340,378,375,600,1
12.506,-0.072,0.018,0.118,0.082,-0.013,-0.008,0.155,-0.031,-0.126,0.08,4.71,1.57,340,378,375,600,1
12.524,-0.072,0.018,0.118,0.082,-0.013,-0.008,0.154,-0.031,-0.127,0.081,4.71,1.57,340,378,375,600,1
12.544,-0.072,0.018,0.119,0.082,-0.013,-0.008,0.154,-0.031,-0.127,0.081,4.71,1.57,340,378,375,600,1
12.558,-0.072,0.018,0.119,0.081,-0.013,-0.008,0.154,-0.031,-0.127,0.081,4.71,1.57,340,378,375,600,1
12.577,-0.072,0.018,0.119,0.081,-0.013,-0.008,0.153,-0.03,-0.127,0.081,4.71,1.57,340,378,375,600,1
12.597,-0.073,0.018,0.119,0.081,-0.013,-0.008,0.153,-0.03,-0.127,0.081,4.71,1.57,340,378,375,600,1
12.613,-0.072,0.018,0.119,0.081,-0.013,-0.008,0.153,-0.03,-0.127,0.081,4.71,1.57,340,378,375,600,1
12.637,-0.072,0.018,0.119,0.08,-0.012,-0.008,0.153,-0.03,-0.127,0.081,4.71,1.57,340,378,375,600,1
12.653,-0.072,0.018,0.119,0.08,-0.012,-0.008,0.153,-0.03,-0.127,0.081,4.71,1.57,340,378,375,600,1
12.674,-0.072,0.018,0.118,0.08,-0.012,-0.008,0.152,-0.03,-0.126,0.08,4.71,1.57,340,378,375,600,1
12.691,-0.073,0.018,0.118,0.08,-0.012,-0.008,0.153,-0.031,-0.126,0.08,4.71,1.57,340,378,375,600,1
12.708,-0.073,0.018,0.117,0.079,-0.012,-0.008,0.152,-0.031,-0.125,0.08,4.71,1.57,340,378,375,600,1
12.727,-0.073,0.018,0.117,0.079,-0.012,-0.008,0.152,-0.03,-0.125,0.079,4.71,1.57,340,378,375,600,1
12.752,-0.072,0.018,0.116,0.079,-0.012,-0.008,0.151,-0.03,-0.124,0.079,4.71,1.57,340,378,375,600,1
12.767,-0.072,0.018,0.116,0.079,-0.012,-0.008,0.151,-0.03,-0.124,0.079,4.71,1.57,340,378,375,600,1
12.785,-0.072,0.018,0.117,0.079,-0.012,-0.008,0.151,-0.03,-0.125,0.08,4.71,1.57,340,378,375,600,1
12.805,-0.072,0.018,0.117,0.078,-0.012,-0.008,0.151,-0.03,-0.125,0.08,4.71,1.57,340,378,375,600,1
12.822,-0.072,0.018,0.118,0.078,-0.012,-0.008,0.15,-0.03,-0.126,0.08,4.71,1.57,340,378,375,600,1
12.842,-0.072,0.018,0.118,0.078,-0.012,-0.008,0.15,-0.03,-0.126,0.08,4.71,1.57,340,378,375,600,1
12.863,-0.072,0.018,0.118,0.078,-0.012,-0.008,0.15,-0.03,-0.126,0.08,4.71,1.57,340,378,375,600,1
12.901,-0.072,0.018,0.118,0.077,-0.012,-0.008,0.149,-0.029,-0.126,0.08,4.71,1.57,340,378,375,600,1
12.922,-0.072,0.018,0.118,0.077,-0.012,-0.008,0.149,-0.03,-0.126,0.08,4.71,1.57,340,378,375,600,1
12.937,-0.072,0.018,0.118,0.077,-0.012,-0.008,0.149,-0.03,-0.125,0.08,4.71,1.57,340,378,375,600,1
12.961,-0.072,0.018,0.117,0.077,-0.012,-0.008,0.149,-0.03,-0.125,0.08,4.71,1.57,340,378,375,600,1
12.985,-0.072,0.018,0.117,0.076,-0.012,-0.008,0.149,-0.03,-0.125,0.08,4.71,1.57,340,378,375,600,1
13.009,-0.072,0.018,0.118,0.076,-0.011,-0.008,0.148,-0.03,-0.125,0.08,4.71,1.57,340,378,375,600,1
13.031,-0.073,0.018,0.118,0.076,-0.011,-0.008,0.148,-0.029,-0.126,0.08,4.71,1.57,340,378,375,600,1
13.058,-0.073,0.018,0.118,0.075,-0.011,-0.008,0.148,-0.029,-0.126,0.08,4.71,1.57,340,378,375,600,1
13.079,-0.073,0.018,0.118,0.075,-0.011,-0.008,0.148,-0.029,-0.126,0.08,4.71,1.57,340,378,375,600,1
13.122,-0.073,0.018,0.118,0.075,-0.011,-0.008,0.148,-0.029,-0.126,0.08,4.71,1.57,340,378,375,600,1
13.14,-0.073,0.018,0.119,0.075,-0.011,-0.008,0.147,-0.029,-0.126,0.08,4.71,1.57,340,378,375,600,1
13.164,-0.073,0.018,0.118,0.074,-0.011,-0.008,0.147,-0.029,-0.126,0.08,4.71,1.57,340,378,375,600,1
13.183,-0.073,0.018,0.118,0.074,-0.011,-0.008,0.147,-0.029,-0.125,0.08,4.71,1.57,340,378,375,600,1
13.204,-0.073,0.018,0.118,0.074,-0.011,-0.008,0.147,-0.029,-0.126,0.08,4.71,1.57,340,378,375,600,1
13.223,-0.073,0.019,0.115,0.074,-0.011,-0.008,0.146,-0.03,-0.122,0.078,4.71,1.57,340,378,375,600,1
13.241,-0.071,0.02,0.117,0.073,-0.011,-0.007,0.145,-0.03,-0.124,0.079,4.71,1.57,340,378,375,600,1
13.255,-0.072,0.016,0.118,0.073,-0.011,-0.007,0.146,-0.027,-0.126,0.08,4.71,1.57,340,378,375,600,1
13.272,-0.07,0.014,0.115,0.073,-0.011,-0.007,0.143,-0.025,-0.123,0.078,4.71,1.57,340,378,375,600,1
13.318,-0.071,0.015,0.114,0.073,-0.011,-0.007,0.143,-0.025,-0.121,0.077,4.71,1.57,340,378,375,600,1
13.339,-0.071,0.016,0.116,0.072,-0.011,-0.007,0.143,-0.027,-0.123,0.079,4.71,1.57,340,378,375,600,1
13.359,-0.071,0.017,0.117,0.072,-0.011,-0.007,0.143,-0.028,-0.124,0.079,4.71,1.57,340,378,375,600,1
13.378,-0.071,0.018,0.118,0.072,-0.011,-0.007,0.143,-0.028,-0.125,0.08,4.71,1.57,340,378,375,600,1
13.397,-0.071,0.018,0.118,0.072,-0.011,-0.007,0.143,-0.029,-0.125,0.08,4.71,1.57,340,378,375,600,1
13.414,-0.071,0.019,0.116,0.072,-0.01,-0.007,0.143,-0.029,-0.124,0.079,4.71,1.57,340,378,375,600,1
13.431,-0.07,0.02,0.115,0.071,-0.01,-0.007,0.141,-0.03,-0.122,0.078,4.71,1.57,340,378,375,600,1
13.453,-0.07,0.019,0.129,0.071,-0.01,-0.007,0.141,-0.029,-0.136,0.087,4.71,1.57,340,378,375,600,1
13.471,-0.07,0.017,0.136,0.071,-0.01,-0.007,0.141,-0.028,-0.143,0.091,4.71,1.57,340,378,375,600,1
13.489,-0.07,0.019,0.132,0.071,-0.01,-0.007,0.141,-0.029,-0.139,0.089,4.71,1.57,340,378,375,600,1
13.504,-0.07,0.018,0.136,0.071,-0.01,-0.007,0.141,-0.028,-0.144,0.091,4.71,1.57,340,378,375,600,1
13.524,-0.07,0.019,0.138,0.071,-0.01,-0.007,0.141,-0.029,-0.145,0.092,4.71,1.57,340,378,375,600,1
13.543,-0.069,0.019,0.141,0.07,-0.01,-0.007,0.14,-0.029,-0.149,0.095,4.71,1.57,340,378,375,600,1
13.559,-0.066,0.017,0.154,0.07,-0.01,-0.007,0.137,-0.027,-0.162,0.103,4.71,1.57,340,378,375,600,1
13.579,-0.071,0.019,0.179,0.07,-0.01,-0.007,0.141,-0.029,-0.187,0.119,4.71,1.57,340,378,375,600,1
13.597,-0.069,0.01,0.213,0.07,-0.01,-0.007,0.139,-0.02,-0.22,0.14,4.71,1.57,340,378,375,600,1
13.618,-0.072,0.008,0.236,0.07,-0.01,-0.007,0.142,-0.018,-0.243,0.155,4.71,1.57,340,378,375,600,1
13.637,-0.093,0.009,0.298,0.07,-0.01,-0.007,0.162,-0.019,-0.305,0.194,4.71,1.57,340,378,375,600,1
13.654,-0.124,0.011,0.372,0.069,-0.01,-0.007,0.193,-0.021,-0.38,0.242,4.71,1.57,340,378,375,600,1
13.694,-0.128,0.007,0.403,0.069,-0.01,-0.007,0.197,-0.017,-0.41,0.261,4.71,1.57,340,378,375,600,1
13.712,-0.121,-0.006,0.421,0.069,-0.01,-0.007,0.189,-0.004,-0.428,0.273,4.71,1.57,340,378,375,600,1
13.735,-0.116,-0.01,0.431,0.069,-0.01,-0.007,0.184,0.0,-0.438,0.279,4.71,1.57,340,378,375,600,1
13.752,-0.104,-0.013,0.416,0.069,-0.01,-0.007,0.173,0.004,-0.423,0.269,4.71,1.57,340,378,375,600,1
13.768,-0.089,-0.023,0.401,0.068,-0.01,-0.007,0.158,0.013,-0.408,0.26,4.71,1.57,340,378,375,600,1
13.788,-0.087,-0.025,0.402,0.068,-0.01,-0.007,0.156,0.016,-0.409,0.261,4.71,1.57,340,378,375,600,1
13.805,-0.089,-0.027,0.422,0.068,-0.009,-0.007,0.158,0.017,-0.429,0.273,4.71,1.57,340,378,375,600,1
13.828,-0.094,-0.026,0.431,0.068,-0.009,-0.007,0.162,0.017,-0.438,0.279,4.71,1.57,340,378,375,600,1
13.848,-0.097,-0.031,0.453,0.068,-0.009,-0.007,0.164,0.022,-0.461,0.293,4.71,1.57,340,378,375,600,1
13.866,-0.092,-0.04,0.459,0.068,-0.009,-0.007,0.159,0.031,-0.466,0.297,4.71,1.57,340,378,375,600,1
13.888,-0.087,-0.047,0.457,0.067,-0.009,-0.007,0.155,0.038,-0.464,0.295,3.93,0.79,340,378,375,600,1
13.909,-0.085,-0.052,0.459,0.067,-0.009,-0.007,0.152,0.043,-0.466,0.297,3.93,0.79,340,378,375,600,1
13.926,-0.085,-0.054,0.466,0.067,-0.009,-0.007,0.152,0.045,-0.473,0.301,3.93,0.79,340,378,375,600,1
13.944,-0.085,-0.055,0.469,0.067,-0.009,-0.007,0.153,0.046,-0.476,0.303,3.93,0.79,340,378,375,600,1
13.964,-0.089,-0.054,0.48,0.067,-0.009,-0.007,0.156,0.045,-0.487,0.31,3.93,0.79,340,378,375,600,1
13.983,-0.086,-0.059,0.486,0.067,-0.009,-0.007,0.153,0.05,-0.493,0.314,3.93,0.79,340,378,375,600,1
14.002,-0.082,-0.062,0.484,0.067,-0.009,-0.007,0.148,0.053,-0.491,0.312,3.93,0.79,340,378,375,600,1
14.021,-0.081,-0.063,0.468,0.066,-0.009,-0.007,0.147,0.054,-0.476,0.303,3.93,0.79,340,378,375,600,1
14.047,-0.085,-0.064,0.48,0.066,-0.009,-0.007,0.151,0.055,-0.487,0.31,3.93,0.79,340,378,375,600,1
14.064,-0.087,-0.064,0.486,0.066,-0.009,-0.007,0.154,0.055,-0.493,0.314,3.93,0.79,340,378,375,600,1
14.082,-0.088,-0.065,0.491,0.066,-0.009,-0.007,0.154,0.056,-0.499,0.317,3.93,0.79,340,378,375,600,1
14.1,-0.089,-0.064,0.496,0.066,-0.009,-0.007,0.155,0.056,-0.503,0.32,3.93,0.79,340,378,375,600,1
14.115,-0.088,-0.064,0.497,0.066,-0.009,-0.007,0.154,0.055,-0.504,0.321,3.93,0.79,340,378,375,600,1
14.132,-0.084,-0.065,0.494,0.066,-0.009,-0.007,0.15,0.057,-0.501,0.319,3.93,0.79,340,378,375,600,1
14.161,-0.082,-0.07,0.514,0.065,-0.008,-0.007,0.147,0.061,-0.521,0.332,3.93,0.79,340,378,375,600,1
14.182,-0.083,-0.075,0.564,0.065,-0.008,-0.007,0.148,0.067,-0.571,0.363,3.93,0.79,340,378,375,600,1
14.205,-0.09,-0.07,0.579,0.065,-0.008,-0.007,0.155,0.062,-0.586,0.373,3.93,0.79,340,378,375,600,1
14.224,-0.096,-0.066,0.584,0.065,-0.008,-0.007,0.161,0.058,-0.591,0.376,3.93,0.79,340,378,375,600,1
14.241,-0.097,-0.062,0.591,0.065,-0.008,-0.007,0.162,0.054,-0.598,0.381,3.93,0.79,340,378,375,600,1
14.266,-0.096,-0.056,0.591,0.065,-0.008,-0.007,0.161,0.048,-0.598,0.381,3.93,0.79,340,378,375,600,1
14.284,-0.091,-0.057,0.587,0.065,-0.008,-0.007,0.156,0.049,-0.594,0.378,3.93,0.79,340,378,375,600,1
14.301,-0.089,-0.057,0.589,0.064,-0.008,-0.007,0.154,0.049,-0.596,0.379,3.93,0.79,340,378,375,600,1
14.317,-0.087,-0.055,0.591,0.064,-0.008,-0.007,0.151,0.047,-0.598,0.381,3.93,0.79,340,378,375,600,1
14.338,-0.083,-0.057,0.584,0.064,-0.008,-0.007,0.148,0.049,-0.591,0.376,3.93,0.79,340,378,375,600,1
14.356,-0.082,-0.058,0.584,0.064,-0.008,-0.007,0.146,0.05,-0.592,0.377,3.93,0.79,340,378,375,600,1
14.374,-0.082,-0.057,0.588,0.064,-0.008,-0.007,0.146,0.049,-0.595,0.379,3.93,0.79,340,378,375,600,1
14.393,-0.082,-0.056,0.594,0.064,-0.008,-0.007,0.146,0.048,-0.601,0.383,3.93,0.79,340,378,375,600,1
14.41,-0.075,-0.058,0.601,0.064,-0.008,-0.007,0.138,0.05,-0.608,0.387,3.93,0.79,340,378,375,600,1
14.428,-0.077,-0.056,0.586,0.064,-0.008,-0.007,0.14,0.048,-0.593,0.377,3.93,0.79,340,378,375,600,1
14.448,-0.077,-0.058,0.598,0.063,-0.008,-0.007,0.14,0.05,-0.605,0.385,3.93,0.79,340,378,375,600,1
14.467,-0.08,-0.054,0.594,0.063,-0.008,-0.007,0.143,0.046,-0.601,0.383,3.93,0.79,340,378,375,600,1
14.482,-0.08,-0.056,0.6,0.063,-0.008,-0.007,0.143,0.048,-0.607,0.386,3.93,0.79,340,378,375,600,1
14.5,-0.079,-0.056,0.598,0.063,-0.008,-0.007,0.142,0.048,-0.605,0.385,3.93,0.79,340,378,375,600,1
14.516,-0.084,-0.051,0.597,0.063,-0.008,-0.007,0.147,0.043,-0.604,0.385,3.93,0.79,340,378,375,600,1
14.531,-0.086,-0.049,0.599,0.063,-0.008,-0.007,0.149,0.042,-0.606,0.386,3.93,0.79,340,378,375,600,1
14.55,-0.086,-0.05,0.6,0.063,-0.008,-0.007,0.149,0.043,-0.607,0.386,3.93,0.79,340,378,375,600,1
14.57,-0.087,-0.05,0.601,0.063,-0.008,-0.007,0.15,0.043,-0.608,0.387,3.93,0.79,340,378,375,600,1
14.594,-0.089,-0.05,0.604,0.062,-0.007,-0.007,0.151,0.042,-0.611,0.389,3.93,0.79,340,378,375,600,1
14.611,-0.091,-0.049,0.603,0.062,-0.007,-0.007,0.153,0.042,-0.611,0.389,3.93,0.79,340,378,375,600,1
14.628,-0.092,-0.049,0.602,0.062,-0.007,-0.007,0.154,0.041,-0.609,0.388,3.93,0.79,340,378,375,600,1
14.644,-0.092,-0.049,0.604,0.062,-0.007,-0.007,0.154,0.042,-0.611,0.389,3.93,0.79,340,378,375,600,1
14.663,-0.093,-0.049,0.602,0.062,-0.007,-0.007,0.155,0.042,-0.609,0.388,3.93,0.79,340,378,375,600,1
14.683,-0.093,-0.049,0.601,0.062,-0.007,-0.007,0.155,0.041,-0.608,0.387,3.93,0.79,340,378,375,600,1
14.701,-0.085,-0.059,0.605,0.062,-0.007,-0.007,0.147,0.051,-0.612,0.39,3.93,0.79,340,378,375,600,1
14.719,-0.09,-0.052,0.602,0.062,-0.007,-0.007,0.152,0.045,-0.609,0.388,3.93,0.79,340,378,375,600,1
14.732,-0.092,-0.05,0.601,0.062,-0.007,-0.007,0.153,0.043,-0.608,0.387,3.93,0.79,340,378,375,600,1
14.753,-0.092,-0.05,0.601,0.061,-0.007,-0.007,0.154,0.043,-0.609,0.387,3.93,0.79,340,378,375,600,1
14.77,-0.093,-0.05,0.602,0.061,-0.007,-0.007,0.154,0.042,-0.609,0.388,3.93,0.79,340,378,375,600,1
14.806,-0.094,-0.049,0.603,0.061,-0.007,-0.007,0.155,0.042,-0.61,0.388,3.93,0.79,340,378,375,600,1
14.829,-0.095,-0.048,0.603,0.061,-0.007,-0.007,0.156,0.041,-0.611,0.389,3.93,0.79,340,378,375,600,1
14.847,-0.096,-0.048,0.604,0.061,-0.007,-0.007,0.157,0.041,-0.611,0.389,3.93,0.79,340,378,375,600,1
14.867,-0.096,-0.048,0.604,0.061,-0.007,-0.007,0.157,0.041,-0.611,0.389,3.93,0.79,340,378,375,600,1
14.886,-0.097,-0.047,0.604,0.061,-0.007,-0.007,0.157,0.04,-0.612,0.389,3.93,0.79,340,378,375,600,1
14.907,-0.096,-0.048,0.603,0.06,-0.007,-0.007,0.156,0.041,-0.611,0.389,3.93,0.79,340,378,375,600,1
14.926,-0.095,-0.048,0.602,0.06,-0.007,-0.007,0.155,0.041,-0.609,0.388,3.93,0.79,340,378,375,600,1
14.945,-0.095,-0.048,0.601,0.06,-0.007,-0.007,0.156,0.041,-0.608,0.387,3.93,0.79,340,378,375,600,1
14.968,-0.095,-0.049,0.6,0.06,-0.007,-0.007,0.156,0.042,-0.607,0.387,3.93,0.79,340,378,375,600,1
14.983,-0.096,-0.049,0.6,0.06,-0.007,-0.007,0.156,0.042,-0.607,0.387,3.93,0.79,340,378,375,600,1
15.002,-0.097,-0.049,0.599,0.06,-0.007,-0.007,0.157,0.042,-0.606,0.386,3.93,0.79,340,378,375,600,1
15.019,-0.097,-0.049,0.598,0.06,-0.007,-0.007,0.156,0.042,-0.605,0.385,3.93,0.79,340,378,375,600,1
15.037,-0.096,-0.049,0.597,0.06,-0.007,-0.007,0.156,0.042,-0.605,0.385,3.93,0.79,340,378,375,600,1
15.056,-0.097,-0.049,0.597,0.06,-0.007,-0.007,0.156,0.042,-0.603,0.384,3.93,0.79,340,378,375,600,1
15.096,-0.097,-0.049,0.597,0.059,-0.012,0.031,0.157,0.037,-0.566,0.361,3.93,0.79,340,378,375,600,1
15.112,-0.098,-0.049,0.595,0.053,-0.012,0.024,0.15,0.037,-0.571,0.364,3.93,0.79,340,378,375,600,1
15.13,-0.097,-0.05,0.593,0.041,-0.012,0.028,0.138,0.038,-0.566,0.36,3.93,0.79,340,378,375,600,1
15.147,-0.097,-0.05,0.591,0.032,-0.012,0.033,0.129,0.038,-0.558,0.355,3.93,0.79,339,380,375,600,1
15.163,-0.098,-0.05,0.592,0.018,-0.014,0.043,0.116,0.036,-0.548,0.349,3.93,0.79,339,383,375,600,1
15.183,-0.099,-0.05,0.591,0.009,-0.015,0.052,0.107,0.035,-0.539,0.343,3.93,0.79,339,386,375,600,1
15.204,-0.098,-0.05,0.59,0.006,-0.015,0.069,0.105,0.035,-0.521,0.332,3.93,0.79,339,389,375,600,1
15.222,-0.099,-0.05,0.591,0.005,-0.015,0.087,0.104,0.035,-0.503,0.321,3.93,0.79,338,392,375,600,1
15.242,-0.099,-0.05,0.589,0.001,-0.015,0.11,0.1,0.035,-0.479,0.305,3.93,0.79,338,395,375,600,1
15.257,-0.099,-0.05,0.589,-0.008,-0.016,0.14,0.091,0.035,-0.449,0.286,3.93,0.79,338,398,375,600,1
15.272,-0.099,-0.051,0.587,-0.017,-0.016,0.165,0.082,0.035,-0.423,0.269,3.93,0.79,338,401,375,600,1
15.308,-0.098,-0.052,0.586,-0.029,-0.013,0.201,0.069,0.039,-0.385,0.245,3.93,0.79,337,404,375,600,1
15.329,-0.098,-0.052,0.586,-0.028,-0.013,0.219,0.069,0.039,-0.367,0.233,3.93,0.79,337,408,375,600,1
15.347,-0.097,-0.053,0.585,-0.03,-0.013,0.231,0.067,0.04,-0.353,0.225,3.93,0.79,337,411,375,600,1
15.369,-0.098,-0.052,0.584,-0.035,-0.014,0.251,0.063,0.039,-0.334,0.212,3.93,0.79,337,414,375,600,1
15.387,-0.098,-0.053,0.583,-0.039,-0.013,0.266,0.059,0.04,-0.317,0.202,3.93,0.79,336,417,375,600,1
15.407,-0.098,-0.053,0.582,-0.04,-0.012,0.281,0.058,0.04,-0.301,0.191,3.93,0.79,336,420,375,600,1
15.427,-0.097,-0.054,0.581,-0.04,-0.012,0.296,0.058,0.042,-0.285,0.181,3.93,0.79,336,424,375,600,1
15.446,-0.098,-0.054,0.582,-0.037,-0.011,0.308,0.061,0.042,-0.273,0.174,3.93,0.79,335,427,375,600,1
15.464,-0.098,-0.054,0.582,-0.032,-0.011,0.323,0.066,0.043,-0.259,0.165,3.93,0.79,335,430,375,600,1
15.487,-0.098,-0.054,0.582,-0.027,-0.01,0.341,0.071,0.044,-0.241,0.153,3.93,0.79,335,433,375,600,1
15.507,-0.098,-0.054,0.583,-0.024,-0.01,0.351,0.074,0.044,-0.231,0.147,3.93,0.79,335,437,375,600,1
15.522,-0.099,-0.053,0.583,-0.021,-0.009,0.367,0.078,0.044,-0.216,0.138,3.93,0.79,334,440,375,600,1
15.539,-0.099,-0.054,0.583,-0.02,-0.009,0.377,0.079,0.045,-0.206,0.131,3.93,0.79,334,444,375,600,1
15.557,-0.099,-0.054,0.583,-0.019,-0.009,0.396,0.08,0.044,-0.187,0.119,3.93,0.79,334,447,375,600,1
15.577,-0.098,-0.054,0.583,-0.017,-0.009,0.408,0.082,0.045,-0.175,0.111,3.93,0.79,334,450,375,600,1
15.593,-0.099,-0.054,0.582,-0.013,-0.008,0.413,0.085,0.046,-0.169,0.108,3.93,0.79,333,454,375,600,1
15.615,-0.099,-0.053,0.583,-0.012,-0.008,0.423,0.087,0.046,-0.16,0.102,3.93,0.79,333,457,375,600,1
15.632,-0.099,-0.054,0.581,-0.01,-0.008,0.424,0.089,0.046,-0.158,0.1,3.93,0.79,333,461,375,600,1
15.673,-0.099,-0.054,0.581,-0.007,-0.008,0.43,0.092,0.046,-0.151,0.096,3.93,0.79,332,464,375,600,1
15.689,-0.099,-0.054,0.581,-0.009,-0.007,0.429,0.09,0.047,-0.152,0.097,3.93,0.79,332,468,375,600,1
15.706,-0.1,-0.053,0.582,-0.009,-0.007,0.432,0.091,0.046,-0.15,0.095,3.93,0.79,332,471,375,600,1
15.723,-0.099,-0.054,0.582,-0.009,-0.006,0.435,0.09,0.047,-0.147,0.093,3.93,0.79,332,475,375,600,1
15.739,-0.099,-0.054,0.58,-0.009,-0.006,0.438,0.09,0.048,-0.142,0.091,3.93,0.79,331,478,375,600,1
15.755,-0.099,-0.054,0.58,-0.008,-0.006,0.442,0.091,0.048,-0.138,0.088,3.93,0.79,331,482,375,600,1
15.773,-0.1,-0.054,0.58,-0.008,-0.006,0.443,0.092,0.048,-0.137,0.087,3.93,0.79,331,485,375,600,1
15.795,-0.1,-0.054,0.58,-0.007,-0.005,0.443,0.093,0.049,-0.136,0.087,3.93,0.79,331,488,375,600,1
15.814,-0.1,-0.054,0.578,-0.007,-0.005,0.442,0.093,0.049,-0.136,0.086,3.93,0.79,330,492,375,600,1
15.843,-0.099,-0.054,0.578,-0.006,-0.005,0.439,0.093,0.049,-0.139,0.088,3.93,0.79,330,495,375,600,1
15.891,-0.1,-0.055,0.572,-0.006,-0.005,0.431,0.094,0.05,-0.141,0.09,3.93,0.79,330,499,375,600,1
15.909,-0.097,-0.057,0.548,-0.005,-0.004,0.429,0.091,0.052,-0.119,0.076,3.93,0.79,330,502,375,600,1
15.929,-0.093,-0.062,0.525,-0.005,-0.004,0.427,0.088,0.058,-0.098,0.062,3.93,0.79,329,505,375,600,1
15.947,-0.09,-0.068,0.502,-0.005,-0.004,0.425,0.085,0.064,-0.077,0.049,3.93,0.79,329,508,375,600,1
15.966,-0.087,-0.073,0.486,-0.004,-0.004,0.426,0.083,0.069,-0.06,0.044,3.93,0.79,329,511,375,600,1
15.986,-0.083,-0.078,0.464,-0.004,-0.004,0.426,0.079,0.074,-0.038,0.047,3.93,0.79,328,514,375,600,1
16.005,-0.085,-0.076,0.453,-0.004,-0.004,0.426,0.082,0.073,-0.027,0.046,9.42,6.28,328,517,375,600,1
16.023,-0.087,-0.076,0.447,-0.003,-0.004,0.428,0.083,0.073,-0.02,0.046,9.42,6.28,327,520,375,600,1
16.039,-0.088,-0.074,0.439,-0.003,-0.004,0.428,0.085,0.07,-0.011,0.045,9.42,6.28,327,523,375,600,1
16.058,-0.088,-0.073,0.437,-0.003,-0.003,0.428,0.085,0.069,-0.009,0.044,9.42,6.28,327,525,375,600,1
16.075,-0.089,-0.07,0.436,-0.002,-0.003,0.43,0.087,0.067,-0.006,0.042,9.42,6.28,326,528,375,600,1
16.094,-0.09,-0.07,0.441,-0.002,-0.003,0.432,0.088,0.066,-0.009,0.042,9.42,6.28,326,531,375,600,1
16.112,-0.091,-0.069,0.448,-0.002,-0.003,0.434,0.089,0.066,-0.014,0.042,9.42,6.28,326,534,375,600,1
16.13,-0.091,-0.071,0.455,-0.002,-0.003,0.436,0.089,0.068,-0.019,0.043,9.42,6.28,325,537,375,600,1
16.153,-0.091,-0.072,0.458,-0.002,-0.003,0.436,0.089,0.069,-0.022,0.044,9.42,6.28,325,540,375,600,1
16.17,-0.09,-0.073,0.459,-0.001,-0.003,0.436,0.089,0.07,-0.023,0.045,9.42,6.28,325,542,375,600,1
16.19,-0.09,-0.074,0.46,-0.001,-0.003,0.437,0.089,0.071,-0.023,0.045,9.42,6.28,324,545,375,600,1
16.208,-0.09,-0.074,0.46,-0.001,-0.003,0.437,0.089,0.071,-0.023,0.045,9.42,6.28,324,548,375,600,1
16.224,-0.09,-0.075,0.459,-0.001,-0.003,0.438,0.089,0.072,-0.021,0.046,9.42,6.28,324,551,375,600,1
16.245,-0.09,-0.075,0.459,-0.0,-0.003,0.439,0.09,0.072,-0.02,0.046,9.42,6.28,323,554,375,600,1
16.261,-0.091,-0.075,0.454,-0.0,-0.003,0.439,0.091,0.072,-0.015,0.046,9.42,6.28,323,557,375,600,1
16.294,-0.092,-0.075,0.453,0.0,-0.003,0.441,0.092,0.072,-0.011,0.046,9.42,6.28,322,560,375,600,1
16.309,-0.092,-0.075,0.45,0.0,-0.003,0.443,0.092,0.073,-0.006,0.046,9.42,6.28,322,563,375,600,1
16.328,-0.091,-0.076,0.45,0.001,-0.003,0.445,0.092,0.073,-0.006,0.046,9.42,6.28,322,565,375,600,1
16.344,-0.092,-0.075,0.451,0.001,-0.003,0.445,0.093,0.073,-0.006,0.046,9.42,6.28,321,568,375,600,1
16.36,-0.092,-0.075,0.453,0.001,-0.003,0.445,0.093,0.072,-0.008,0.046,9.42,6.28,321,571,375,600,1
16.378,-0.091,-0.076,0.454,0.001,-0.003,0.445,0.093,0.073,-0.009,0.047,9.42,6.28,321,574,375,600,1
16.395,-0.091,-0.076,0.453,0.001,-0.003,0.446,0.093,0.074,-0.007,0.047,9.42,6.28,320,577,375,600,1
16.493,-0.093,-0.078,0.439,0.007,-0.003,0.456,0.1,0.075,0.016,0.048,9.42,6.28,320,580,375,600,1
16.512,-0.092,-0.078,0.422,0.009,-0.003,0.458,0.101,0.075,0.035,0.048,8.64,5.5,320,583,375,600,1
16.53,-0.082,-0.08,0.374,0.011,-0.003,0.459,0.093,0.077,0.085,0.054,8.64,5.5,319,585,375,600,1
16.546,-0.07,-0.082,0.305,0.011,-0.003,0.461,0.081,0.079,0.156,0.099,8.64,5.5,319,587,375,600,1
16.565,-0.062,-0.083,0.234,0.011,-0.003,0.463,0.074,0.08,0.229,0.146,8.64,5.5,318,589,375,600,1
16.583,-0.062,-0.084,0.172,0.012,-0.003,0.465,0.074,0.08,0.293,0.186,8.64,5.5,318,591,375,600,1
16.606,-0.054,-0.1,0.133,0.012,-0.003,0.466,0.066,0.096,0.333,0.212,8.64,5.5,317,592,375,600,1
16.626,-0.055,-0.093,0.107,0.012,-0.003,0.466,0.067,0.09,0.359,0.228,8.64,5.5,317,593,375,600,1
16.645,-0.062,-0.081,0.085,0.013,-0.003,0.468,0.076,0.078,0.383,0.244,8.64,5.5,317,594,375,600,1
16.664,-0.06,-0.08,0.075,0.013,-0.003,0.471,0.073,0.077,0.396,0.252,8.64,5.5,316,596,375,600,1
16.69,-0.064,-0.064,0.054,0.013,-0.003,0.473,0.077,0.061,0.42,0.267,8.64,5.5,316,597,375,600,1
16.712,-0.064,-0.053,0.041,0.013,-0.003,0.476,0.078,0.049,0.435,0.277,8.64,5.5,316,598,375,600,1
16.73,-0.068,-0.044,0.027,0.014,-0.003,0.48,0.081,0.041,0.453,0.288,8.64,5.5,315,598,375,600,1
16.752,-0.069,-0.041,0.0,0.014,-0.003,0.482,0.083,0.038,0.481,0.306,8.64,5.5,315,599,375,600,1
16.773,-0.069,-0.04,-0.024,0.014,-0.003,0.487,0.083,0.036,0.511,0.325,8.64,5.5,315,600,375,600,1
16.794,-0.079,-0.031,-0.03,0.014,-0.003,0.491,0.092,0.028,0.521,0.332,7.85,4.71,315,600,375,600,1
16.813,-0.081,-0.027,-0.032,0.014,-0.003,0.497,0.095,0.024,0.529,0.337,7.85,4.71,315,600,375,600,1
16.829,-0.074,-0.026,-0.028,0.014,-0.003,0.499,0.089,0.022,0.527,0.336,7.85,4.71,315,600,375,600,1
16.849,-0.07,-0.02,-0.026,0.014,-0.003,0.503,0.084,0.017,0.529,0.337,7.85,4.71,315,600,375,600,1
16.868,-0.063,-0.016,-0.032,0.014,-0.003,0.509,0.077,0.014,0.541,0.344,7.85,4.71,315,600,375,600,1
16.89,-0.063,-0.005,-0.029,0.014,-0.003,0.514,0.077,0.002,0.543,0.345,7.85,4.71,315,600,375,600,1
16.913,-0.069,0.009,-0.038,0.015,-0.003,0.519,0.083,-0.011,0.557,0.355,7.85,4.71,315,600,375,600,1
16.932,-0.081,0.017,-0.035,0.015,-0.003,0.522,0.096,-0.02,0.557,0.355,7.85,4.71,315,601,375,600,1
16.951,-0.089,0.025,-0.045,0.015,-0.003,0.524,0.104,-0.028,0.569,0.362,7.85,4.71,315,602,375,600,1
16.972,-0.089,0.027,-0.101,0.015,-0.003,0.525,0.104,-0.03,0.627,0.399,7.85,4.71,315,602,375,600,1
16.988,-0.093,0.029,-0.164,0.015,-0.003,0.526,0.108,-0.032,0.69,0.439,7.85,4.71,316,602,375,600,1
17.01,-0.104,0.031,-0.213,0.015,-0.003,0.528,0.119,-0.034,0.741,0.472,7.07,3.93,316,602,375,600,1
17.029,-0.109,0.026,-0.232,0.015,-0.003,0.528,0.124,-0.028,0.759,0.483,7.85,4.71,316,602,375,600,1
17.044,-0.11,0.022,-0.238,0.015,-0.003,0.528,0.126,-0.025,0.766,0.488,7.85,4.71,316,601,375,600,1
17.063,-0.115,0.019,-0.244,0.015,-0.003,0.528,0.13,-0.022,0.773,0.492,7.85,4.71,316,601,375,600,1
17.08,-0.119,0.017,-0.231,0.015,-0.003,0.527,0.134,-0.02,0.758,0.483,7.85,4.71,316,601,375,600,1
17.098,-0.118,0.016,-0.231,0.016,-0.003,0.527,0.134,-0.019,0.758,0.483,7.85,4.71,316,601,375,600,1
17.122,-0.12,0.019,-0.247,0.016,-0.003,0.526,0.136,-0.021,0.773,0.492,7.85,4.71,316,600,375,600,1
17.143,-0.128,0.019,-0.258,0.016,-0.003,0.525,0.143,-0.022,0.784,0.499,7.85,4.71,316,600,375,600,1
17.172,-0.134,0.02,-0.263,0.016,-0.003,0.525,0.15,-0.023,0.789,0.502,7.85,4.71,316,599,375,600,1
17.194,-0.147,0.019,-0.261,0.016,-0.003,0.526,0.163,-0.022,0.787,0.501,7.85,4.71,316,599,375,600,1
17.217,-0.153,0.013,-0.261,0.016,-0.003,0.526,0.169,-0.016,0.787,0.501,7.85,4.71,317,599,375,600,1
17.233,-0.161,0.007,-0.262,0.016,-0.003,0.526,0.177,-0.01,0.788,0.502,7.85,4.71,317,598,375,600,1
17.248,-0.164,0.002,-0.266,0.016,-0.003,0.525,0.18,-0.005,0.791,0.504,7.85,4.71,317,598,375,600,1
17.265,-0.17,-0.002,-0.272,0.017,-0.003,0.525,0.186,-0.0,0.796,0.507,7.85,4.71,317,597,375,600,1
17.28,-0.175,-0.001,-0.268,0.017,-0.003,0.525,0.191,-0.002,0.793,0.505,7.85,4.71,317,597,375,600,1
17.298,-0.177,-0.003,-0.268,0.017,-0.003,0.527,0.194,0.0,0.795,0.506,7.85,4.71,317,596,375,600,1
17.314,-0.181,-0.005,-0.273,0.017,-0.003,0.528,0.198,0.003,0.801,0.51,7.85,4.71,317,596,375,600,1
17.332,-0.185,-0.009,-0.277,0.017,-0.003,0.529,0.202,0.007,0.806,0.513,7.85,4.71,316,595,375,600,1
17.357,-0.189,-0.014,-0.279,0.017,-0.003,0.532,0.206,0.011,0.811,0.516,7.85,4.71,316,595,375,600,1
17.375,-0.191,-0.017,-0.28,0.017,-0.003,0.533,0.208,0.014,0.814,0.518,7.85,4.71,316,594,375,600,1
17.394,-0.193,-0.019,-0.284,0.017,-0.003,0.536,0.211,0.016,0.82,0.522,7.85,4.71,316,594,375,600,1
17.414,-0.194,-0.021,-0.286,0.018,-0.003,0.538,0.211,0.019,0.824,0.525,7.85,4.71,316,593,375,600,1
17.454,-0.198,-0.027,-0.297,0.018,-0.003,0.541,0.216,0.025,0.838,0.534,7.85,4.71,316,593,375,600,1
17.472,-0.2,-0.029,-0.297,0.018,-0.003,0.542,0.218,0.027,0.839,0.534,7.85,4.71,316,592,375,600,1
17.489,-0.203,-0.032,-0.297,0.018,-0.003,0.543,0.221,0.03,0.84,0.535,7.85,4.71,316,592,375,600,1
17.507,-0.205,-0.035,-0.295,0.018,-0.003,0.543,0.223,0.032,0.838,0.534,7.85,4.71,316,591,375,600,1
17.529,-0.206,-0.037,-0.294,0.018,-0.003,0.544,0.225,0.034,0.838,0.534,8.64,5.5,315,591,375,600,1
17.549,-0.208,-0.039,-0.293,0.019,-0.003,0.545,0.226,0.036,0.837,0.533,8.64,5.5,315,590,375,600,1
17.564,-0.208,-0.04,-0.294,0.019,-0.003,0.545,0.227,0.037,0.839,0.534,8.64,5.5,315,590,375,600,1
17.585,-0.208,-0.04,-0.295,0.019,-0.003,0.546,0.227,0.037,0.842,0.536,8.64,5.5,315,589,375,600,1
17.603,-0.209,-0.041,-0.297,0.019,-0.003,0.548,0.228,0.039,0.845,0.538,8.64,5.5,315,589,375,600,1
17.621,-0.209,-0.042,-0.297,0.019,-0.003,0.548,0.228,0.04,0.846,0.538,8.64,5.5,314,588,375,600,1
17.643,-0.211,-0.044,-0.298,0.019,-0.003,0.548,0.23,0.041,0.847,0.539,8.64,5.5,314,587,375,600,1
17.661,-0.213,-0.046,-0.298,0.019,-0.003,0.548,0.233,0.043,0.846,0.539,8.64,5.5,314,587,375,600,1
17.679,-0.213,-0.047,-0.298,0.019,-0.003,0.548,0.233,0.044,0.846,0.539,8.64,5.5,314,586,375,600,1
17.694,-0.214,-0.048,-0.297,0.019,-0.003,0.55,0.233,0.045,0.847,0.539,8.64,5.5,313,586,375,600,1
17.71,-0.214,-0.048,-0.298,0.02,-0.003,0.551,0.234,0.046,0.849,0.54,8.64,5.5,313,585,375,600,1
17.729,-0.214,-0.049,-0.297,0.02,-0.003,0.553,0.234,0.046,0.85,0.541,8.64,5.5,313,585,375,600,1
17.746,-0.215,-0.049,-0.297,0.023,-0.003,0.555,0.237,0.046,0.853,0.543,8.64,5.5,313,584,375,600,1
17.765,-0.216,-0.05,-0.299,0.026,-0.003,0.558,0.242,0.047,0.856,0.545,8.64,5.5,312,584,375,600,1
17.802,-0.217,-0.05,-0.3,0.027,-0.003,0.563,0.244,0.047,0.863,0.549,8.64,5.5,312,583,375,600,1
17.822,-0.218,-0.051,-0.301,0.027,-0.003,0.568,0.245,0.048,0.868,0.553,8.64,5.5,312,583,375,600,1
17.84,-0.218,-0.052,-0.301,0.027,-0.003,0.571,0.245,0.049,0.872,0.555,8.64,5.5,312,582,375,600,1
17.885,-0.218,-0.053,-0.302,0.029,-0.003,0.574,0.246,0.05,0.876,0.557,8.64,5.5,311,582,375,600,1
17.903,-0.218,-0.054,-0.302,0.029,-0.003,0.573,0.247,0.051,0.875,0.557,8.64,5.5,311,581,375,600,1
17.922,-0.218,-0.054,-0.301,0.03,-0.003,0.571,0.248,0.051,0.873,0.555,8.64,5.5,311,580,375,600,1
17.939,-0.217,-0.055,-0.302,0.031,-0.003,0.569,0.248,0.051,0.871,0.554,8.64,5.5,311,580,375,600,1
17.959,-0.217,-0.055,-0.301,0.031,-0.003,0.566,0.248,0.052,0.868,0.552,8.64,5.5,310,579,375,600,1
17.977,-0.218,-0.056,-0.3,0.031,-0.003,0.564,0.249,0.052,0.863,0.55,8.64,5.5,310,579,375,600,1
17.996,-0.219,-0.056,-0.299,0.029,-0.003,0.556,0.248,0.052,0.855,0.544,8.64,5.5,310,578,375,600,1
18.015,-0.219,-0.056,-0.294,0.023,-0.003,0.536,0.242,0.053,0.83,0.529,8.64,5.5,310,578,375,600,1
18.034,-0.219,-0.056,-0.287,0.007,-0.002,0.477,0.226,0.054,0.764,0.487,8.64,5.5,309,577,375,600,1
18.054,-0.219,-0.056,-0.277,-0.018,-0.001,0.393,0.201,0.055,0.67,0.427,8.64,5.5,309,576,375,600,1
18.073,-0.22,-0.058,-0.264,-0.019,-0.001,0.334,0.201,0.057,0.597,0.38,8.64,5.5,309,576,375,600,1
18.091,-0.221,-0.056,-0.248,-0.005,-0.002,0.28,0.216,0.054,0.528,0.336,8.64,5.5,309,575,375,600,1
18.11,-0.224,-0.056,-0.222,-0.0,-0.003,0.23,0.224,0.053,0.452,0.288,8.64,5.5,308,574,375,600,1
18.129,-0.231,-0.058,-0.182,-0.006,-0.003,0.192,0.225,0.055,0.374,0.238,8.64,5.5,308,574,375,600,1
18.145,-0.231,-0.052,-0.15,-0.015,-0.002,0.161,0.216,0.05,0.311,0.198,8.64,5.5,308,573,375,600,1
18.163,-0.227,-0.044,-0.127,-0.025,-0.001,0.121,0.202,0.043,0.247,0.157,8.64,5.5,308,573,375,600,1
18.181,-0.23,-0.043,-0.09,-0.039,-0.0,0.094,0.192,0.043,0.183,0.117,8.64,5.5,307,573,375,600,1
18.199,-0.242,-0.046,-0.01,-0.048,0.0,0.068,0.194,0.047,0.077,0.049,8.64,5.5,307,573,375,600,1
18.218,-0.252,-0.049,0.062,-0.054,0.0,0.031,0.198,0.049,-0.031,0.031,9.42,6.28,307,573,375,600,1
18.26,-0.215,-0.02,0.064,-0.071,0.002,-0.036,0.144,0.021,-0.1,0.063,4.71,1.57,307,573,375,600,1
18.278,-0.185,-0.005,0.034,-0.069,0.001,-0.034,0.116,0.006,-0.068,0.043,4.71,1.57,307,573,375,600,1
18.295,-0.174,0.002,0.019,-0.067,0.001,-0.029,0.106,-0.0,-0.048,0.031,4.71,1.57,307,573,375,600,1
18.312,-0.161,0.009,0.009,-0.067,0.002,-0.031,0.095,-0.007,-0.04,0.025,4.71,1.57,307,573,375,600,1
18.349,-0.151,0.017,0.022,-0.065,0.003,-0.032,0.086,-0.014,-0.055,0.035,4.71,1.57,307,573,375,600,1
18.371,-0.145,0.019,0.028,-0.065,0.003,-0.032,0.08,-0.016,-0.06,0.038,4.71,1.57,307,573,375,600,1
18.395,-0.138,0.021,0.026,-0.063,0.002,-0.018,0.075,-0.019,-0.044,0.028,4.71,1.57,307,573,375,600,1
18.411,-0.139,0.025,0.043,-0.062,0.002,-0.01,0.077,-0.023,-0.052,0.033,4.71,1.57,307,573,375,600,1
18.429,-0.138,0.024,0.063,-0.062,0.002,-0.006,0.077,-0.023,-0.069,0.044,4.71,1.57,307,573,375,600,1
18.447,-0.134,0.023,0.093,-0.06,0.001,0.002,0.074,-0.022,-0.092,0.058,4.71,1.57,307,573,375,600,1
18.466,-0.125,0.022,0.098,-0.06,0.001,0.004,0.065,-0.021,-0.094,0.06,4.71,1.57,307,573,375,600,1
18.504,-0.12,0.019,0.102,-0.059,0.0,0.012,0.061,-0.019,-0.09,0.058,4.71,1.57,307,573,375,600,1
18.522,-0.114,0.022,0.09,-0.059,0.0,0.014,0.055,-0.022,-0.076,0.049,4.71,1.57,307,573,375,600,1
18.54,-0.111,0.022,0.09,-0.059,-0.0,0.016,0.053,-0.022,-0.074,0.047,4.71,1.57,307,573,375,600,1
18.556,-0.109,0.022,0.09,-0.058,-0.0,0.018,0.051,-0.022,-0.072,0.046,4.71,1.57,307,573,375,600,1
18.573,-0.108,0.023,0.089,-0.058,-0.0,0.019,0.05,-0.023,-0.069,0.044,4.71,1.57,307,573,375,600,1
18.593,-0.106,0.022,0.093,-0.058,-0.001,0.021,0.048,-0.022,-0.072,0.046,4.71,1.57,307,573,375,600,1
18.61,-0.104,0.02,0.094,-0.058,-0.001,0.023,0.047,-0.021,-0.072,0.046,4.71,1.57,307,573,375,600,1
18.625,-0.104,0.021,0.086,-0.057,-0.001,0.024,0.046,-0.022,-0.062,0.04,4.71,1.57,307,573,375,600,1
18.646,-0.104,0.024,0.077,-0.057,-0.001,0.026,0.047,-0.025,-0.051,0.033,4.71,1.57,307,573,375,600,1
18.663,-0.103,0.022,0.078,-0.057,-0.001,0.027,0.046,-0.024,-0.051,0.032,4.71,1.57,307,573,375,600,1
18.681,-0.102,0.023,0.071,-0.057,-0.001,0.029,0.045,-0.024,-0.042,0.027,4.71,1.57,307,573,375,600,1
18.698,-0.101,0.025,0.064,-0.057,-0.001,0.03,0.045,-0.026,-0.035,0.022,4.71,1.57,307,573,375,600,1
18.717,-0.102,0.025,0.066,-0.056,-0.002,0.031,0.046,-0.027,-0.035,0.022,4.71,1.57,307,573,375,600,1
18.737,-0.102,0.028,0.064,-0.056,-0.002,0.032,0.046,-0.03,-0.032,0,0,0,307,573,375,600,1
18.76,-0.102,0.029,0.068,-0.056,-0.002,0.033,0.046,-0.031,-0.035,0.022,4.71,1.57,307,573,375,600,1
18.783,-0.1,0.019,0.1,-0.056,-0.002,0.034,0.044,-0.02,-0.066,0.042,4.71,1.57,307,574,375,600,1
18.8,-0.104,0.01,0.118,-0.055,-0.002,0.035,0.048,-0.012,-0.083,0.053,4.71,1.57,307,575,375,600,1
18.816,-0.103,0.009,0.101,-0.055,-0.002,0.036,0.048,-0.011,-0.065,0.042,4.71,1.57,307,575,375,600,1
18.837,-0.102,0.017,0.071,-0.055,-0.002,0.037,0.047,-0.019,-0.035,0.022,4.71,1.57,307,575,375,600,1
18.854,-0.102,0.022,0.061,-0.055,-0.002,0.037,0.047,-0.024,-0.024,0,0,0,307,576,375,600,1
18.875,-0.101,0.022,0.072,-0.055,-0.002,0.038,0.046,-0.024,-0.034,0.021,4.71,1.57,308,576,375,600,1
18.889,-0.102,0.017,0.078,-0.054,-0.002,0.038,0.047,-0.02,-0.04,0.025,4.71,1.57,308,577,375,600,1
18.911,-0.101,0.02,0.083,-0.054,-0.002,0.039,0.047,-0.022,-0.044,0.028,4.71,1.57,308,577,375,600,1
18.926,-0.087,0.021,0.084,-0.054,-0.003,0.039,0.033,-0.023,-0.044,0.028,4.71,1.57,308,578,375,600,1
18.949,-0.069,0.021,0.088,-0.054,-0.003,0.04,0.015,-0.024,-0.048,0.031,4.71,1.57,308,578,375,600,1
18.967,-0.05,0.018,0.087,-0.054,-0.003,0.04,-0.003,-0.02,-0.047,0.03,4.71,1.57,308,579,375,600,1
18.982,-0.044,0.015,0.087,-0.054,-0.003,0.04,-0.009,-0.018,-0.047,0.03,4.71,1.57,308,579,375,600,1
19.008,-0.046,0.011,0.088,-0.053,-0.003,0.041,-0.008,-0.014,-0.047,0.03,4.71,1.57,308,580,375,600,1
19.025,-0.055,0.014,0.098,-0.053,-0.003,0.041,0.001,-0.017,-0.058,0.037,4.71,1.57,308,580,375,600,1
19.041,-0.061,0.019,0.104,-0.053,-0.003,0.041,0.007,-0.022,-0.063,0.04,4.71,1.57,308,581,375,600,1
19.065,-0.062,0.023,0.109,-0.053,-0.003,0.041,0.009,-0.026,-0.068,0.043,4.71,1.57,308,581,375,600,1
19.106,-0.057,0.023,0.116,-0.053,-0.003,0.041,0.004,-0.026,-0.075,0.048,4.71,1.57,308,582,375,600,1
19.123,-0.052,0.019,0.118,-0.053,-0.003,0.041,-0.0,-0.022,-0.077,0.049,4.71,1.57,309,582,375,600,1
19.145,-0.054,0.02,0.123,-0.052,-0.003,0.041,0.001,-0.023,-0.082,0.052,4.71,1.57,309,583,375,600,1
19.173,-0.055,0.023,0.128,-0.052,-0.003,0.041,0.003,-0.026,-0.088,0.056,4.71,1.57,309,584,375,600,1
19.191,-0.058,0.026,0.133,-0.052,-0.003,0.04,0.006,-0.029,-0.093,0.059,4.71,1.57,309,584,375,600,1
19.214,-0.054,0.019,0.149,-0.052,-0.003,0.04,0.002,-0.022,-0.109,0.069,4.71,1.57,309,585,375,600,1
19.233,-0.043,0.022,0.157,-0.052,-0.003,0.04,-0.009,-0.025,-0.117,0.075,4.71,1.57,309,586,375,600,1
19.253,-0.036,0.026,0.15,-0.052,-0.003,0.04,-0.016,-0.029,-0.11,0.07,4.71,1.57,309,587,375,600,1
19.272,-0.038,0.03,0.149,-0.052,-0.003,0.039,-0.013,-0.033,-0.11,0.07,5.5,2.36,309,588,375,600,1
19.291,-0.051,0.035,0.156,-0.052,-0.003,0.039,-0.0,-0.038,-0.116,0.074,5.5,2.36,309,588,375,600,1
19.314,-0.057,0.035,0.164,-0.051,-0.003,0.039,0.005,-0.038,-0.126,0.08,5.5,2.36,310,589,375,600,1
19.333,-0.068,0.039,0.173,-0.051,-0.003,0.038,0.017,-0.042,-0.135,0.086,5.5,2.36,310,590,375,600,1
19.354,-0.072,0.033,0.178,-0.051,-0.003,0.038,0.021,-0.037,-0.14,0.089,5.5,2.36,310,591,375,600,1
19.371,-0.074,0.029,0.189,-0.051,-0.003,0.038,0.023,-0.032,-0.151,0.096,4.71,1.57,310,592,375,600,1
19.389,-0.076,0.028,0.189,-0.051,-0.003,0.037,0.025,-0.032,-0.152,0.097,4.71,1.57,310,593,375,600,1
19.406,-0.077,0.028,0.189,-0.051,-0.003,0.037,0.027,-0.031,-0.152,0.097,4.71,1.57,310,594,375,600,1
19.443,-0.078,0.027,0.189,-0.051,-0.003,0.036,0.028,-0.031,-0.153,0.097,4.71,1.57,310,595,375,600,1
19.46,-0.08,0.026,0.189,-0.051,-0.003,0.036,0.029,-0.029,-0.154,0.098,4.71,1.57,311,596,375,600,1
19.478,-0.081,0.026,0.189,-0.051,-0.003,0.036,0.03,-0.029,-0.154,0.098,4.71,1.57,311,597,375,600,1
19.499,-0.081,0.025,0.19,-0.05,-0.003,0.035,0.031,-0.029,-0.155,0.098,4.71,1.57,311,598,375,600,1
19.516,-0.082,0.025,0.19,-0.05,-0.004,0.035,0.031,-0.028,-0.155,0.099,4.71,1.57,311,599,375,600,1
19.537,-0.082,0.025,0.19,-0.05,-0.004,0.034,0.032,-0.028,-0.156,0.099,4.71,1.57,311,600,375,600,1
19.555,-0.082,0.024,0.191,-0.05,-0.004,0.034,0.032,-0.028,-0.157,0.1,4.71,1.57,311,601,375,600,1
19.572,-0.082,0.024,0.19,-0.05,-0.004,0.034,0.032,-0.027,-0.157,0.1,4.71,1.57,311,602,375,600,1
19.61,-0.083,0.024,0.19,-0.05,-0.004,0.033,0.033,-0.027,-0.158,0.101,4.71,1.57,311,602,375,600,1
19.626,-0.083,0.023,0.19,-0.05,-0.004,0.032,0.034,-0.027,-0.158,0.1,4.71,1.57,311,602,375,600,1
19.644,-0.084,0.023,0.19,-0.05,-0.004,0.032,0.034,-0.026,-0.159,0.101,4.71,1.57,311,602,375,600,1
19.665,-0.084,0.023,0.19,-0.05,-0.004,0.031,0.034,-0.026,-0.159,0.101,4.71,1.57,311,602,375,600,1
19.686,-0.084,0.023,0.19,-0.05,-0.004,0.031,0.035,-0.026,-0.159,0.101,4.71,1.57,311,602,375,600,1
19.705,-0.084,0.022,0.189,-0.05,-0.004,0.03,0.035,-0.026,-0.159,0.101,4.71,1.57,311,602,375,600,1
19.742,-0.085,0.022,0.189,-0.049,-0.004,0.029,0.035,-0.026,-0.159,0.101,4.71,1.57,311,602,375,600,1
19.758,-0.085,0.022,0.189,-0.049,-0.004,0.029,0.036,-0.026,-0.159,0.102,4.71,1.57,311,602,375,600,1
19.777,-0.085,0.022,0.188,-0.049,-0.004,0.029,0.036,-0.025,-0.16,0.102,4.71,1.57,311,602,375,600,1
19.816,-0.085,0.021,0.189,-0.049,-0.004,0.028,0.036,-0.025,-0.161,0.103,4.71,1.57,311,602,375,600,1
19.833,-0.085,0.021,0.189,-0.049,-0.004,0.027,0.036,-0.025,-0.162,0.103,4.71,1.57,311,602,375,600,1
19.853,-0.085,0.021,0.189,-0.049,-0.004,0.027,0.036,-0.025,-0.162,0.103,4.71,1.57,311,602,375,600,1
19.877,-0.084,0.021,0.189,-0.049,-0.004,0.026,0.035,-0.025,-0.163,0.104,4.71,1.57,311,602,375,600,1
19.894,-0.085,0.022,0.189,-0.049,-0.004,0.026,0.037,-0.026,-0.163,0.104,4.71,1.57,311,602,375,600,1
19.911,-0.086,0.022,0.189,-0.049,-0.004,0.026,0.037,-0.026,-0.163,0.104,4.71,1.57,311,602,375,600,1
19.93,-0.086,0.022,0.189,-0.049,-0.004,0.025,0.037,-0.026,-0.164,0.104,4.71,1.57,311,602,375,600,1
19.96,-0.085,0.021,0.189,-0.049,-0.004,0.025,0.037,-0.025,-0.165,0.105,4.71,1.57,311,602,375,600,1
19.979,-0.085,0.021,0.19,-0.049,-0.004,0.024,0.036,-0.025,-0.166,0.105,4.71,1.57,311,602,375,600,1
19.997,-0.085,0.021,0.189,-0.049,-0.004,0.024,0.037,-0.025,-0.165,0.105,4.71,1.57,311,602,375,600,1
20.035,-0.085,0.021,0.189,-0.048,-0.004,0.023,0.037,-0.025,-0.166,0.105,4.71,1.57,311,602,375,600,1
20.054,-0.085,0.021,0.19,-0.048,-0.004,0.023,0.037,-0.025,-0.167,0.106,4.71,1.57,311,602,375,600,1
20.074,-0.085,0.021,0.19,-0.048,-0.004,0.022,0.037,-0.025,-0.167,0.107,4.71,1.57,311,602,375,600,1
20.1,-0.085,0.021,0.19,-0.048,-0.004,0.022,0.037,-0.025,-0.168,0.107,4.71,1.57,311,602,375,600,1
20.12,-0.086,0.021,0.19,-0.048,-0.004,0.021,0.038,-0.025,-0.169,0.108,4.71,1.57,311,602,375,600,1
20.143,-0.086,0.021,0.19,-0.048,-0.004,0.021,0.038,-0.025,-0.169,0.108,4.71,1.57,311,602,375,600,1
20.165,-0.086,0.021,0.19,-0.048,-0.004,0.02,0.038,-0.025,-0.169,0.108,4.71,1.57,311,602,375,600,1
20.19,-0.086,0.021,0.19,-0.048,-0.004,0.02,0.038,-0.025,-0.17,0.108,4.71,1.57,311,602,375,600,1
20.21,-0.086,0.02,0.19,-0.048,-0.004,0.02,0.038,-0.025,-0.17,0.108,4.71,1.57,311,602,375,600,1
20.23,-0.086,0.02,0.19,-0.048,-0.004,0.019,0.038,-0.025,-0.171,0.109,4.71,1.57,311,602,375,600,1
20.249,-0.086,0.021,0.19,-0.048,-0.004,0.019,0.038,-0.025,-0.171,0.109,4.71,1.57,311,602,375,600,1
20.271,-0.086,0.021,0.189,-0.048,-0.004,0.019,0.038,-0.025,-0.171,0.109,4.71,1.57,311,602,375,600,1
20.29,-0.086,0.021,0.19,-0.047,-0.004,0.018,0.038,-0.025,-0.171,0.109,4.71,1.57,311,602,375,600,1
20.305,-0.086,0.021,0.189,-0.047,-0.004,0.018,0.039,-0.025,-0.171,0.109,4.71,1.57,311,602,375,600,1
20.325,-0.086,0.021,0.189,-0.047,-0.004,0.018,0.039,-0.026,-0.172,0.109,4.71,1.57,311,602,375,600,1
20.444,-0.086,0.021,0.189,-0.047,-0.004,0.017,0.039,-0.025,-0.172,0.109,4.71,1.57,311,602,375,600,1
20.459,-0.086,0.02,0.189,-0.047,-0.005,0.016,0.039,-0.025,-0.173,0.11,4.71,1.57,311,602,375,600,1
20.48,-0.086,0.02,0.189,-0.047,-0.005,0.015,0.039,-0.025,-0.173,0.11,4.71,1.57,311,602,375,600,1
20.499,-0.086,0.02,0.188,-0.047,-0.005,0.015,0.039,-0.025,-0.173,0.11,4.71,1.57,311,602,375,600,1
20.517,-0.085,0.02,0.187,-0.047,-0.005,0.015,0.039,-0.025,-0.172,0.11,4.71,1.57,311,602,375,600,1
20.534,-0.086,0.021,0.187,-0.047,-0.005,0.015,0.039,-0.025,-0.173,0.11,4.71,1.57,311,602,375,600,1
20.553,-0.086,0.02,0.187,-0.047,-0.005,0.014,0.039,-0.025,-0.173,0.11,4.71,1.57,311,602,375,600,1
20.569,-0.086,0.02,0.188,-0.047,-0.005,0.014,0.039,-0.025,-0.174,0.111,4.71,1.57,311,602,375,600,1
20.588,-0.086,0.02,0.187,-0.046,-0.005,0.014,0.04,-0.025,-0.173,0.11,4.71,1.57,311,602,375,600,1
20.628,-0.086,0.02,0.188,-0.046,-0.005,0.013,0.039,-0.025,-0.174,0.111,4.71,1.57,311,602,375,600,1
20.647,-0.085,0.02,0.188,-0.046,-0.005,0.013,0.039,-0.025,-0.175,0.112,4.71,1.57,311,602,375,600,1
20.662,-0.084,0.02,0.188,-0.046,-0.005,0.013,0.038,-0.025,-0.176,0.112,4.71,1.57,311,602,375,600,1
20.682,-0.085,0.02,0.189,-0.046,-0.005,0.013,0.038,-0.025,-0.176,0.112,4.71,1.57,311,602,375,600,1
20.698,-0.085,0.02,0.189,-0.046,-0.005,0.013,0.039,-0.025,-0.176,0.112,4.71,1.57,311,602,375,600,1
20.714,-0.085,0.02,0.189,-0.046,-0.005,0.012,0.039,-0.025,-0.177,0.112,4.71,1.57,311,602,375,600,1
20.732,-0.086,0.02,0.189,-0.046,-0.005,0.012,0.04,-0.025,-0.177,0.112,4.71,1.57,311,602,375,600,1
20.752,-0.086,0.021,0.188,-0.046,-0.005,0.012,0.04,-0.026,-0.176,0.112,4.71,1.57,311,602,375,600,1
20.767,-0.087,0.021,0.188,-0.046,-0.005,0.012,0.041,-0.026,-0.176,0.112,4.71,1.57,311,602,375,600,1
20.805,-0.086,0.021,0.188,-0.046,-0.005,0.012,0.04,-0.026,-0.177,0.112,4.71,1.57,311,602,375,600,1
20.821,-0.086,0.021,0.188,-0.046,-0.005,0.011,0.04,-0.026,-0.176,0.112,4.71,1.57,311,602,375,600,1
20.84,-0.086,0.021,0.188,-0.046,-0.005,0.011,0.04,-0.026,-0.177,0.112,4.71,1.57,311,602,375,600,1
20.856,-0.087,0.021,0.189,-0.046,-0.005,0.011,0.041,-0.026,-0.177,0.113,4.71,1.57,311,602,375,600,1
20.877,-0.087,0.021,0.189,-0.046,-0.005,0.011,0.041,-0.026,-0.178,0.113,4.71,1.57,311,602,375,600,1
20.897,-0.086,0.021,0.189,-0.046,-0.005,0.011,0.041,-0.026,-0.178,0.114,4.71,1.57,311,602,375,600,1
20.919,-0.086,0.021,0.19,-0.046,-0.005,0.011,0.041,-0.026,-0.179,0.114,4.71,1.57,311,602,375,600,1
20.939,-0.086,0.021,0.189,-0.046,-0.005,0.01,0.04,-0.026,-0.179,0.114,4.71,1.57,311,602,375,600,1
20.978,-0.085,0.021,0.19,-0.045,-0.005,0.01,0.04,-0.026,-0.18,0.114,4.71,1.57,311,602,375,600,1
20.996,-0.085,0.021,0.19,-0.045,-0.005,0.01,0.039,-0.026,-0.18,0.115,4.71,1.57,311,602,375,600,1
21.014,-0.085,0.021,0.19,-0.045,-0.005,0.01,0.039,-0.026,-0.18,0.115,4.71,1.57,311,602,375,600,1
21.031,-0.085,0.021,0.19,-0.045,-0.005,0.01,0.04,-0.026,-0.181,0.115,4.71,1.57,311,602,375,600,1
21.049,-0.086,0.021,0.19,-0.045,-0.005,0.009,0.04,-0.026,-0.181,0.115,4.71,1.57,311,602,375,600,1
21.066,-0.086,0.021,0.19,-0.045,-0.005,0.009,0.041,-0.026,-0.181,0.115,4.71,1.57,311,602,375,600,1
21.088,-0.086,0.021,0.19,-0.045,-0.005,0.009,0.041,-0.026,-0.181,0.115,4.71,1.57,311,602,375,600,1
21.108,-0.085,0.02,0.19,-0.045,-0.005,0.009,0.04,-0.026,-0.181,0.115,4.71,1.57,311,602,375,600,1
21.132,-0.086,0.02,0.19,-0.045,-0.005,0.009,0.041,-0.026,-0.181,0.115,4.71,1.57,311,602,375,600,1
21.149,-0.086,0.02,0.189,-0.045,-0.005,0.009,0.041,-0.026,-0.181,0.115,4.71,1.57,311,602,375,600,1
21.168,-0.085,0.02,0.189,-0.045,-0.005,0.009,0.041,-0.026,-0.181,0.115,4.71,1.57,311,602,375,600,1
21.189,-0.086,0.021,0.19,-0.045,-0.005,0.008,0.041,-0.026,-0.181,0.116,4.71,1.57,311,602,375,600,1
21.214,-0.086,0.021,0.189,-0.045,-0.005,0.008,0.041,-0.026,-0.181,0.115,4.71,1.57,311,602,375,600,1
21.233,-0.085,0.02,0.189,-0.045,-0.005,0.008,0.04,-0.026,-0.181,0.115,4.71,1.57,311,602,375,600,1
21.252,-0.085,0.02,0.189,-0.045,-0.005,0.008,0.04,-0.026,-0.181,0.115,4.71,1.57,311,602,375,600,1
21.272,-0.086,0.021,0.189,-0.045,-0.005,0.008,0.041,-0.026,-0.181,0.115,4.71,1.57,311,602,375,600,1
21.288,-0.085,0.02,0.189,-0.045,-0.005,0.008,0.04,-0.026,-0.181,0.115,4.71,1.57,311,602,375,600,1
21.314,-0.085,0.02,0.189,-0.045,-0.005,0.008,0.041,-0.026,-0.181,0.115,4.71,1.57,311,602,375,600,1
21.332,-0.085,0.02,0.189,-0.045,-0.005,0.007,0.04,-0.025,-0.181,0.116,4.71,1.57,311,602,375,600,1
21.348,-0.085,0.02,0.189,-0.045,-0.005,0.007,0.04,-0.025,-0.182,0.116,4.71,1.57,311,602,375,600,1
21.364,-0.085,0.02,0.189,-0.045,-0.006,0.007,0.041,-0.026,-0.182,0.116,4.71,1.57,311,602,375,600,1
21.381,-0.085,0.02,0.19,-0.044,-0.005,0.007,0.041,-0.026,-0.182,0.116,4.71,1.57,311,602,375,600,1
21.398,-0.085,0.02,0.189,-0.044,-0.005,0.007,0.041,-0.026,-0.182,0.116,4.71,1.57,311,602,375,600,1
21.415,-0.085,0.02,0.189,-0.044,-0.006,0.007,0.041,-0.026,-0.182,0.116,4.71,1.57,311,602,375,600,1
21.434,-0.085,0.021,0.19,-0.044,-0.006,0.007,0.041,-0.026,-0.183,0.116,4.71,1.57,311,602,375,600,1
21.451,-0.085,0.02,0.19,-0.044,-0.006,0.007,0.04,-0.026,-0.183,0.116,4.71,1.57,311,602,375,600,1
21.473,-0.085,0.021,0.189,-0.044,-0.006,0.007,0.04,-0.026,-0.183,0.116,4.71,1.57,311,602,375,600,1
21.492,-0.085,0.02,0.19,-0.044,-0.006,0.007,0.04,-0.026,-0.183,0.117,4.71,1.57,311,602,375,600,1
21.591,-0.084,0.02,0.19,-0.044,-0.006,0.006,0.04,-0.026,-0.184,0.117,4.71,1.57,311,602,375,600,1
21.608,-0.085,0.02,0.191,-0.044,-0.006,0.006,0.041,-0.026,-0.185,0.118,4.71,1.57,311,602,375,600,1
21.63,-0.085,0.02,0.19,-0.044,-0.006,0.006,0.041,-0.026,-0.184,0.117,4.71,1.57,311,602,375,600,1
