Time,Teacher-x,Teacher-y,Teacher-z,Student-x,Student-y,Student-z,Difference-x,Difference-y,Difference-z,Teacher Intensity,Student Intensity,Angle Teacher,Angle Student,Ball-x,Ball-y,Target-x,Target-y,Score
38.394,-0.001,-0.001,0.0,0.0,-0.0,-0.0,0.001,0.001,-0.0,0.0,0.0,0,0,200,200,115,285,0
38.413,-0.0,-0.001,0.001,0.0,0.0,-0.0,0.0,0.001,-0.001,0.0,0.0,0,0,200,200,115,285,0
38.437,-0.003,0.001,-0.0,0.0,0.0,-0.0,0.003,-0.001,0.0,0.0,0.0,0,0,200,200,115,285,0
38.457,-0.001,-0.0,0.001,0.0,0.0,-0.0,0.001,0.0,-0.001,0.0,0.0,0,0,200,200,115,285,0
38.476,-0.001,-0.001,0.002,0.0,0.0,-0.0,0.001,0.001,-0.002,0.0,0.0,0,0,200,200,115,285,0
38.497,-0.001,-0.001,0.002,0.0,-0.0,-0.0,0.001,0.001,-0.002,0.0,0.0,0,0,200,200,115,285,0
38.54,-0.001,0.001,-0.0,0.0,0.0,-0.0,0.001,-0.001,-0.0,0.0,0.0,0,0,200,200,115,285,0
38.564,-0.0,-0.001,0.002,0.0,0.0,-0.0,0.0,0.001,-0.002,0.0,0.0,0,0,200,200,115,285,0
38.586,0.0,0.0,-0.0,0.0,-0.0,-0.0,-0.0,-0.0,0.0,0.0,0.0,0,0,200,200,115,285,0
38.608,0.002,-0.001,0.001,0.0,-0.0,-0.0,-0.002,0.001,-0.001,0.0,0.0,0,0,200,200,115,285,0
38.625,0.002,-0.001,0.001,0.0,0.0,-0.0,-0.002,0.001,-0.001,0.0,0.0,0,0,200,200,115,285,0
38.646,0.002,-0.001,0.001,0.0,0.0,-0.0,-0.002,0.001,-0.001,0.0,0.0,0,0,200,200,115,285,0
38.668,0.001,0.0,-0.0,0.0,-0.0,-0.0,-0.001,-0.0,0.0,0.0,0.0,0,0,200,200,115,285,0
38.707,0.0,-0.0,-0.001,0.0,0.0,-0.0,-0.0,0.0,0.001,0.0,0.0,0,0,200,200,115,285,0
38.734,0.001,-0.001,-0.0,0.0,-0.0,-0.0,-0.001,0.001,0.0,0.0,0.0,0,0,200,200,115,285,0
38.755,0.0,-0.0,-0.001,0.0,-0.0,-0.0,0.0,0.0,0.001,0.0,0.0,0,0,200,200,115,285,0
38.777,0.002,-0.001,-0.001,0.0,-0.0,-0.0,-0.002,0.001,0.001,0.0,0.0,0,0,200,200,115,285,0
38.802,0.001,0.001,-0.002,0.0,-0.0,0.0,-0.001,-0.001,0.002,0.0,0.0,0,0,200,200,115,285,0
38.823,0.001,0.0,-0.001,0.0,-0.0,-0.0,-0.001,-0.0,0.001,0.0,0.0,0,0,200,200,115,285,0
38.844,0.003,-0.001,-0.0,0.0,-0.0,-0.0,-0.003,0.001,0.0,0.0,0.0,0,0,200,200,115,285,0
38.87,0.003,-0.0,-0.001,0.0,-0.0,-0.0,-0.003,0.0,0.001,0.0,0.0,0,0,200,200,115,285,0
38.893,0.003,0.0,-0.001,0.0,-0.0,-0.0,-0.003,-0.0,0.001,0.0,0.0,0,0,200,200,115,285,0
38.919,0.002,0.001,-0.001,0.0,-0.0,-0.0,-0.002,-0.001,0.001,0.0,0.0,0,0,200,200,115,285,0
38.938,0.002,0.001,-0.002,0.0,-0.0,-0.0,-0.001,-0.001,0.002,0.0,0.0,0,0,200,200,115,285,0
38.959,0.003,0.0,-0.001,0.0,-0.0,-0.0,-0.003,-0.0,0.001,0.0,0.0,0,0,200,200,115,285,0
38.98,0.004,-0.001,-0.001,0.0,-0.0,0.0,-0.004,0.001,0.001,0.0,0.0,0,0,200,200,115,285,0
38.999,0.002,0.001,-0.002,0.0,-0.0,0.0,-0.002,-0.001,0.002,0.0,0.0,0,0,200,200,115,285,0
39.02,0.002,0.002,-0.003,0.0,-0.0,0.0,-0.001,-0.002,0.003,0.0,0.0,0,0,200,200,115,285,0
39.043,0.003,-0.0,-0.0,0.0,-0.0,0.0,-0.002,0.0,0.001,0.0,0.0,0,0,200,200,115,285,0
39.064,0.003,0.0,-0.001,0.0,-0.0,0.0,-0.002,-0.0,0.001,0.0,0.0,0,0,200,200,115,285,0
39.083,0.002,0.001,-0.002,0.0,-0.0,-0.0,-0.002,-0.001,0.002,0.0,0.0,0,0,200,200,115,285,0
39.101,0.001,0.001,-0.002,0.0,-0.0,0.0,-0.001,-0.001,0.002,0.0,0.0,0,0,200,200,115,285,0
39.121,0.004,-0.001,-0.0,0.0,-0.0,0.0,-0.003,0.001,0.0,0.0,0.0,0,0,200,200,115,285,0
39.141,0.005,-0.001,-0.0,0.0,-0.0,0.0,-0.005,0.001,0.0,0.0,0.0,0,0,200,200,115,285,0
39.163,0.003,-0.001,-0.0,0.0,-0.0,0.0,-0.003,0.001,0.0,0.0,0.0,0,0,200,200,115,285,0
39.183,0.001,-0.0,-0.001,0.0,-0.0,0.0,-0.001,-0.0,0.001,0.0,0.0,0,0,200,200,115,285,0
39.202,0.001,0.001,-0.002,0.0,-0.0,0.0,-0.001,-0.002,0.002,0.0,0.0,0,0,200,200,115,285,0
39.22,0.001,0.003,-0.004,0.0,-0.0,0.0,-0.0,-0.003,0.004,0.0,0.0,0,0,200,200,115,285,0
39.247,0.001,0.002,-0.003,0.0,-0.0,0.0,-0.001,-0.002,0.004,0.0,0.0,0,0,200,200,115,285,0
39.275,-0.001,0.001,-0.002,0.0,-0.0,0.0,0.001,-0.002,0.002,0.0,0.0,0,0,200,200,115,285,0
39.298,0.001,0.001,-0.001,0.0,-0.0,0.0,-0.001,-0.001,0.001,0.0,0.0,0,0,200,200,115,285,0
39.322,-0.001,0.002,-0.002,0.0,-0.0,0.0,0.001,-0.002,0.002,0.0,0.0,0,0,200,200,115,285,0
39.344,0.001,-0.001,-0.0,0.0,-0.0,0.0,-0.001,0.001,0.0,0.0,0.0,0,0,200,200,115,285,0
39.364,-0.001,0.001,-0.001,0.0,-0.0,0.0,0.001,-0.001,0.001,0.0,0.0,0,0,200,200,115,285,0
39.386,-0.001,0.001,-0.001,-0.0,-0.0,0.0,0.001,-0.001,0.001,0.0,0.0,0,0,200,200,115,285,0
39.431,-0.0,-0.0,0.0,-0.0,-0.0,0.0,0.0,0.0,-0.0,0.0,0.0,0,0,200,200,115,285,0
39.47,-0.002,0.002,-0.002,-0.0,-0.0,0.0,0.002,-0.002,0.002,0.0,0.0,0,0,200,200,115,285,0
39.491,0.001,0.0,-0.001,-0.0,-0.0,0.0,-0.001,-0.001,0.002,0.0,0.0,0,0,200,200,115,285,0
39.513,0.003,0.0,-0.001,-0.0,-0.0,0.0,-0.003,-0.0,0.001,0.0,0.0,0,0,200,200,115,285,0
39.536,0.0,0.001,-0.002,-0.0,-0.0,0.0,-0.0,-0.001,0.002,0.0,0.0,0,0,200,200,115,285,0
39.558,-0.0,-0.0,-0.001,-0.0,-0.0,0.0,0.0,0.0,0.001,0.0,0.0,0,0,200,200,115,285,0
39.575,0.002,-0.001,-0.001,-0.0,-0.0,0.0,-0.002,0.001,0.001,0.0,0.0,0,0,200,200,115,285,0
39.596,0.001,-0.0,-0.001,-0.0,-0.0,0.0,-0.001,0.0,0.001,0.0,0.0,0,0,200,200,115,285,0
39.636,-0.0,0.0,-0.001,-0.0,-0.0,0.0,0.0,-0.001,0.001,0.0,0.0,0,0,200,200,115,285,0
39.653,-0.0,-0.0,-0.0,-0.0,-0.0,0.0,0.0,0.0,0.0,0.0,0.0,0,0,200,200,115,285,0
39.675,0.001,-0.002,0.001,-0.0,-0.0,0.0,-0.001,0.002,-0.001,0.0,0.0,0,0,200,200,115,285,0
39.697,0.001,-0.001,0.0,-0.0,-0.0,-0.0,-0.001,0.0,-0.0,0.0,0.0,0,0,200,200,115,285,0
39.718,-0.001,0.0,-0.001,-0.0,-0.0,-0.0,0.0,-0.001,0.001,0.0,0.0,0,0,200,200,115,285,0
39.739,0.001,-0.001,0.0,-0.0,-0.0,0.0,-0.001,0.001,-0.0,0.0,0.0,0,0,200,200,115,285,0
39.759,0.002,-0.002,0.001,-0.0,-0.0,0.0,-0.002,0.001,-0.001,0.0,0.0,0,0,200,200,115,285,0
39.78,0.001,-0.002,0.001,-0.0,-0.0,0.0,-0.002,0.002,-0.001,0.0,0.0,0,0,200,200,115,285,0
39.804,-0.001,0.0,-0.0,-0.0,-0.0,0.0,0.0,-0.0,0.0,0.0,0.0,0,0,200,200,115,285,0
39.826,0.001,-0.001,0.001,-0.0,-0.0,0.0,-0.001,0.001,-0.001,0.0,0.0,0,0,200,200,115,285,0
39.852,0.001,0.001,-0.001,-0.0,-0.0,0.0,-0.001,-0.001,0.001,0.0,0.0,0,0,200,200,115,285,0
39.872,0.002,0.0,-0.0,-0.0,-0.0,0.0,-0.002,-0.001,0.001,0.0,0.0,0,0,200,200,115,285,0
39.894,0.002,-0.0,0.0,-0.0,-0.0,0.0,-0.002,0.0,0.0,0.0,0.0,0,0,200,200,115,285,0
39.915,0.002,0.0,-0.001,-0.0,-0.0,0.0,-0.002,-0.0,0.001,0.0,0.0,0,0,200,200,115,285,0
39.934,-0.0,0.002,-0.002,-0.0,-0.0,0.0,0.0,-0.002,0.002,0.0,0.0,0,0,200,200,115,285,0
39.954,0.001,0.001,-0.002,-0.0,-0.0,0.0,-0.002,-0.001,0.002,0.0,0.0,0,0,200,200,115,285,0
39.973,0.003,-0.0,-0.001,-0.0,-0.0,0.0,-0.003,0.0,0.002,0.0,0.0,0,0,200,200,115,285,0
39.992,0.003,0.0,-0.002,-0.0,-0.0,0.0,-0.004,-0.0,0.002,0.0,0.0,0,0,200,200,115,285,0
40.014,0.003,0.0,-0.002,-0.0,-0.0,0.0,-0.003,-0.0,0.002,0.0,0.0,0,0,200,200,115,285,0
40.058,0.003,0.0,-0.001,-0.0,-0.0,0.0,-0.003,-0.0,0.001,0.0,0.0,0,0,200,200,115,285,0
40.081,0.003,-0.0,-0.0,-0.0,-0.0,0.0,-0.004,0.0,0.001,0.0,0.0,0,0,200,200,115,285,0
40.1,0.002,0.001,-0.002,-0.0,-0.0,0.0,-0.002,-0.001,0.002,0.0,0.0,0,0,200,200,115,285,0
40.125,0.002,0.001,-0.002,-0.0,-0.0,0.0,-0.002,-0.001,0.002,0.0,0.0,0,0,200,200,115,285,0
40.148,0.002,0.001,-0.002,-0.0,-0.0,0.0,-0.002,-0.001,0.002,0.0,0.0,0,0,200,200,115,285,0
40.164,0.001,0.001,-0.001,-0.0,-0.0,-0.0,-0.001,-0.001,0.001,0.0,0.0,0,0,200,200,115,285,0
40.207,0.001,0.001,-0.001,-0.0,-0.0,-0.0,-0.001,-0.001,0.001,0.0,0.0,0,0,200,200,115,285,0
40.228,0.003,-0.001,0.001,-0.0,-0.0,0.0,-0.004,0.001,-0.001,0.0,0.0,0,0,200,200,115,285,0
40.248,0.002,0.001,-0.001,-0.0,-0.0,0.0,-0.002,-0.001,0.001,0.0,0.0,0,0,200,200,115,285,0
40.269,0.002,0.001,-0.001,-0.0,-0.0,0.0,-0.002,-0.001,0.001,0.0,0.0,0,0,200,200,115,285,0
40.286,0.003,0.002,-0.002,-0.0,-0.0,-0.0,-0.003,-0.002,0.002,0.0,0.0,0,0,200,200,115,285,0
40.309,0.005,-0.0,-0.001,-0.0,-0.0,0.0,-0.005,-0.0,0.001,0.0,0.0,0,0,200,200,115,285,0
40.329,0.005,-0.0,-0.001,-0.0,-0.0,0.0,-0.005,0.0,0.001,0.0,0.0,0,0,200,200,115,285,0
40.351,0.002,0.001,-0.001,-0.0,-0.0,0.0,-0.002,-0.001,0.001,0.0,0.0,0,0,200,200,115,285,0
40.376,0.002,0.001,-0.001,-0.0,-0.0,0.0,-0.002,-0.001,0.001,0.0,0.0,0,0,200,200,115,285,0
40.394,0.003,-0.0,-0.001,-0.0,-0.0,0.0,-0.003,0.0,0.001,0.0,0.0,0,0,200,200,115,285,0
40.416,0.004,-0.0,-0.001,-0.0,-0.0,0.0,-0.004,0.0,0.001,0.0,0.0,0,0,200,200,115,285,0
40.437,0.002,0.0,-0.002,-0.0,-0.0,0.0,-0.002,-0.0,0.002,0.0,0.0,0,0,200,200,115,285,0
40.474,0.002,0.0,-0.002,-0.0,-0.0,0.0,-0.002,-0.0,0.002,0.0,0.0,0,0,200,200,115,285,0
40.495,0.002,0.0,-0.001,-0.0,-0.0,0.0,-0.002,-0.0,0.001,0.0,0.0,0,0,200,200,115,285,0
40.517,0.0,0.001,-0.002,-0.0,-0.0,0.0,-0.0,-0.001,0.002,0.0,0.0,0,0,200,200,115,285,0
40.539,0.001,0.001,-0.002,-0.0,-0.0,0.0,-0.001,-0.001,0.002,0.0,0.0,0,0,200,200,115,285,0
40.58,-0.0,0.0,-0.001,-0.0,-0.0,0.0,-0.0,-0.0,0.001,0.0,0.0,0,0,200,200,115,285,0
40.602,-0.0,0.001,-0.002,-0.0,-0.0,0.0,-0.0,-0.001,0.002,0.0,0.0,0,0,200,200,115,285,0
40.624,0.001,0.001,-0.002,-0.0,-0.0,0.0,-0.001,-0.001,0.002,0.0,0.0,0,0,200,200,115,285,0
40.647,0.003,0.0,-0.001,-0.0,-0.0,0.0,-0.003,-0.001,0.001,0.0,0.0,0,0,200,200,115,285,0
40.685,0.001,0.002,-0.002,-0.0,-0.0,0.0,-0.001,-0.002,0.002,0.0,0.0,0,0,200,200,115,285,0
40.708,0.001,0.002,-0.003,-0.0,-0.0,0.0,-0.001,-0.002,0.003,0.0,0.0,0,0,200,200,115,285,0
40.733,0.002,0.003,-0.004,-0.0,-0.0,0.0,-0.003,-0.003,0.004,0.0,0.0,0,0,200,200,115,285,0
40.76,0.0,0.008,-0.009,-0.0,-0.0,0.0,-0.001,-0.008,0.009,0.0,0.0,0,0,200,200,115,285,0
40.78,0.002,0.01,-0.011,-0.0,-0.0,0.0,-0.002,-0.01,0.011,0.0,0.0,0,0,200,200,115,285,0
40.799,0.0,0.012,-0.013,-0.0,-0.0,0.0,-0.001,-0.012,0.013,0.0,0.0,0,0,200,200,115,285,0
40.82,0.0,0.013,-0.014,-0.0,-0.0,0.0,-0.0,-0.013,0.014,0.0,0.0,0,0,200,200,115,285,0
40.839,0.001,0.011,-0.013,-0.0,-0.0,0.0,-0.001,-0.011,0.013,0.0,0.0,0,0,200,200,115,285,0
40.865,-0.0,0.012,-0.013,-0.0,0.0,0.0,-0.0,-0.012,0.014,0.0,0.0,0,0,200,200,115,285,0
40.894,0.0,0.013,-0.014,-0.0,0.0,0.0,-0.001,-0.013,0.014,0.0,0.0,0,0,200,200,115,285,0
40.918,0.0,0.013,-0.014,-0.0,0.0,0.0,-0.001,-0.013,0.014,0.0,0.0,0,0,200,200,115,285,0
40.942,0.001,0.01,-0.011,-0.0,0.0,0.0,-0.002,-0.009,0.011,0.0,0.0,0,0,200,200,115,285,0
40.963,0.002,0.007,-0.008,-0.0,0.0,0.0,-0.002,-0.006,0.008,0.0,0.0,0,0,200,200,115,285,0
40.983,-0.0,0.007,-0.008,-0.0,0.0,0.0,-0.0,-0.007,0.008,0.0,0.0,0,0,200,200,115,285,0
41.003,0.0,0.006,-0.008,-0.0,0.0,0.0,-0.001,-0.006,0.008,0.0,0.0,0,0,200,200,115,285,0
41.023,0.002,0.003,-0.004,-0.0,0.0,0.0,-0.002,-0.003,0.004,0.0,0.0,0,0,200,200,115,285,0
41.044,0.002,0.002,-0.003,-0.0,0.0,0.0,-0.002,-0.002,0.003,0.0,0.0,0,0,200,200,115,285,0
41.067,0.001,0.003,-0.003,-0.0,0.0,0.0,-0.001,-0.003,0.003,0.0,0.0,0,0,200,200,115,285,0
41.09,-0.0,0.003,-0.003,-0.0,0.0,0.0,-0.0,-0.003,0.004,0.0,0.0,0,0,200,200,115,285,0
41.113,0.002,0.001,-0.002,-0.0,0.0,0.0,-0.002,-0.001,0.002,0.0,0.0,0,0,200,200,115,285,0
41.135,0.0,0.003,-0.004,-0.0,0.0,0.0,-0.0,-0.003,0.004,0.0,0.0,0,0,200,200,115,285,0
41.157,0.001,0.003,-0.004,-0.0,0.0,0.0,-0.001,-0.003,0.004,0.0,0.0,0,0,200,200,115,285,0
41.183,0.0,0.002,-0.003,-0.0,0.0,0.0,-0.001,-0.002,0.004,0.0,0.0,0,0,200,200,115,285,0
41.202,-0.001,0.003,-0.004,-0.0,0.0,0.0,0.001,-0.003,0.004,0.0,0.0,0,0,200,200,115,285,0
41.25,-0.001,0.004,-0.005,-0.0,0.0,0.0,0.001,-0.004,0.005,0.0,0.0,0,0,200,200,115,285,0
41.272,-0.001,0.007,-0.008,-0.0,0.0,0.0,0.001,-0.006,0.008,0.0,0.0,0,0,200,200,115,285,0
41.311,-0.001,0.009,-0.01,-0.0,0.0,0.0,0.0,-0.009,0.01,0.0,0.0,0,0,200,200,115,285,0
41.33,-0.0,0.01,-0.011,-0.0,0.0,0.0,-0.0,-0.01,0.012,0.0,0.0,0,0,200,200,115,285,0
41.346,0.0,0.01,-0.011,-0.0,0.0,0.0,-0.0,-0.01,0.012,0.0,0.0,0,0,200,200,115,285,0
41.364,-0.0,0.01,-0.011,-0.0,0.0,0.0,-0.0,-0.009,0.011,0.0,0.0,0,0,200,200,115,285,0
41.381,-0.0,0.009,-0.01,-0.0,0.0,0.0,-0.0,-0.008,0.011,0.0,0.0,0,0,200,200,115,285,0
41.399,0.0,0.008,-0.01,-0.0,0.0,0.001,-0.0,-0.008,0.01,0.0,0.0,0,0,200,200,115,285,0
41.423,-0.001,0.008,-0.01,-0.0,0.0,0.001,0.0,-0.008,0.01,0.0,0.0,0,0,200,200,115,285,0
41.443,0.001,0.005,-0.007,-0.0,0.0,0.0,-0.001,-0.005,0.007,0.0,0.0,0,0,200,200,115,285,0
41.46,-0.0,0.006,-0.007,-0.0,0.0,0.001,-0.0,-0.006,0.008,0.0,0.0,0,0,200,200,115,285,0
41.479,-0.001,0.007,-0.008,-0.0,0.0,0.001,0.001,-0.006,0.008,0.0,0.0,0,0,200,200,115,285,0
41.5,-0.001,0.006,-0.007,-0.0,0.0,0.001,0.001,-0.005,0.008,0.0,0.0,0,0,200,200,115,285,0
41.519,-0.001,0.005,-0.006,-0.0,0.0,0.001,0.001,-0.005,0.007,0.0,0.0,0,0,200,200,115,285,0
41.537,-0.001,0.005,-0.006,-0.0,0.0,0.001,0.001,-0.005,0.007,0.0,0.0,0,0,200,200,115,285,0
41.577,-0.0,0.004,-0.006,-0.0,0.0,0.001,-0.0,-0.004,0.006,0.0,0.0,0,0,200,200,115,285,0
41.605,-0.001,0.004,-0.005,-0.0,0.0,0.001,0.001,-0.004,0.005,0.0,0.0,0,0,200,200,115,285,0
41.624,0.002,0.004,-0.005,-0.0,0.0,0.001,-0.002,-0.004,0.005,0.0,0.0,0,0,200,200,115,285,0
41.645,0.003,0.004,-0.005,-0.0,0.0,0.001,-0.003,-0.004,0.006,0.0,0.0,0,0,200,200,115,285,0
41.664,0.002,0.006,-0.007,-0.0,0.0,0.001,-0.002,-0.006,0.008,0.0,0.0,0,0,200,200,115,285,0
41.683,0.002,0.006,-0.007,-0.0,0.0,0.001,-0.002,-0.006,0.008,0.0,0.0,0,0,200,200,115,285,0
41.703,0.004,0.004,-0.006,-0.0,0.0,0.001,-0.004,-0.004,0.007,0.0,0.0,0,0,200,200,115,285,0
41.723,0.005,0.002,-0.004,-0.0,0.0,0.001,-0.006,-0.002,0.005,0.0,0.0,0,0,200,200,115,285,0
41.747,0.005,0.002,-0.005,-0.0,0.0,0.001,-0.005,-0.002,0.005,0.0,0.0,0,0,200,200,115,285,0
41.766,0.004,0.003,-0.005,-0.0,0.0,0.001,-0.004,-0.003,0.006,0.0,0.0,0,0,200,200,115,285,0
41.783,0.002,0.004,-0.004,-0.0,0.0,0.001,-0.002,-0.004,0.005,0.0,0.0,0,0,200,200,115,285,0
41.819,0.001,0.005,-0.004,-0.0,0.0,0.001,-0.001,-0.004,0.005,0.0,0.0,0,0,200,200,115,285,0
41.838,0.001,0.004,-0.004,-0.0,0.0,0.001,-0.001,-0.003,0.004,0.0,0.0,0,0,200,200,115,285,0
41.855,0.002,0.002,-0.003,-0.0,0.0,0.001,-0.002,-0.002,0.004,0.0,0.0,0,0,200,200,115,285,0
41.881,0.003,0.002,-0.004,-0.0,0.0,0.001,-0.003,-0.001,0.005,0.0,0.0,0,0,200,200,115,285,0
41.902,0.002,0.002,-0.004,-0.0,0.0,0.001,-0.002,-0.001,0.005,0.0,0.0,0,0,200,200,115,285,0
41.922,0.003,0.0,-0.003,-0.0,0.0,0.001,-0.003,-0.0,0.004,0.0,0.0,0,0,200,200,115,285,0
41.941,0.002,0.001,-0.002,-0.0,0.0,0.001,-0.003,-0.001,0.003,0.0,0.0,0,0,200,200,115,285,0
41.958,0.003,0.003,-0.004,-0.0,0.0,0.001,-0.003,-0.003,0.004,0.0,0.0,0,0,200,200,115,285,0
41.978,0.001,0.004,-0.004,-0.0,0.0,0.001,-0.002,-0.004,0.005,0.0,0.0,0,0,200,200,115,285,0
42.022,0.001,0.005,-0.006,-0.0,0.0,0.001,-0.002,-0.005,0.006,0.0,0.0,0,0,200,200,115,285,0
42.04,0.003,0.003,-0.005,-0.0,0.0,0.001,-0.003,-0.003,0.006,0.0,0.0,0,0,200,200,115,285,0
42.06,0.002,0.003,-0.005,-0.0,0.0,0.001,-0.002,-0.003,0.005,0.0,0.0,0,0,200,200,115,285,0
42.076,0.002,0.003,-0.004,-0.0,0.0,0.001,-0.002,-0.003,0.005,0.0,0.0,0,0,200,200,115,285,0
42.1,0.001,0.003,-0.005,-0.0,0.0,0.001,-0.002,-0.003,0.005,0.0,0.0,0,0,200,200,115,285,0
42.12,0.001,0.004,-0.004,-0.0,0.0,0.001,-0.001,-0.004,0.005,0.0,0.0,0,0,200,200,115,285,0
42.141,0.002,0.003,-0.003,-0.0,0.0,0.001,-0.002,-0.003,0.004,0.0,0.0,0,0,200,200,115,285,0
42.161,0.0,0.004,-0.004,-0.0,0.0,0.001,-0.0,-0.004,0.005,0.0,0.0,0,0,200,200,115,285,0
42.18,-0.001,0.005,-0.005,-0.0,0.0,0.001,0.001,-0.005,0.006,0.0,0.0,0,0,200,200,115,285,0
42.2,-0.001,0.005,-0.005,-0.0,0.0,0.001,0.0,-0.005,0.005,0.0,0.0,0,0,200,200,115,285,0
42.222,0.001,0.004,-0.005,-0.0,0.0,0.001,-0.002,-0.004,0.005,0.0,0.0,0,0,200,200,115,285,0
42.243,0.002,0.003,-0.004,-0.0,0.0,0.0,-0.003,-0.003,0.005,0.0,0.0,0,0,200,200,115,285,0
42.262,0.002,0.004,-0.005,-0.0,0.0,0.0,-0.003,-0.004,0.006,0.0,0.0,0,0,200,200,115,285,0
42.28,0.001,0.007,-0.008,-0.0,0.0,0.0,-0.001,-0.007,0.009,0.0,0.0,0,0,200,200,115,285,0
42.302,0.001,0.008,-0.009,-0.0,0.0,0.0,-0.001,-0.008,0.01,0.0,0.0,0,0,200,200,115,285,0
42.322,0.002,0.005,-0.006,-0.0,0.0,0.0,-0.002,-0.005,0.007,0.0,0.0,0,0,200,200,115,285,0
42.347,0.002,0.004,-0.005,0.0,0.002,-0.014,-0.002,-0.002,-0.009,0.0,0.0,0,0,199,207,115,285,0
42.364,-0.0,0.006,-0.006,0.0,0.003,-0.026,0.0,-0.002,-0.02,0.0,0.0,0,0,198,213,115,285,0
42.403,-0.001,0.005,-0.006,-0.003,0.003,-0.059,-0.003,-0.002,-0.053,0.0,0.0,0,0,198,230,115,285,0
42.428,0.0,0.003,-0.004,-0.021,0.007,-0.076,-0.021,0.004,-0.072,0.137,0.0,4.71,1.57,196,239,115,285,0
42.449,0.0,0.004,-0.005,-0.044,0.011,-0.079,-0.045,0.006,-0.074,0.141,0.0,4.71,1.57,195,240,115,285,0
42.468,0.001,0.004,-0.005,-0.048,0.013,-0.065,-0.048,0.009,-0.06,0.0,0.0,0,0,193,233,115,285,0
42.487,0.001,0.004,-0.006,-0.054,0.016,-0.085,-0.055,0.013,-0.079,0.151,0.0,4.71,1.57,192,243,115,285,0
42.509,0.002,0.002,-0.005,-0.051,0.02,-0.127,-0.053,0.018,-0.122,0.232,0.0,4.71,1.57,190,265,115,285,0
42.528,0.001,0.001,-0.004,-0.046,0.026,-0.158,-0.047,0.025,-0.154,0.294,0.0,4.71,1.57,187,281,115,285,0
42.549,-0.0,0.002,-0.005,-0.039,0.039,-0.184,-0.039,0.037,-0.179,0.343,0.0,4.71,1.57,180,294,115,285,0
42.564,0.002,0.002,-0.005,-0.028,0.059,-0.208,-0.029,0.057,-0.203,0.388,0.0,4.71,1.57,170,306,115,285,0
42.604,-0.0,0.003,-0.005,-0.009,0.108,-0.231,-0.009,0.105,-0.226,0.432,0.0,3.93,0.79,145,318,115,285,0
42.621,0.0,0.002,-0.004,-0.0,0.135,-0.244,-0.0,0.132,-0.24,0.458,0.0,3.93,0.79,131,324,115,285,0
42.641,0.001,0.002,-0.003,0.005,0.155,-0.251,0.004,0.153,-0.248,0.473,0.0,3.93,0.79,121,328,115,285,0
42.659,0.003,-0.0,-0.002,0.009,0.171,-0.259,0.006,0.172,-0.257,0.49,0.0,3.93,0.79,113,332,115,285,0
42.678,0.002,-0.0,-0.002,0.014,0.178,-0.269,0.011,0.178,-0.266,0.508,0.0,3.93,0.79,109,337,115,285,0
42.698,0.003,-0.001,-0.001,0.02,0.178,-0.278,0.017,0.179,-0.277,0.529,0.0,3.93,0.79,109,342,115,285,0
42.721,0.0,0.001,-0.002,0.021,0.177,-0.284,0.021,0.177,-0.282,0.539,0.0,3.93,0.79,110,345,115,285,0
42.742,0.002,-0.001,-0.0,0.022,0.179,-0.279,0.02,0.18,-0.279,0.533,0.0,3.93,0.79,109,342,115,285,0
42.762,0.003,-0.001,0.0,0.016,0.182,-0.267,0.013,0.184,-0.268,0.511,0.0,3.93,0.79,107,336,115,285,0
42.779,0.001,0.001,-0.0,0.007,0.184,-0.249,0.006,0.183,-0.249,0.475,0.0,3.93,0.79,107,327,115,285,0
42.798,0.001,0.0,0.0,-0.001,0.183,-0.222,-0.002,0.183,-0.222,0.425,0.0,3.93,0.79,107,313,115,285,0
42.817,0.001,0.001,-0.001,-0.005,0.181,-0.192,-0.006,0.18,-0.191,0.365,0.0,3.93,0.79,108,298,115,285,0
42.859,0.003,-0.001,-0.001,-0.001,0.165,-0.119,-0.004,0.166,-0.118,0.316,0.0,3.93,0.79,116,260,200,80,1
42.879,0.002,-0.0,-0.002,-0.002,0.156,-0.099,-0.004,0.156,-0.097,0.298,0.0,3.93,0.79,120,250,200,80,1
42.898,0.001,0.001,-0.002,-0.006,0.151,-0.082,-0.007,0.15,-0.08,0.286,0.0,3.93,0.79,123,242,200,80,1
42.921,0.001,0.001,-0.002,-0.015,0.143,-0.052,-0.016,0.142,-0.05,0.27,0.0,3.14,6.28,127,227,200,80,1
42.941,0.002,0.001,-0.001,-0.025,0.129,-0.033,-0.027,0.128,-0.032,0.245,0.0,3.14,6.28,134,217,200,80,1
42.964,-0.0,0.002,-0.002,-0.034,0.113,-0.016,-0.033,0.111,-0.014,0.212,0.0,3.14,6.28,142,208,200,80,1
42.987,-0.002,0.003,-0.003,-0.039,0.102,-0.005,-0.038,0.098,-0.002,0.188,0.0,3.14,6.28,148,203,200,80,1
43.007,-0.0,0.002,-0.003,-0.046,0.091,0.001,-0.045,0.089,0.004,0.169,0.0,3.14,6.28,154,199,200,80,1
43.026,-0.001,0.001,-0.002,-0.051,0.083,0.006,-0.05,0.082,0.008,0.156,0.0,3.14,6.28,158,197,200,80,1
43.044,0.0,0.001,-0.002,-0.055,0.078,0.004,-0.055,0.077,0.006,0.148,0.0,3.14,6.28,160,198,200,80,1
43.081,0.001,0.002,-0.003,-0.056,0.072,0.001,-0.057,0.07,0.004,0.133,0.0,3.14,6.28,163,200,200,80,1
43.1,0.0,0.001,-0.002,-0.055,0.072,-0.006,-0.056,0.071,-0.005,0.135,0.0,3.14,6.28,163,203,200,80,1
43.119,0.001,0.001,-0.001,-0.057,0.074,-0.022,-0.058,0.073,-0.02,0.139,0.0,3.14,6.28,162,211,200,80,1
43.14,0.0,0.001,-0.001,-0.061,0.074,-0.032,-0.061,0.073,-0.031,0.14,0.0,3.14,6.28,162,216,200,80,1
43.168,0.001,0.001,-0.001,-0.065,0.072,-0.045,-0.066,0.071,-0.043,0.136,0.0,3.14,6.28,163,223,200,80,1
43.185,0.001,0.002,-0.004,-0.066,0.073,-0.052,-0.066,0.07,-0.048,0.134,0.0,3.14,6.28,163,226,200,80,1
43.207,0.002,0.001,-0.003,-0.063,0.073,-0.065,-0.065,0.073,-0.063,0.139,0.0,3.14,6.28,163,233,200,80,1
43.226,0.002,-0.0,-0.001,-0.06,0.073,-0.075,-0.063,0.073,-0.073,0.14,0.0,3.93,0.79,163,238,200,80,1
43.245,0.001,0.001,-0.002,-0.061,0.073,-0.078,-0.062,0.072,-0.075,0.144,0.0,3.93,0.79,163,240,200,80,1
43.286,-0.001,0.002,-0.002,-0.067,0.071,-0.08,-0.066,0.069,-0.078,0.149,0.0,3.93,0.79,164,241,200,80,1
43.304,0.0,0.001,-0.001,-0.071,0.07,-0.078,-0.071,0.069,-0.077,0.147,0.0,3.93,0.79,164,240,200,80,1
43.323,0.002,0.0,-0.0,-0.073,0.071,-0.075,-0.075,0.07,-0.075,0.144,0.0,3.93,0.79,164,238,200,80,1
43.34,0.002,0.001,-0.001,-0.077,0.071,-0.068,-0.079,0.07,-0.067,0.134,0.0,3.93,0.79,164,234,200,80,1
43.356,0.002,0.002,-0.002,-0.079,0.071,-0.064,-0.081,0.069,-0.062,0.132,0.0,3.14,6.28,164,233,200,80,1
43.379,0.002,0.002,-0.002,-0.082,0.069,-0.062,-0.084,0.067,-0.06,0.128,0.0,3.14,6.28,165,232,200,80,1
43.395,0.001,0.002,-0.002,-0.085,0.066,-0.059,-0.086,0.064,-0.057,0.0,0.0,0,0,166,230,200,80,1
43.428,0.0,0.002,-0.002,-0.09,0.062,-0.061,-0.09,0.06,-0.059,0.0,0.0,0,0,168,231,200,80,1
43.449,0.002,0.002,-0.002,-0.096,0.058,-0.069,-0.098,0.056,-0.067,0.128,0.0,4.71,1.57,171,235,200,80,1
43.471,0.003,0.002,-0.002,-0.1,0.054,-0.074,-0.104,0.053,-0.072,0.137,0.0,4.71,1.57,172,238,200,80,1
43.491,0.004,0.001,-0.002,-0.104,0.05,-0.082,-0.108,0.05,-0.081,0.154,0.0,4.71,1.57,174,242,200,80,1
43.508,0.003,-0.0,-0.0,-0.106,0.046,-0.092,-0.109,0.046,-0.091,0.174,0.0,4.71,1.57,177,247,200,80,1
43.53,0.002,-0.001,0.001,-0.109,0.04,-0.102,-0.112,0.04,-0.103,0.196,0.0,4.71,1.57,180,252,200,80,1
43.552,-0.0,0.0,-0.0,-0.115,0.035,-0.107,-0.114,0.035,-0.107,0.204,0.0,4.71,1.57,182,254,200,80,1
43.576,-0.001,0.001,0.0,-0.118,0.032,-0.102,-0.118,0.031,-0.102,0.196,0.0,4.71,1.57,184,252,200,80,1
43.595,0.0,0.0,0.0,-0.121,0.031,-0.086,-0.121,0.031,-0.086,0.165,0.0,4.71,1.57,184,244,200,80,1
43.615,0.001,0.0,-0.0,-0.125,0.033,-0.06,-0.125,0.033,-0.06,0.0,0.0,0,0,183,230,200,80,1
43.634,0.001,0.0,-0.001,-0.126,0.036,-0.041,-0.127,0.036,-0.04,0.0,0.0,0,0,182,221,200,80,1
43.657,0.001,0.0,-0.001,-0.127,0.039,-0.025,-0.128,0.039,-0.025,0.0,0.0,0,0,180,213,200,80,1
43.674,0.002,-0.002,0.001,-0.129,0.04,-0.007,-0.131,0.042,-0.007,0.0,0.0,0,0,179,203,200,80,1
43.694,0.002,-0.001,-0.0,-0.128,0.04,0.011,-0.13,0.042,0.011,0.0,0.0,0,0,179,194,200,80,1
43.713,0.001,-0.0,-0.002,-0.127,0.039,0.027,-0.128,0.04,0.029,0.0,0.0,0,0,180,186,200,80,1
43.732,0.002,0.001,-0.003,-0.124,0.038,0.046,-0.125,0.038,0.048,0.0,0.0,0,0,181,177,200,80,1
43.749,0.001,0.0,-0.002,-0.121,0.038,0.06,-0.123,0.037,0.062,0.0,0.0,0,0,181,170,200,80,1
43.77,0.002,-0.0,-0.001,-0.122,0.036,0.072,-0.123,0.036,0.073,0.139,0.0,1.57,4.71,182,164,200,80,1
43.79,0.003,-0.001,-0.001,-0.123,0.033,0.088,-0.126,0.034,0.088,0.168,0.0,1.57,4.71,183,155,200,80,1
43.81,0.003,-0.002,0.0,-0.125,0.032,0.1,-0.128,0.034,0.1,0.191,0.0,1.57,4.71,184,149,200,80,1
43.828,0.002,-0.0,-0.001,-0.125,0.032,0.103,-0.127,0.032,0.104,0.198,0.0,1.57,4.71,184,148,200,80,1
43.848,0.0,0.001,-0.001,-0.124,0.033,0.104,-0.125,0.032,0.105,0.201,0.0,1.57,4.71,183,147,200,80,1
43.869,-0.0,0.001,-0.002,-0.123,0.036,0.108,-0.123,0.035,0.109,0.209,0.0,1.57,4.71,182,145,200,80,1
43.889,0.0,0.0,-0.001,-0.12,0.039,0.107,-0.121,0.039,0.108,0.206,0.0,1.57,4.71,180,146,200,80,1
43.907,0.0,-0.0,-0.0,-0.118,0.041,0.103,-0.118,0.041,0.103,0.197,0.0,1.57,4.71,179,148,200,80,1
43.926,0.001,-0.0,-0.001,-0.117,0.041,0.099,-0.118,0.041,0.1,0.19,0.0,1.57,4.71,179,150,200,80,1
43.946,0.001,0.0,-0.001,-0.118,0.04,0.093,-0.118,0.04,0.094,0.18,0.0,1.57,4.71,180,153,200,80,1
43.965,0.0,0.001,-0.002,-0.119,0.039,0.094,-0.119,0.038,0.096,0.183,0.0,1.57,4.71,180,152,200,80,1
43.987,-0.0,0.002,-0.002,-0.119,0.034,0.1,-0.119,0.033,0.102,0.194,0.0,1.57,4.71,182,149,200,80,1
44.006,0.001,-0.0,0.0,-0.118,0.03,0.104,-0.119,0.03,0.104,0.198,0.0,1.57,4.71,185,147,200,80,1
44.026,0.001,-0.001,0.0,-0.118,0.025,0.114,-0.119,0.026,0.113,0.216,0.0,1.57,4.71,187,142,200,80,1
44.047,-0.0,0.001,-0.0,-0.122,0.019,0.12,-0.121,0.019,0.121,0.231,0.0,1.57,4.71,190,139,200,80,1
44.067,-0.0,0.001,-0.001,-0.127,0.013,0.122,-0.127,0.012,0.123,0.235,0.0,1.57,4.71,194,138,200,80,1
44.086,0.0,0.001,-0.001,-0.133,0.004,0.126,-0.133,0.003,0.127,0.242,0.0,1.57,4.71,198,136,200,80,1
44.111,0.002,-0.0,0.0,-0.142,-0.013,0.134,-0.144,-0.013,0.134,0.255,0.0,1.57,4.71,207,132,200,80,1
44.131,0.0,0.001,-0.001,-0.146,-0.023,0.146,-0.146,-0.024,0.146,0.28,0.0,1.57,4.71,212,126,200,80,1
44.149,0.001,0.001,-0.002,-0.147,-0.033,0.159,-0.148,-0.034,0.161,0.307,0.0,1.57,4.71,217,119,200,80,1
44.173,0.001,0.001,-0.002,-0.149,-0.041,0.17,-0.15,-0.042,0.172,0.328,0.0,1.57,4.71,221,114,200,80,1
44.196,0.003,-0.001,-0.001,-0.148,-0.053,0.172,-0.151,-0.052,0.172,0.329,0.0,1.57,4.71,227,113,200,80,1
44.213,0.002,0.001,-0.002,-0.142,-0.057,0.168,-0.144,-0.058,0.17,0.325,0.0,1.57,4.71,229,115,200,80,1
44.234,0.002,0.001,-0.003,-0.138,-0.053,0.175,-0.14,-0.054,0.177,0.339,0.0,1.57,4.71,227,111,200,80,1
44.256,0.003,0.0,-0.002,-0.133,-0.048,0.184,-0.136,-0.048,0.186,0.356,0.0,1.57,4.71,224,106,200,80,1
44.275,0.003,0.0,-0.002,-0.125,-0.041,0.191,-0.128,-0.041,0.193,0.369,0.0,1.57,4.71,221,103,200,80,1
44.297,0.004,0.001,-0.003,-0.114,-0.026,0.199,-0.117,-0.027,0.202,0.385,0.0,1.57,4.71,213,99,200,80,1
44.32,0.002,0.003,-0.005,-0.094,0.011,0.206,-0.096,0.008,0.211,0.402,0.0,1.57,4.71,194,95,200,80,1
44.336,0.001,0.004,-0.005,-0.084,0.03,0.218,-0.085,0.027,0.222,0.425,0.0,1.57,4.71,185,89,200,80,1
44.355,0.002,0.004,-0.006,-0.071,0.051,0.224,-0.073,0.047,0.229,0.438,0.0,1.57,4.71,174,86,200,80,1
44.375,0.003,0.003,-0.005,-0.057,0.071,0.227,-0.06,0.067,0.232,0.443,0.0,2.36,5.5,164,84,200,80,1
44.396,0.004,0.002,-0.003,-0.046,0.085,0.238,-0.05,0.083,0.241,0.461,0.0,2.36,5.5,157,79,200,80,1
44.435,0.002,0.003,-0.004,-0.029,0.104,0.252,-0.031,0.101,0.256,0.489,0.0,2.36,5.5,147,71,200,80,1
44.456,0.001,0.001,-0.002,-0.031,0.104,0.255,-0.033,0.103,0.257,0.491,0.0,2.36,5.5,147,70,200,80,1
44.481,0.002,0.001,-0.003,-0.041,0.097,0.263,-0.043,0.096,0.266,0.508,0.0,2.36,5.5,151,66,200,80,1
44.501,0.0,0.002,-0.004,-0.048,0.09,0.269,-0.048,0.088,0.273,0.521,0.0,2.36,5.5,154,63,200,80,1
44.522,0.0,0.001,-0.003,-0.053,0.082,0.275,-0.053,0.081,0.278,0.531,0.0,2.36,5.5,158,60,200,80,1
44.564,0.001,-0.0,-0.0,-0.061,0.069,0.28,-0.063,0.069,0.28,0.535,0.0,2.36,5.5,165,57,200,80,1
44.582,-0.0,0.001,-0.001,-0.071,0.057,0.28,-0.071,0.056,0.282,0.538,0.0,1.57,4.71,171,57,200,80,1
44.605,-0.0,0.001,-0.002,-0.083,0.043,0.278,-0.082,0.042,0.279,0.533,0.0,1.57,4.71,178,59,200,80,1
44.626,0.002,-0.0,-0.001,-0.098,0.02,0.267,-0.099,0.02,0.268,0.512,0.0,1.57,4.71,190,64,200,80,1
44.644,0.002,0.0,-0.001,-0.11,-0.003,0.257,-0.111,-0.003,0.258,0.492,0.0,1.57,4.71,201,69,200,80,1
44.67,-0.001,0.001,-0.001,-0.124,-0.034,0.251,-0.124,-0.035,0.253,0.483,0.0,1.57,4.71,217,72,200,80,1
44.701,0.002,-0.001,-0.001,-0.131,-0.055,0.244,-0.133,-0.054,0.245,0.468,0.0,1.57,4.71,228,75,200,80,1
44.723,0.002,-0.001,-0.001,-0.131,-0.057,0.243,-0.133,-0.056,0.244,0.465,0.0,1.57,4.71,229,76,200,80,1
44.747,0.002,-0.001,-0.001,-0.13,-0.058,0.24,-0.132,-0.057,0.241,0.46,0.0,1.57,4.71,229,78,200,80,1
44.788,0.001,-0.0,-0.001,-0.132,-0.053,0.224,-0.133,-0.053,0.224,0.429,0.0,1.57,4.71,227,86,200,80,1
44.807,0.002,-0.0,0.0,-0.134,-0.049,0.209,-0.136,-0.048,0.208,0.398,0.0,1.57,4.71,225,94,200,80,1
44.825,0.003,-0.0,0.0,-0.133,-0.037,0.198,-0.136,-0.037,0.197,0.377,0.0,1.57,4.71,219,99,200,80,1
44.865,0.002,0.001,-0.002,-0.124,-0.009,0.174,-0.125,-0.01,0.176,0.335,0.0,1.57,4.71,204,112,200,80,1
44.883,0.003,0.0,-0.001,-0.119,0.005,0.164,-0.121,0.005,0.165,0.314,0.0,1.57,4.71,197,117,200,80,1
44.904,0.002,0.0,-0.001,-0.113,0.025,0.156,-0.115,0.024,0.157,0.3,0.0,1.57,4.71,188,121,200,80,1
44.927,0.003,-0.001,0.0,-0.107,0.047,0.147,-0.11,0.048,0.147,0.28,0.0,1.57,4.71,176,125,200,80,1
44.967,0.001,0.001,-0.0,-0.092,0.106,0.136,-0.093,0.105,0.136,0.261,0.0,2.36,5.5,146,131,200,80,1
44.988,0.001,0.001,-0.0,-0.087,0.12,0.132,-0.089,0.119,0.132,0.252,0.0,2.36,5.5,139,133,200,80,1
45.008,0.003,-0.0,0.0,-0.083,0.126,0.138,-0.086,0.126,0.137,0.262,0.0,2.36,5.5,136,130,200,80,1
45.028,0.003,-0.0,-0.0,-0.082,0.127,0.158,-0.084,0.127,0.158,0.302,0.0,2.36,5.5,135,120,200,80,1
45.046,0.002,0.0,-0.001,-0.088,0.119,0.183,-0.089,0.119,0.184,0.351,0.0,2.36,5.5,139,107,200,80,1
45.066,0.002,0.001,-0.002,-0.096,0.107,0.208,-0.098,0.106,0.21,0.4,0.0,2.36,5.5,146,94,200,80,1
45.087,0.001,0.001,-0.002,-0.105,0.09,0.232,-0.107,0.089,0.234,0.447,0.0,2.36,5.5,154,82,200,80,1
45.106,0.002,0.0,-0.001,-0.111,0.079,0.247,-0.114,0.079,0.248,0.473,0.0,2.36,5.5,160,74,200,80,1
45.128,0.003,-0.001,0.0,-0.115,0.066,0.261,-0.118,0.067,0.26,0.497,0.0,2.36,5.5,167,67,200,80,1
45.15,0.002,0.001,-0.001,-0.12,0.045,0.275,-0.122,0.045,0.276,0.527,0.0,1.57,4.71,177,60,200,80,1
45.17,0.001,0.002,-0.002,-0.125,0.032,0.281,-0.126,0.03,0.283,0.54,0.0,1.57,4.71,184,57,200,80,1
45.193,0.002,0.0,-0.001,-0.129,0.02,0.284,-0.131,0.019,0.284,0.543,0.0,1.57,4.71,190,56,200,80,1
45.212,0.002,0.0,-0.001,-0.131,0.01,0.282,-0.133,0.01,0.283,0.541,0.0,1.57,4.71,195,56,200,80,1
45.232,0.001,0.001,-0.002,-0.132,-0.0,0.279,-0.133,-0.001,0.282,0.538,0.0,1.57,4.71,200,58,200,80,1
45.249,0.001,0.001,-0.002,-0.13,-0.004,0.279,-0.131,-0.005,0.281,0.537,0.0,1.57,4.71,202,58,200,80,1
45.296,0.001,0.0,-0.002,-0.127,-0.005,0.271,-0.128,-0.005,0.273,0.521,0.0,1.57,4.71,202,62,200,80,1
45.317,0.003,-0.0,-0.002,-0.123,-0.004,0.267,-0.126,-0.003,0.269,0.514,0.0,1.57,4.71,202,64,200,80,1
45.335,0.002,-0.0,-0.002,-0.121,-0.0,0.264,-0.122,-0.0,0.266,0.508,0.0,1.57,4.71,200,66,200,80,1
45.354,0.002,0.001,-0.002,-0.118,0.004,0.26,-0.121,0.004,0.263,0.502,0.0,1.57,4.71,198,67,200,80,1
45.394,0.004,0.003,-0.006,-0.113,0.02,0.249,-0.117,0.017,0.255,0.487,0.0,1.57,4.71,190,73,80,200,2
45.415,0.003,0.004,-0.006,-0.111,0.027,0.239,-0.114,0.023,0.245,0.467,0.0,1.57,4.71,186,78,80,200,2
45.435,0.003,0.003,-0.005,-0.11,0.032,0.229,-0.112,0.029,0.234,0.448,0.0,1.57,4.71,183,83,80,200,2
45.457,0.003,0.002,-0.003,-0.108,0.037,0.223,-0.111,0.036,0.227,0.433,0.0,1.57,4.71,181,86,80,200,2
45.485,0.002,0.001,-0.002,-0.104,0.039,0.223,-0.106,0.038,0.225,0.43,0.0,1.57,4.71,180,87,80,200,2
45.51,0.001,0.001,-0.003,-0.104,0.038,0.223,-0.105,0.037,0.226,0.432,0.0,1.57,4.71,181,86,80,200,2
45.529,0.0,0.0,-0.002,-0.103,0.037,0.221,-0.104,0.037,0.222,0.425,0.0,1.57,4.71,181,88,80,200,2
45.55,-0.002,0.001,-0.003,-0.104,0.035,0.219,-0.102,0.033,0.222,0.423,0.0,1.57,4.71,182,89,80,200,2
45.568,-0.001,0.002,-0.003,-0.104,0.032,0.217,-0.103,0.03,0.22,0.42,0.0,1.57,4.71,184,89,80,200,2
45.588,-0.001,0.002,-0.002,-0.104,0.029,0.217,-0.103,0.027,0.22,0.42,0.0,1.57,4.71,185,89,80,200,2
45.607,0.001,0.0,-0.002,-0.104,0.026,0.219,-0.106,0.025,0.221,0.422,0.0,1.57,4.71,187,88,80,200,2
45.624,0.002,-0.0,-0.001,-0.105,0.025,0.223,-0.106,0.025,0.224,0.428,0.0,1.57,4.71,188,87,80,200,2
45.646,-0.001,0.001,-0.001,-0.107,0.021,0.225,-0.106,0.02,0.227,0.433,0.0,1.57,4.71,189,85,80,200,2
45.666,-0.001,0.001,-0.001,-0.108,0.017,0.224,-0.108,0.016,0.225,0.43,0.0,1.57,4.71,191,86,80,200,2
45.688,0.001,0.001,-0.001,-0.109,0.012,0.217,-0.11,0.011,0.219,0.418,0.0,1.57,4.71,194,89,80,200,2
45.708,-0.0,0.002,-0.002,-0.109,0.012,0.211,-0.109,0.01,0.213,0.407,0.0,1.57,4.71,194,92,80,200,2
45.727,0.001,0.001,-0.002,-0.107,0.015,0.207,-0.108,0.014,0.209,0.399,0.0,1.57,4.71,192,94,80,200,2
45.749,0.001,0.002,-0.003,-0.105,0.024,0.205,-0.106,0.023,0.208,0.397,0.0,1.57,4.71,188,96,80,200,2
45.772,0.001,0.001,-0.003,-0.102,0.038,0.199,-0.102,0.036,0.201,0.385,0.0,1.57,4.71,181,99,80,200,2
45.792,0.001,0.0,-0.002,-0.097,0.055,0.181,-0.099,0.055,0.183,0.35,0.0,1.57,4.71,172,108,80,200,2
45.814,0.001,0.0,-0.002,-0.087,0.086,0.159,-0.088,0.086,0.161,0.307,0.0,2.36,5.5,156,119,80,200,2
45.834,-0.0,0.001,-0.003,-0.079,0.109,0.141,-0.079,0.108,0.144,0.275,0.0,2.36,5.5,144,128,80,200,2
45.853,0.001,0.001,-0.002,-0.07,0.128,0.123,-0.071,0.127,0.125,0.243,0.0,2.36,5.5,135,137,80,200,2
45.873,0.003,0.0,-0.002,-0.064,0.137,0.109,-0.067,0.137,0.111,0.262,0.0,2.36,5.5,130,145,80,200,2
45.89,0.003,-0.0,-0.001,-0.061,0.139,0.101,-0.064,0.139,0.102,0.266,0.0,2.36,5.5,129,148,80,200,2
45.906,0.002,0.0,-0.001,-0.063,0.134,0.097,-0.065,0.134,0.097,0.256,0.0,2.36,5.5,132,151,80,200,2
45.926,0.001,0.001,-0.001,-0.066,0.125,0.094,-0.067,0.125,0.095,0.238,0.0,2.36,5.5,136,152,80,200,2
45.945,-0.001,0.002,-0.002,-0.069,0.118,0.088,-0.068,0.116,0.09,0.222,0.0,2.36,5.5,140,155,80,200,2
45.963,-0.001,0.002,-0.003,-0.071,0.118,0.083,-0.07,0.115,0.087,0.22,0.0,2.36,5.5,140,158,80,200,2
45.985,-0.001,0.002,-0.003,-0.073,0.119,0.077,-0.073,0.118,0.08,0.224,0.0,2.36,5.5,139,161,80,200,2
46.007,0.001,0.0,-0.001,-0.073,0.124,0.066,-0.074,0.123,0.067,0.236,0.0,2.36,5.5,137,167,80,200,2
46.026,0.001,0.0,-0.001,-0.074,0.126,0.059,-0.075,0.126,0.061,0.24,0.0,3.14,6.28,136,170,80,200,2
46.052,0.001,0.002,-0.003,-0.075,0.125,0.056,-0.076,0.123,0.059,0.234,0.0,3.14,6.28,136,171,80,200,2
46.073,0.002,0.002,-0.003,-0.076,0.123,0.056,-0.078,0.12,0.059,0.23,0.0,3.14,6.28,138,171,80,200,2
46.094,0.003,0.003,-0.004,-0.078,0.117,0.054,-0.08,0.115,0.058,0.219,0.0,3.14,6.28,140,172,80,200,2
46.111,0.002,0.004,-0.006,-0.079,0.108,0.052,-0.081,0.104,0.057,0.199,0.0,3.14,6.28,145,174,80,200,2
46.151,0.001,0.003,-0.005,-0.078,0.102,0.05,-0.079,0.099,0.056,0.189,0.0,3.14,6.28,148,174,80,200,2
46.171,0.002,0.001,-0.004,-0.076,0.108,0.054,-0.079,0.107,0.058,0.204,0.0,3.14,6.28,145,172,80,200,2
46.193,0.003,-0.0,-0.002,-0.075,0.119,0.062,-0.077,0.119,0.064,0.227,0.0,3.14,6.28,139,168,80,200,2
46.214,0.001,0.001,-0.002,-0.073,0.129,0.067,-0.074,0.128,0.069,0.245,0.0,2.36,5.5,134,166,80,200,2
46.235,-0.0,0.001,-0.002,-0.071,0.142,0.07,-0.071,0.14,0.072,0.268,0.0,2.36,5.5,128,164,80,200,2
46.252,0.001,0.0,-0.001,-0.07,0.15,0.072,-0.071,0.15,0.073,0.286,0.0,2.36,5.5,124,163,80,200,2
46.276,0.002,-0.0,-0.0,-0.069,0.159,0.074,-0.071,0.16,0.074,0.305,0.0,2.36,5.5,119,162,80,200,2
46.295,0.003,-0.0,-0.0,-0.067,0.167,0.075,-0.07,0.167,0.075,0.319,0.0,2.36,5.5,115,162,80,200,2
46.313,0.001,0.001,-0.002,-0.065,0.17,0.074,-0.067,0.169,0.076,0.322,0.0,2.36,5.5,113,162,80,200,2
46.332,0.001,0.003,-0.003,-0.064,0.172,0.072,-0.065,0.17,0.076,0.324,0.0,2.36,5.5,112,163,80,200,2
46.353,0.0,0.002,-0.002,-0.062,0.174,0.07,-0.062,0.172,0.073,0.328,0.0,2.36,5.5,111,164,80,200,2
46.373,0.001,0.001,-0.002,-0.06,0.174,0.066,-0.061,0.173,0.067,0.33,0.0,2.36,5.5,111,166,80,200,2
46.392,0.001,0.001,-0.001,-0.058,0.173,0.062,-0.059,0.172,0.063,0.328,0.0,3.14,6.28,112,169,80,200,2
46.412,0.002,0.002,-0.003,-0.057,0.173,0.057,-0.059,0.17,0.061,0.325,0.0,3.14,6.28,112,171,80,200,2
46.433,0.001,0.003,-0.004,-0.057,0.171,0.052,-0.057,0.168,0.055,0.321,0.0,3.14,6.28,113,174,80,200,2
46.454,-0.001,0.004,-0.003,-0.056,0.169,0.045,-0.055,0.166,0.049,0.317,0.0,3.14,6.28,114,177,80,200,2
46.474,0.001,0.001,-0.001,-0.056,0.168,0.04,-0.056,0.167,0.041,0.319,0.0,3.14,6.28,115,180,80,200,2
46.493,-0.0,0.0,-0.001,-0.054,0.166,0.032,-0.054,0.166,0.033,0.317,0.0,3.14,6.28,115,183,80,200,2
46.513,-0.0,0.0,-0.001,-0.049,0.161,0.021,-0.049,0.161,0.023,0.308,0.0,3.14,6.28,118,189,80,200,2
46.533,-0.0,0.001,-0.002,-0.048,0.159,0.008,-0.048,0.158,0.01,0.303,0.0,3.14,6.28,119,196,80,200,2
46.554,0.0,0.001,-0.002,-0.047,0.155,-0.009,-0.048,0.154,-0.007,0.295,0.0,3.14,6.28,121,205,80,200,2
46.585,0.002,0.0,-0.002,-0.044,0.153,-0.025,-0.046,0.153,-0.023,0.292,0.0,3.14,6.28,122,213,80,200,2
46.612,0.001,0.0,-0.001,-0.041,0.157,-0.028,-0.042,0.157,-0.027,0.3,0.0,3.14,6.28,120,214,80,200,2
46.632,0.001,0.002,-0.003,-0.04,0.166,-0.029,-0.041,0.165,-0.026,0.315,0.0,3.14,6.28,115,215,80,200,2
46.654,0.002,0.003,-0.004,-0.04,0.178,-0.026,-0.042,0.175,-0.022,0.334,0.0,3.14,6.28,110,213,80,200,2
46.673,0.004,0.002,-0.003,-0.041,0.188,-0.023,-0.044,0.186,-0.02,0.356,0.0,3.14,6.28,104,212,80,200,2
46.694,0.003,0.002,-0.003,-0.037,0.203,-0.02,-0.04,0.201,-0.017,0.383,0.0,3.14,6.28,97,210,80,200,2
46.715,0.0,0.004,-0.004,-0.033,0.214,-0.02,-0.033,0.21,-0.017,0.402,0.0,3.14,6.28,91,210,80,200,2
46.752,0.001,0.002,-0.002,-0.025,0.231,-0.019,-0.026,0.229,-0.016,0.437,0.0,3.14,6.28,83,210,320,200,3
46.774,0.002,0.001,-0.002,-0.024,0.235,-0.019,-0.026,0.234,-0.017,0.447,0.0,3.14,6.28,80,210,320,200,3
46.793,0.003,-0.001,-0.0,-0.025,0.236,-0.02,-0.028,0.237,-0.019,0.453,0.0,3.14,6.28,80,210,320,200,3
46.816,0.001,0.0,-0.002,-0.028,0.237,-0.019,-0.029,0.237,-0.017,0.452,0.0,3.14,6.28,79,210,320,200,3
46.836,0.001,0.001,-0.003,-0.03,0.238,-0.018,-0.031,0.236,-0.015,0.451,0.0,3.14,6.28,79,209,320,200,3
46.857,0.001,0.001,-0.002,-0.032,0.239,-0.015,-0.034,0.238,-0.012,0.455,0.0,3.14,6.28,78,207,320,200,3
46.879,0.002,0.0,-0.001,-0.036,0.24,-0.007,-0.038,0.24,-0.006,0.458,0.0,3.14,6.28,78,204,320,200,3
46.902,0.0,0.002,-0.003,-0.039,0.24,-0.004,-0.039,0.238,-0.001,0.455,0.0,3.14,6.28,78,202,320,200,3
46.924,-0.002,0.003,-0.003,-0.041,0.239,-0.003,-0.039,0.236,-0.0,0.45,0.0,3.14,6.28,78,202,320,200,3
46.946,-0.001,0.002,-0.002,-0.041,0.238,-0.005,-0.039,0.236,-0.003,0.452,0.0,3.14,6.28,79,203,320,200,3
46.967,-0.003,0.003,-0.003,-0.04,0.238,-0.008,-0.037,0.235,-0.005,0.449,0.0,3.14,6.28,79,204,320,200,3
46.985,-0.003,0.002,-0.003,-0.039,0.238,-0.011,-0.036,0.236,-0.008,0.45,0.0,3.14,6.28,79,206,320,200,3
47.006,-0.002,0.002,-0.003,-0.038,0.238,-0.013,-0.036,0.237,-0.011,0.452,0.0,3.14,6.28,79,207,320,200,3
47.023,0.002,-0.0,-0.002,-0.038,0.238,-0.015,-0.039,0.238,-0.014,0.455,0.0,3.14,6.28,79,208,320,200,3
47.044,0.001,0.0,-0.002,-0.039,0.237,-0.017,-0.041,0.237,-0.015,0.453,0.0,3.14,6.28,79,208,320,200,3
47.063,-0.001,0.001,-0.002,-0.042,0.234,-0.014,-0.041,0.233,-0.012,0.445,0.0,3.14,6.28,81,207,320,200,3
47.083,-0.002,0.002,-0.004,-0.047,0.227,-0.009,-0.045,0.225,-0.005,0.43,0.0,3.14,6.28,84,204,320,200,3
47.102,-0.001,0.003,-0.004,-0.052,0.216,-0.004,-0.051,0.214,-0.0,0.408,0.0,3.14,6.28,90,202,320,200,3
47.128,0.001,0.002,-0.004,-0.061,0.193,-0.001,-0.061,0.191,0.003,0.364,0.0,3.14,6.28,102,200,320,200,3
47.146,0.001,0.001,-0.003,-0.074,0.147,-0.004,-0.075,0.145,-0.001,0.277,0.0,3.14,6.28,125,202,320,200,3
47.162,0.001,0.002,-0.003,-0.085,0.108,-0.006,-0.086,0.106,-0.003,0.202,0.0,3.14,6.28,145,203,320,200,3
47.183,0.001,0.002,-0.003,-0.097,0.065,-0.004,-0.098,0.064,-0.001,0.0,0.0,0,0,167,202,320,200,3
47.204,0.002,0.002,-0.003,-0.105,0.031,-0.001,-0.107,0.03,0.001,0.0,0.0,0,0,184,201,320,200,3
47.225,0.003,0.001,-0.002,-0.106,0.026,0.003,-0.109,0.026,0.005,0.0,0.0,0,0,187,198,320,200,3
47.265,0.001,0.001,-0.002,-0.106,0.027,0.014,-0.107,0.026,0.016,0.0,0.0,0,0,186,193,320,200,3
47.282,-0.001,0.002,-0.003,-0.106,0.031,0.017,-0.106,0.029,0.02,0.0,0.0,0,0,184,191,320,200,3
47.301,0.0,0.002,-0.003,-0.108,0.026,0.022,-0.108,0.025,0.024,0.0,0.0,0,0,187,189,320,200,3
47.327,0.001,0.002,-0.003,-0.108,0.02,0.019,-0.109,0.019,0.022,0.0,0.0,0,0,190,190,320,200,3
47.345,0.002,0.001,-0.003,-0.105,0.025,0.017,-0.107,0.023,0.02,0.0,0.0,0,0,187,191,320,200,3
47.365,0.002,0.002,-0.003,-0.102,0.027,0.015,-0.104,0.025,0.018,0.0,0.0,0,0,186,192,320,200,3
47.384,0.001,0.001,-0.003,-0.099,0.028,0.013,-0.101,0.027,0.016,0.0,0.0,0,0,186,193,320,200,3
47.405,0.001,0.002,-0.004,-0.097,0.026,0.009,-0.098,0.024,0.012,0.0,0.0,0,0,187,196,320,200,3
47.421,0.002,0.002,-0.003,-0.096,0.023,0.004,-0.098,0.021,0.007,0.0,0.0,0,0,188,198,320,200,3
47.438,0.002,0.002,-0.004,-0.095,0.022,-0.0,-0.097,0.02,0.003,0.0,0.0,0,0,189,200,320,200,3
47.475,0.002,0.002,-0.003,-0.094,0.021,-0.009,-0.096,0.019,-0.006,0.0,0.0,0,0,190,205,320,200,3
47.494,0.002,0.001,-0.003,-0.093,0.021,-0.008,-0.096,0.02,-0.006,0.0,0.0,0,0,189,204,320,200,3
47.517,0.0,0.002,-0.003,-0.092,0.027,-0.002,-0.092,0.025,0.001,0.0,0.0,0,0,186,201,320,200,3
47.536,-0.001,0.002,-0.002,-0.089,0.027,-0.004,-0.088,0.025,-0.002,0.0,0.0,0,0,186,202,320,200,3
47.557,0.0,0.0,-0.0,-0.088,0.023,-0.004,-0.088,0.022,-0.004,0.0,0.0,0,0,189,202,320,200,3
47.576,-0.0,0.0,0.0,-0.088,0.021,-0.005,-0.088,0.021,-0.005,0.0,0.0,0,0,189,202,320,200,3
47.591,-0.0,0.001,-0.001,-0.087,0.019,-0.004,-0.087,0.017,-0.002,0.0,0.0,0,0,190,202,320,200,3
47.614,-0.0,0.001,-0.001,-0.088,0.016,-0.001,-0.088,0.015,-0.0,0.0,0.0,0,0,192,201,320,200,3
47.636,-0.001,0.002,-0.003,-0.086,0.01,0.002,-0.085,0.008,0.005,0.0,0.0,0,0,195,199,320,200,3
47.66,0.001,0.0,-0.002,-0.085,0.005,0.006,-0.086,0.004,0.008,0.0,0.0,0,0,198,197,320,200,3
47.679,0.001,-0.0,-0.001,-0.084,0.001,0.009,-0.085,0.001,0.01,0.0,0.0,0,0,200,195,320,200,3
47.699,0.0,0.0,-0.001,-0.085,-0.006,0.013,-0.086,-0.006,0.014,0.0,0.0,0,0,203,193,320,200,3
47.717,0.001,-0.0,-0.001,-0.088,-0.015,0.013,-0.089,-0.015,0.013,0.0,0.0,0,0,208,194,320,200,3
47.738,0.001,-0.0,-0.0,-0.09,-0.027,0.011,-0.091,-0.027,0.012,0.0,0.0,0,0,214,194,320,200,3
47.78,0.002,-0.001,0.001,-0.092,-0.051,0.009,-0.094,-0.049,0.008,0.0,0.0,0,0,226,196,320,200,3
47.801,0.002,0.0,0.0,-0.092,-0.06,0.007,-0.094,-0.061,0.007,0.0,0.0,0,0,231,196,320,200,3
47.823,0.001,0.0,0.0,-0.094,-0.073,0.008,-0.095,-0.073,0.008,0.14,0.0,6.28,3.14,237,196,320,200,3
47.844,0.003,-0.001,0.001,-0.099,-0.086,0.008,-0.102,-0.085,0.007,0.163,0.0,6.28,3.14,244,196,320,200,3
47.868,0.002,0.001,-0.001,-0.103,-0.104,0.004,-0.105,-0.104,0.005,0.199,0.0,6.28,3.14,253,198,320,200,3
47.887,0.002,0.001,-0.001,-0.102,-0.121,0.002,-0.104,-0.122,0.003,0.233,0.0,6.28,3.14,262,199,320,200,3
47.909,0.002,0.001,-0.001,-0.102,-0.132,0.002,-0.103,-0.133,0.003,0.254,0.0,6.28,3.14,267,199,320,200,3
47.928,0.003,0.002,-0.002,-0.103,-0.139,0.001,-0.105,-0.14,0.003,0.268,0.0,6.28,3.14,271,200,320,200,3
47.949,0.002,0.003,-0.003,-0.104,-0.148,0.001,-0.106,-0.151,0.004,0.288,0.0,6.28,3.14,275,200,320,200,3
47.991,0.002,0.002,-0.003,-0.107,-0.167,0.003,-0.108,-0.169,0.007,0.324,0.0,6.28,3.14,285,198,320,200,3
48.009,0.002,0.002,-0.002,-0.106,-0.172,0.004,-0.107,-0.173,0.006,0.331,0.0,6.28,3.14,288,198,320,200,3
48.03,0.0,0.003,-0.003,-0.102,-0.177,0.005,-0.103,-0.18,0.008,0.343,0.0,6.28,3.14,290,198,320,200,3
48.051,0.0,0.003,-0.003,-0.1,-0.181,0.005,-0.1,-0.183,0.008,0.35,0.0,6.28,3.14,292,198,320,200,3
48.071,0.002,-0.0,-0.001,-0.098,-0.187,0.003,-0.1,-0.187,0.004,0.357,0.0,6.28,3.14,295,198,320,200,3
48.093,0.002,-0.001,-0.0,-0.095,-0.195,0.003,-0.097,-0.193,0.004,0.369,0.0,6.28,3.14,299,198,320,200,3
48.113,0.002,-0.0,-0.001,-0.093,-0.198,0.004,-0.095,-0.198,0.006,0.377,0.0,6.28,3.14,301,198,320,200,3
48.135,0.002,0.001,-0.002,-0.089,-0.202,0.005,-0.091,-0.203,0.008,0.388,0.0,6.28,3.14,303,197,320,200,3
48.152,0.002,0.001,-0.002,-0.087,-0.208,0.004,-0.089,-0.209,0.005,0.399,0.0,6.28,3.14,306,198,320,200,3
48.172,0.001,0.0,-0.0,-0.085,-0.216,0.001,-0.086,-0.216,0.001,0.412,0.0,6.28,3.14,310,199,320,200,3
48.212,-0.001,0.001,-0.0,-0.081,-0.228,0.003,-0.08,-0.228,0.003,0.436,0.0,6.28,3.14,316,199,115,115,4
48.23,-0.0,0.0,-0.0,-0.078,-0.231,0.005,-0.078,-0.232,0.005,0.442,0.0,6.28,3.14,318,198,115,115,4
48.248,-0.0,-0.0,0.0,-0.076,-0.235,0.004,-0.076,-0.235,0.004,0.449,0.0,6.28,3.14,320,198,115,115,4
48.268,-0.0,0.0,-0.0,-0.076,-0.239,0.001,-0.076,-0.239,0.001,0.457,0.0,6.28,3.14,322,199,115,115,4
48.312,0.001,-0.001,0.001,-0.078,-0.252,-0.005,-0.079,-0.251,-0.006,0.479,0.0,6.28,3.14,328,203,115,115,4
48.333,0.001,0.0,-0.001,-0.078,-0.257,-0.007,-0.079,-0.257,-0.007,0.49,0.0,6.28,3.14,331,204,115,115,4
48.354,0.002,0.001,-0.002,-0.076,-0.261,-0.008,-0.078,-0.262,-0.006,0.5,0.0,6.28,3.14,333,204,115,115,4
48.379,0.002,-0.001,-0.001,-0.074,-0.262,-0.007,-0.076,-0.261,-0.007,0.499,0.0,6.28,3.14,334,204,115,115,4
48.4,0.001,0.0,-0.002,-0.069,-0.261,-0.005,-0.069,-0.262,-0.003,0.5,0.0,6.28,3.14,333,203,115,115,4
48.43,0.002,0.0,-0.002,-0.058,-0.256,-0.0,-0.061,-0.256,0.002,0.489,0.0,6.28,3.14,330,200,115,115,4
48.447,0.001,0.001,-0.003,-0.052,-0.249,0.004,-0.053,-0.25,0.007,0.478,0.0,6.28,3.14,327,198,115,115,4
48.463,0.002,0.003,-0.005,-0.046,-0.241,0.008,-0.048,-0.244,0.012,0.465,0.0,6.28,3.14,323,196,115,115,4
48.482,0.002,0.004,-0.006,-0.039,-0.23,0.008,-0.042,-0.235,0.014,0.448,0.0,6.28,3.14,317,196,115,115,4
48.502,0.001,0.003,-0.005,-0.036,-0.218,0.003,-0.037,-0.221,0.008,0.423,0.0,6.28,3.14,311,199,115,115,4
48.523,0.003,0.001,-0.002,-0.036,-0.201,-0.006,-0.039,-0.202,-0.004,0.385,0.0,6.28,3.14,302,203,115,115,4
48.541,0.005,-0.001,-0.001,-0.036,-0.171,-0.014,-0.04,-0.17,-0.013,0.325,0.0,6.28,3.14,287,207,115,115,4
48.561,0.003,-0.0,-0.0,-0.035,-0.147,-0.014,-0.038,-0.147,-0.014,0.281,0.0,6.28,3.14,275,207,115,115,4
48.602,0.001,0.001,-0.001,-0.029,-0.092,0.012,-0.029,-0.093,0.013,0.178,0.0,6.28,3.14,247,194,115,115,4
48.621,0.001,0.0,-0.0,-0.024,-0.071,0.023,-0.025,-0.071,0.023,0.136,0.0,6.28,3.14,236,188,115,115,4
48.64,0.003,-0.0,0.0,-0.02,-0.051,0.034,-0.022,-0.05,0.033,0.0,0.0,0,0,226,183,115,115,4
48.659,0.003,0.0,-0.0,-0.015,-0.041,0.041,-0.018,-0.041,0.042,0.0,0.0,0,0,221,179,115,115,4
48.68,0.001,0.001,-0.001,-0.008,-0.035,0.048,-0.009,-0.036,0.048,0.0,0.0,0,0,218,176,115,115,4
48.701,-0.001,0.002,-0.001,0.007,-0.033,0.048,0.008,-0.034,0.049,0.0,0.0,0,0,217,176,115,115,4
48.724,0.002,-0.0,-0.0,0.017,-0.026,0.051,0.016,-0.026,0.051,0.0,0.0,0,0,213,174,115,115,4
48.744,0.002,-0.001,0.001,0.03,-0.009,0.061,0.028,-0.008,0.06,0.0,0.0,0,0,205,169,115,115,4
48.765,0.001,0.001,-0.001,0.044,0.007,0.073,0.044,0.006,0.074,0.141,0.0,1.57,4.71,196,163,115,115,4
48.782,0.0,0.001,-0.001,0.052,0.01,0.08,0.051,0.009,0.081,0.154,0.0,1.57,4.71,195,159,115,115,4
48.807,0.002,-0.0,0.0,0.058,0.02,0.094,0.057,0.02,0.093,0.178,0.0,1.57,4.71,190,152,115,115,4
48.825,0.002,-0.001,0.001,0.063,0.029,0.102,0.061,0.03,0.1,0.192,0.0,1.57,4.71,185,148,115,115,4
48.846,0.002,-0.001,0.001,0.066,0.037,0.104,0.064,0.038,0.103,0.198,0.0,1.57,4.71,181,147,115,115,4
48.866,0.002,0.001,-0.001,0.071,0.048,0.108,0.069,0.047,0.108,0.207,0.0,1.57,4.71,176,145,115,115,4
48.889,0.002,0.0,-0.001,0.074,0.054,0.11,0.072,0.053,0.111,0.212,0.0,1.57,4.71,173,144,115,115,4
48.908,0.002,-0.001,-0.0,0.076,0.06,0.111,0.074,0.061,0.111,0.212,0.0,1.57,4.71,169,144,115,115,4
48.949,0.002,0.001,-0.001,0.086,0.083,0.128,0.084,0.082,0.129,0.247,0.0,2.36,5.5,158,135,115,115,4
48.973,0.001,0.0,-0.001,0.091,0.095,0.135,0.09,0.094,0.136,0.259,0.0,2.36,5.5,152,131,115,115,4
48.993,0.002,-0.0,-0.0,0.092,0.101,0.139,0.091,0.101,0.139,0.265,0.0,2.36,5.5,149,129,115,115,4
49.033,-0.0,0.001,-0.001,0.095,0.107,0.139,0.095,0.106,0.14,0.268,0.0,2.36,5.5,145,129,115,115,4
49.055,-0.001,0.001,-0.002,0.097,0.113,0.14,0.098,0.112,0.141,0.27,0.0,2.36,5.5,143,129,115,115,4
49.078,0.001,-0.001,-0.0,0.099,0.119,0.141,0.098,0.12,0.141,0.27,0.0,2.36,5.5,140,128,115,115,4
49.1,0.0,0.0,-0.002,0.101,0.124,0.144,0.101,0.124,0.146,0.278,0.0,2.36,5.5,137,127,115,115,4
49.121,-0.0,0.0,-0.002,0.103,0.13,0.147,0.103,0.129,0.149,0.285,0.0,2.36,5.5,134,125,115,115,4
49.16,0.001,-0.0,-0.002,0.102,0.138,0.154,0.101,0.139,0.156,0.297,0.0,2.36,5.5,130,122,115,115,4
49.181,-0.0,-0.0,-0.002,0.101,0.142,0.155,0.101,0.142,0.156,0.299,0.0,2.36,5.5,128,121,115,115,4
49.203,0.001,0.001,-0.002,0.1,0.144,0.156,0.099,0.143,0.158,0.302,0.0,2.36,5.5,127,121,115,115,4
49.262,-0.0,0.0,0.0,0.099,0.153,0.159,0.1,0.153,0.158,0.303,0.0,2.36,5.5,122,119,200,320,5
49.282,-0.002,0.001,-0.001,0.099,0.156,0.16,0.101,0.154,0.16,0.306,0.0,2.36,5.5,121,119,200,320,5
49.305,-0.001,0.001,-0.001,0.098,0.16,0.162,0.099,0.158,0.162,0.31,0.0,2.36,5.5,119,118,200,320,5
49.344,0.0,0.0,0.0,0.094,0.164,0.163,0.094,0.163,0.163,0.312,0.0,2.36,5.5,117,117,200,320,5
49.366,-0.001,-0.0,0.001,0.092,0.165,0.164,0.092,0.165,0.163,0.316,0.0,2.36,5.5,116,117,200,320,5
49.386,-0.001,0.001,-0.0,0.091,0.167,0.165,0.092,0.166,0.165,0.317,0.0,2.36,5.5,115,116,200,320,5
49.407,-0.0,-0.0,0.001,0.091,0.17,0.166,0.091,0.17,0.165,0.325,0.0,2.36,5.5,114,115,200,320,5
49.431,0.0,-0.001,0.001,0.09,0.171,0.166,0.09,0.172,0.165,0.329,0.0,2.36,5.5,113,115,200,320,5
49.449,-0.001,0.001,-0.0,0.089,0.172,0.166,0.09,0.171,0.166,0.326,0.0,2.36,5.5,112,116,200,320,5
49.47,-0.0,0.001,-0.001,0.086,0.172,0.164,0.086,0.17,0.164,0.325,0.0,2.36,5.5,113,117,200,320,5
49.489,0.001,0.002,-0.002,0.083,0.167,0.162,0.082,0.166,0.164,0.316,0.0,2.36,5.5,115,117,200,320,5
49.512,0.001,0.002,-0.003,0.078,0.163,0.16,0.077,0.161,0.163,0.31,0.0,2.36,5.5,117,119,200,320,5
49.552,-0.002,0.002,-0.003,0.064,0.147,0.146,0.066,0.144,0.148,0.284,0.0,2.36,5.5,125,126,200,320,5
49.571,-0.002,0.002,-0.002,0.057,0.136,0.135,0.059,0.135,0.137,0.262,0.0,2.36,5.5,131,131,200,320,5
49.591,0.0,0.0,-0.001,0.046,0.121,0.113,0.045,0.121,0.114,0.232,0.0,2.36,5.5,138,142,200,320,5
49.611,0.001,0.0,-0.002,0.038,0.114,0.094,0.037,0.113,0.095,0.216,0.0,2.36,5.5,142,152,200,320,5
49.63,0.001,0.0,-0.001,0.029,0.108,0.072,0.029,0.108,0.074,0.206,0.0,2.36,5.5,145,163,200,320,5
49.676,0.0,-0.0,0.0,0.016,0.105,0.021,0.015,0.105,0.021,0.201,0.0,3.14,6.28,146,189,200,320,5
49.696,0.0,-0.001,0.001,0.009,0.107,-0.002,0.009,0.108,-0.004,0.206,0.0,3.14,6.28,146,201,200,320,5
49.717,-0.0,0.0,-0.0,0.007,0.105,-0.026,0.007,0.105,-0.026,0.201,0.0,3.14,6.28,146,213,200,320,5
49.737,-0.0,0.001,-0.001,0.007,0.102,-0.045,0.007,0.101,-0.044,0.193,0.0,3.14,6.28,148,223,200,320,5
49.76,0.001,-0.0,-0.001,0.005,0.101,-0.064,0.005,0.101,-0.063,0.193,0.0,3.14,6.28,149,232,200,320,5
49.782,-0.001,0.002,-0.003,0.007,0.105,-0.074,0.008,0.103,-0.071,0.197,0.0,3.93,0.79,146,238,200,320,5
49.805,-0.001,0.002,-0.003,0.007,0.111,-0.078,0.008,0.109,-0.075,0.208,0.0,3.93,0.79,143,240,200,320,5
49.824,0.003,0.001,-0.002,0.006,0.114,-0.082,0.003,0.113,-0.08,0.216,0.0,3.93,0.79,142,242,200,320,5
49.843,0.001,0.002,-0.003,0.004,0.113,-0.089,0.002,0.111,-0.086,0.213,0.0,3.93,0.79,142,245,200,320,5
49.861,0.001,0.001,-0.002,0.001,0.111,-0.093,-0.0,0.11,-0.091,0.21,0.0,3.93,0.79,143,248,200,320,5
49.883,-0.001,0.002,-0.002,-0.002,0.107,-0.098,-0.002,0.105,-0.096,0.2,0.0,3.93,0.79,146,250,200,320,5
49.902,-0.002,0.003,-0.003,-0.006,0.101,-0.103,-0.004,0.099,-0.101,0.192,0.0,3.93,0.79,148,253,200,320,5
49.923,-0.0,0.001,-0.001,-0.01,0.094,-0.11,-0.01,0.094,-0.109,0.207,0.0,3.93,0.79,152,256,200,320,5
49.942,0.001,-0.001,0.0,-0.015,0.085,-0.116,-0.016,0.086,-0.116,0.221,0.0,3.93,0.79,157,259,200,320,5
49.963,-0.001,-0.0,-0.0,-0.023,0.071,-0.121,-0.022,0.071,-0.121,0.23,0.0,3.93,0.79,164,262,200,320,5
49.982,-0.002,0.001,-0.001,-0.028,0.058,-0.121,-0.027,0.058,-0.12,0.23,0.0,4.71,1.57,170,262,200,320,5
50.002,-0.003,-0.0,0.0,-0.034,0.046,-0.12,-0.032,0.046,-0.12,0.23,0.0,4.71,1.57,177,261,200,320,5
50.022,-0.002,-0.001,0.001,-0.039,0.035,-0.113,-0.037,0.035,-0.114,0.219,0.0,4.71,1.57,182,258,200,320,5
50.042,-0.001,-0.001,0.001,-0.039,0.031,-0.107,-0.038,0.032,-0.108,0.205,0.0,4.71,1.57,184,254,200,320,5
50.066,-0.002,0.001,-0.001,-0.043,0.021,-0.104,-0.042,0.02,-0.102,0.196,0.0,4.71,1.57,189,253,200,320,5
50.089,-0.0,0.0,-0.0,-0.046,0.013,-0.102,-0.046,0.013,-0.102,0.194,0.0,4.71,1.57,194,252,200,320,5
50.109,0.001,-0.001,0.0,-0.047,0.009,-0.102,-0.049,0.01,-0.102,0.194,0.0,4.71,1.57,196,252,200,320,5
50.133,0.001,-0.001,-0.0,-0.05,0.006,-0.103,-0.051,0.007,-0.103,0.196,0.0,4.71,1.57,197,252,200,320,5
50.152,0.002,0.0,-0.002,-0.054,0.006,-0.108,-0.055,0.006,-0.106,0.202,0.0,4.71,1.57,197,255,200,320,5
50.172,0.001,0.001,-0.002,-0.055,0.008,-0.113,-0.056,0.008,-0.111,0.212,0.0,4.71,1.57,196,258,200,320,5
50.192,0.001,0.0,-0.002,-0.055,0.01,-0.119,-0.056,0.01,-0.117,0.223,0.0,4.71,1.57,195,260,200,320,5
50.21,-0.0,0.001,-0.002,-0.053,0.012,-0.126,-0.052,0.011,-0.123,0.235,0.0,4.71,1.57,194,264,200,320,5
50.23,-0.001,0.001,-0.002,-0.051,0.014,-0.131,-0.05,0.013,-0.129,0.247,0.0,4.71,1.57,193,267,200,320,5
50.248,-0.002,0.0,-0.002,-0.05,0.016,-0.136,-0.048,0.016,-0.135,0.257,0.0,4.71,1.57,192,269,200,320,5
50.269,-0.001,0.0,-0.002,-0.048,0.019,-0.142,-0.047,0.019,-0.141,0.268,0.0,4.71,1.57,190,273,200,320,5
50.291,-0.0,-0.001,-0.0,-0.048,0.024,-0.156,-0.048,0.025,-0.155,0.296,0.0,4.71,1.57,188,279,200,320,5
50.314,0.001,-0.001,-0.001,-0.048,0.028,-0.168,-0.049,0.029,-0.167,0.319,0.0,4.71,1.57,186,285,200,320,5
50.333,-0.001,0.0,-0.001,-0.048,0.031,-0.178,-0.047,0.03,-0.177,0.339,0.0,4.71,1.57,184,291,200,320,5
50.353,0.0,-0.0,-0.001,-0.048,0.031,-0.184,-0.048,0.031,-0.184,0.351,0.0,4.71,1.57,184,294,200,320,5
50.393,0.001,-0.0,0.0,-0.049,0.029,-0.195,-0.049,0.029,-0.195,0.372,0.0,4.71,1.57,185,299,200,320,5
50.411,0.001,-0.0,-0.001,-0.05,0.026,-0.2,-0.051,0.026,-0.2,0.382,0.0,4.71,1.57,187,302,200,320,5
50.432,0.002,0.0,-0.001,-0.052,0.024,-0.206,-0.055,0.023,-0.204,0.39,0.0,4.71,1.57,188,305,200,320,5
50.449,0.001,0.001,-0.002,-0.055,0.021,-0.207,-0.057,0.02,-0.205,0.391,0.0,4.71,1.57,190,305,200,320,5
50.469,0.001,0.002,-0.002,-0.057,0.018,-0.206,-0.058,0.016,-0.204,0.389,0.0,4.71,1.57,191,305,200,320,5
50.486,0.002,0.003,-0.004,-0.058,0.015,-0.206,-0.06,0.012,-0.202,0.386,0.0,4.71,1.57,192,305,200,320,5
50.517,0.003,0.002,-0.003,-0.06,0.012,-0.207,-0.063,0.01,-0.203,0.388,0.0,4.71,1.57,194,305,200,320,5
50.537,0.002,0.002,-0.003,-0.063,0.009,-0.206,-0.065,0.006,-0.203,0.387,0.0,4.71,1.57,196,305,200,320,5
50.557,0.004,-0.0,-0.001,-0.065,0.004,-0.205,-0.069,0.004,-0.204,0.39,0.0,4.71,1.57,198,305,200,320,5
50.576,0.003,-0.0,-0.001,-0.067,0.001,-0.204,-0.07,0.001,-0.204,0.389,0.0,4.71,1.57,200,304,200,320,5
50.595,0.003,0.0,-0.001,-0.069,-0.002,-0.201,-0.071,-0.002,-0.2,0.382,0.0,4.71,1.57,201,302,200,320,5
50.614,0.002,0.0,-0.001,-0.071,-0.006,-0.195,-0.072,-0.007,-0.194,0.37,0.0,4.71,1.57,203,299,200,320,5
50.635,0.002,0.001,-0.002,-0.071,-0.009,-0.191,-0.073,-0.01,-0.189,0.361,0.0,4.71,1.57,205,297,200,320,5
50.654,0.002,0.001,-0.002,-0.071,-0.011,-0.188,-0.074,-0.012,-0.186,0.355,0.0,4.71,1.57,206,296,200,320,5
50.677,0.003,-0.0,-0.001,-0.07,-0.014,-0.186,-0.073,-0.013,-0.185,0.353,0.0,4.71,1.57,207,295,200,320,5
50.697,0.001,0.001,-0.003,-0.071,-0.015,-0.188,-0.072,-0.016,-0.185,0.354,0.0,4.71,1.57,208,296,200,320,5
50.716,-0.0,0.001,-0.002,-0.074,-0.017,-0.194,-0.073,-0.018,-0.192,0.367,0.0,4.71,1.57,209,299,200,320,5
50.738,-0.001,0.001,-0.002,-0.076,-0.018,-0.204,-0.075,-0.019,-0.202,0.386,0.0,4.71,1.57,209,304,200,320,5
50.76,-0.0,-0.0,-0.001,-0.076,-0.017,-0.212,-0.076,-0.017,-0.211,0.402,0.0,4.71,1.57,209,308,200,320,5
50.782,0.0,-0.0,-0.001,-0.076,-0.014,-0.216,-0.076,-0.014,-0.215,0.41,0.0,4.71,1.57,207,310,200,320,5
50.82,-0.002,0.002,-0.003,-0.074,-0.006,-0.221,-0.072,-0.008,-0.218,0.417,0.0,4.71,1.57,203,312,285,115,6
50.837,0.001,0.001,-0.002,-0.074,-0.003,-0.222,-0.075,-0.004,-0.22,0.421,0.0,4.71,1.57,202,313,285,115,6
50.857,0.001,-0.001,-0.001,-0.073,-0.001,-0.225,-0.074,-0.001,-0.224,0.429,0.0,4.71,1.57,201,315,285,115,6
50.876,0.001,-0.0,-0.0,-0.072,-0.0,-0.229,-0.073,0.0,-0.228,0.436,0.0,4.71,1.57,200,316,285,115,6
50.895,0.001,-0.0,-0.001,-0.071,-0.001,-0.232,-0.072,-0.001,-0.232,0.442,0.0,4.71,1.57,200,318,285,115,6
50.916,-0.001,0.002,-0.002,-0.07,-0.002,-0.235,-0.069,-0.003,-0.232,0.444,0.0,4.71,1.57,201,320,285,115,6
50.935,0.0,0.001,-0.002,-0.068,-0.001,-0.236,-0.069,-0.003,-0.234,0.446,0.0,4.71,1.57,201,320,285,115,6
50.954,0.001,-0.0,-0.0,-0.068,-0.001,-0.236,-0.069,-0.001,-0.236,0.451,0.0,4.71,1.57,200,320,285,115,6
50.975,0.002,-0.001,0.0,-0.069,-0.0,-0.237,-0.071,0.001,-0.238,0.454,0.0,4.71,1.57,200,321,285,115,6
50.994,0.001,0.0,-0.0,-0.068,0.0,-0.236,-0.07,-0.0,-0.236,0.45,0.0,4.71,1.57,200,320,285,115,6
51.017,-0.001,0.001,-0.002,-0.067,0.0,-0.236,-0.067,-0.001,-0.234,0.447,0.0,4.71,1.57,200,320,285,115,6
51.037,0.0,0.001,-0.0,-0.066,0.001,-0.234,-0.066,0.0,-0.234,0.447,0.0,4.71,1.57,200,319,285,115,6
51.057,0.001,0.0,0.0,-0.063,0.003,-0.23,-0.064,0.003,-0.23,0.439,0.0,4.71,1.57,199,317,285,115,6
51.075,0.001,0.001,-0.0,-0.062,0.004,-0.226,-0.062,0.003,-0.226,0.431,0.0,4.71,1.57,198,315,285,115,6
51.113,-0.0,0.002,-0.001,-0.059,0.005,-0.212,-0.059,0.003,-0.21,0.402,0.0,4.71,1.57,198,308,285,115,6
51.134,-0.002,0.002,-0.002,-0.059,0.006,-0.203,-0.057,0.004,-0.202,0.385,0.0,4.71,1.57,197,304,285,115,6
51.163,0.0,0.001,-0.001,-0.058,0.008,-0.17,-0.058,0.007,-0.169,0.322,0.0,4.71,1.57,196,286,285,115,6
51.18,-0.001,0.003,-0.003,-0.058,0.006,-0.149,-0.056,0.003,-0.146,0.279,0.0,4.71,1.57,197,276,285,115,6
51.199,-0.001,0.003,-0.004,-0.061,0.002,-0.129,-0.06,-0.001,-0.126,0.24,0.0,4.71,1.57,199,266,285,115,6
51.218,-0.0,0.002,-0.004,-0.065,-0.005,-0.112,-0.065,-0.007,-0.109,0.207,0.0,4.71,1.57,202,257,285,115,6
51.238,0.0,0.001,-0.003,-0.065,-0.013,-0.084,-0.066,-0.014,-0.082,0.156,0.0,4.71,1.57,207,243,285,115,6
51.258,0.001,-0.001,-0.001,-0.065,-0.023,-0.053,-0.066,-0.022,-0.051,0.0,0.0,0,0,212,227,285,115,6
51.274,0.0,-0.0,-0.001,-0.066,-0.033,-0.017,-0.067,-0.033,-0.015,0.0,0.0,0,0,217,208,285,115,6
51.295,0.001,-0.001,-0.001,-0.07,-0.042,0.007,-0.071,-0.041,0.008,0.0,0.0,0,0,221,196,285,115,6
51.336,0.001,0.0,-0.001,-0.069,-0.047,0.014,-0.069,-0.047,0.015,0.0,0.0,0,0,224,193,285,115,6
51.355,0.001,-0.0,-0.001,-0.071,-0.049,0.009,-0.072,-0.049,0.01,0.0,0.0,0,0,225,195,285,115,6
51.373,0.002,-0.001,-0.0,-0.074,-0.053,0.016,-0.075,-0.053,0.016,0.0,0.0,0,0,227,192,285,115,6
51.391,0.001,0.0,-0.001,-0.075,-0.056,0.018,-0.076,-0.056,0.019,0.0,0.0,0,0,228,191,285,115,6
51.415,0.0,0.001,-0.002,-0.078,-0.06,0.025,-0.078,-0.061,0.027,0.0,0.0,0,0,231,187,285,115,6
51.434,-0.001,0.003,-0.003,-0.083,-0.066,0.027,-0.082,-0.069,0.03,0.132,0.0,6.28,3.14,234,186,285,115,6
51.474,-0.0,0.002,-0.002,-0.093,-0.079,0.035,-0.093,-0.081,0.037,0.154,0.0,6.28,3.14,240,182,285,115,6
51.492,0.001,0.001,-0.001,-0.094,-0.082,0.046,-0.095,-0.083,0.046,0.159,0.0,6.28,3.14,242,177,285,115,6
51.516,0.002,0.002,-0.003,-0.095,-0.083,0.052,-0.097,-0.086,0.055,0.164,0.0,6.28,3.14,243,173,285,115,6
51.532,0.002,0.004,-0.005,-0.096,-0.085,0.055,-0.097,-0.088,0.059,0.169,0.0,6.28,3.14,243,172,285,115,6
51.572,0.004,0.001,-0.003,-0.099,-0.091,0.065,-0.103,-0.091,0.068,0.175,0.0,0.79,3.93,246,167,285,115,6
51.592,0.002,0.001,-0.002,-0.102,-0.095,0.069,-0.105,-0.096,0.071,0.183,0.0,0.79,3.93,248,165,285,115,6
51.612,0.003,0.001,-0.002,-0.103,-0.101,0.08,-0.106,-0.102,0.082,0.195,0.0,0.79,3.93,252,159,285,115,6
51.631,-0.001,0.002,-0.002,-0.102,-0.103,0.087,-0.101,-0.105,0.09,0.201,0.0,0.79,3.93,253,156,285,115,6
51.659,0.0,0.001,-0.001,-0.101,-0.106,0.099,-0.101,-0.107,0.1,0.203,0.0,0.79,3.93,254,150,285,115,6
51.681,0.0,0.001,-0.001,-0.1,-0.11,0.109,-0.101,-0.111,0.11,0.212,0.0,0.79,3.93,256,144,285,115,6
51.701,-0.001,0.003,-0.003,-0.099,-0.112,0.116,-0.098,-0.114,0.119,0.228,0.0,0.79,3.93,257,141,285,115,6
51.717,-0.001,0.002,-0.002,-0.098,-0.112,0.125,-0.097,-0.114,0.127,0.243,0.0,0.79,3.93,257,136,285,115,6
51.736,0.001,0.001,-0.001,-0.098,-0.114,0.135,-0.099,-0.114,0.136,0.26,0.0,0.79,3.93,258,131,285,115,6
51.76,0.001,0.001,-0.002,-0.103,-0.12,0.142,-0.105,-0.121,0.144,0.276,0.0,0.79,3.93,261,128,285,115,6
51.779,0.001,0.001,-0.002,-0.107,-0.125,0.147,-0.108,-0.127,0.149,0.285,0.0,0.79,3.93,264,125,285,115,6
51.799,0.001,0.002,-0.003,-0.108,-0.129,0.152,-0.109,-0.13,0.155,0.296,0.0,0.79,3.93,266,123,285,115,6
51.841,0.002,-0.001,-0.0,-0.106,-0.137,0.169,-0.108,-0.136,0.17,0.324,0.0,0.79,3.93,270,114,285,115,6
51.861,0.002,-0.001,-0.0,-0.104,-0.141,0.182,-0.105,-0.14,0.183,0.349,0.0,0.79,3.93,272,107,285,115,6
51.88,0.002,0.0,-0.002,-0.103,-0.143,0.191,-0.104,-0.144,0.193,0.368,0.0,0.79,3.93,273,103,285,115,6
51.908,0.001,0.0,-0.002,-0.104,-0.151,0.196,-0.105,-0.151,0.197,0.377,0.0,0.79,3.93,277,100,285,115,6
51.929,0.002,0.0,-0.001,-0.106,-0.155,0.195,-0.108,-0.156,0.197,0.376,0.0,0.79,3.93,279,100,285,115,6
51.949,0.001,0.002,-0.003,-0.108,-0.16,0.196,-0.109,-0.162,0.2,0.381,0.0,0.79,3.93,281,100,285,115,6
51.969,0.001,0.002,-0.003,-0.109,-0.163,0.197,-0.11,-0.165,0.201,0.383,0.0,0.79,3.93,283,99,285,115,6
51.989,0.002,0.001,-0.002,-0.109,-0.165,0.201,-0.11,-0.165,0.203,0.388,0.0,0.79,3.93,284,98,285,115,6
52.01,0.002,0.001,-0.002,-0.107,-0.164,0.205,-0.109,-0.165,0.207,0.395,0.0,0.79,3.93,284,96,285,115,6
52.053,0.001,0.002,-0.003,-0.104,-0.163,0.208,-0.105,-0.164,0.21,0.401,0.0,0.79,3.93,283,94,285,115,6
52.075,0.003,0.001,-0.002,-0.103,-0.162,0.208,-0.106,-0.163,0.21,0.401,0.0,0.79,3.93,283,94,285,115,6
52.091,0.003,0.001,-0.002,-0.104,-0.164,0.202,-0.107,-0.166,0.204,0.391,0.0,0.79,3.93,284,97,285,115,6
52.113,0.001,0.002,-0.002,-0.107,-0.168,0.189,-0.109,-0.17,0.191,0.365,0.0,0.79,3.93,286,104,285,115,6
52.155,0.001,0.003,-0.003,-0.109,-0.166,0.165,-0.109,-0.169,0.168,0.323,0.0,0.79,3.93,285,116,285,285,7
52.173,0.001,0.002,-0.002,-0.107,-0.162,0.159,-0.108,-0.164,0.161,0.313,0.0,0.79,3.93,283,119,285,285,7
52.193,-0.0,0.002,-0.002,-0.103,-0.157,0.159,-0.103,-0.159,0.161,0.308,0.0,0.79,3.93,280,119,285,285,7
52.211,-0.0,0.002,-0.002,-0.1,-0.154,0.158,-0.1,-0.156,0.16,0.306,0.0,0.79,3.93,279,120,285,285,7
52.232,-0.001,0.002,-0.003,-0.095,-0.149,0.158,-0.095,-0.151,0.161,0.307,0.0,0.79,3.93,276,120,285,285,7
52.252,0.0,0.002,-0.003,-0.093,-0.145,0.156,-0.093,-0.147,0.159,0.303,0.0,0.79,3.93,274,120,285,285,7
52.27,0.001,0.001,-0.003,-0.092,-0.146,0.153,-0.093,-0.148,0.155,0.297,0.0,0.79,3.93,274,122,285,285,7
52.291,0.002,-0.0,-0.001,-0.091,-0.146,0.152,-0.093,-0.146,0.153,0.293,0.0,0.79,3.93,274,123,285,285,7
52.307,0.002,-0.001,-0.001,-0.091,-0.146,0.154,-0.093,-0.146,0.154,0.295,0.0,0.79,3.93,275,122,285,285,7
52.324,0.0,-0.0,-0.0,-0.091,-0.147,0.156,-0.091,-0.147,0.157,0.299,0.0,0.79,3.93,275,120,285,285,7
52.344,-0.0,0.001,-0.001,-0.09,-0.148,0.158,-0.09,-0.148,0.159,0.304,0.0,0.79,3.93,275,120,285,285,7
52.366,-0.001,0.002,-0.002,-0.085,-0.146,0.16,-0.085,-0.148,0.162,0.309,0.0,0.79,3.93,274,119,285,285,7
52.385,-0.0,0.002,-0.002,-0.082,-0.142,0.157,-0.082,-0.144,0.159,0.304,0.0,0.79,3.93,272,120,285,285,7
52.406,0.001,0.001,-0.001,-0.079,-0.137,0.152,-0.079,-0.137,0.153,0.293,0.0,0.79,3.93,270,123,285,285,7
52.425,0.0,-0.0,-0.001,-0.075,-0.127,0.146,-0.075,-0.127,0.146,0.28,0.0,0.79,3.93,264,126,285,285,7
52.444,-0.001,0.0,-0.0,-0.069,-0.11,0.14,-0.068,-0.11,0.14,0.268,0.0,0.79,3.93,256,129,285,285,7
52.463,-0.0,0.001,-0.001,-0.065,-0.102,0.142,-0.065,-0.103,0.143,0.273,0.0,0.79,3.93,252,128,285,285,7
52.479,0.0,0.001,-0.002,-0.057,-0.09,0.145,-0.058,-0.091,0.146,0.279,0.0,0.79,3.93,246,126,285,285,7
52.501,-0.0,0.002,-0.002,-0.049,-0.076,0.151,-0.048,-0.079,0.153,0.292,0.0,0.79,3.93,239,123,285,285,7
52.522,0.0,0.003,-0.003,-0.038,-0.061,0.161,-0.038,-0.064,0.164,0.314,0.0,1.57,4.71,231,118,285,285,7
52.542,0.001,0.004,-0.004,-0.03,-0.045,0.176,-0.031,-0.048,0.18,0.344,0.0,1.57,4.71,223,110,285,285,7
52.563,0.002,0.004,-0.005,-0.029,-0.036,0.192,-0.031,-0.041,0.197,0.377,0.0,1.57,4.71,218,102,285,285,7
52.582,0.002,0.005,-0.006,-0.032,-0.023,0.209,-0.034,-0.028,0.216,0.412,0.0,1.57,4.71,212,93,285,285,7
52.602,0.001,0.004,-0.005,-0.037,-0.01,0.236,-0.038,-0.014,0.24,0.459,0.0,1.57,4.71,205,80,285,285,7
52.621,0.003,0.002,-0.002,-0.048,-0.003,0.284,-0.05,-0.005,0.287,0.547,0.0,1.57,4.71,202,55,285,285,7
52.645,0.003,0.001,-0.002,-0.057,-0.005,0.319,-0.06,-0.006,0.321,0.613,0.0,1.57,4.71,202,37,285,285,7
52.665,0.001,0.003,-0.003,-0.067,-0.013,0.356,-0.068,-0.016,0.358,0.684,0.0,1.57,4.71,207,19,285,285,7
52.683,0.002,0.002,-0.002,-0.075,-0.02,0.384,-0.077,-0.021,0.386,0.736,0.0,1.57,4.71,210,4,285,285,7
52.703,0.003,0.001,-0.001,-0.082,-0.023,0.416,-0.085,-0.024,0.417,0.797,0.0,1.57,4.71,212,0,285,285,7
52.722,0.004,-0.0,-0.0,-0.088,-0.026,0.453,-0.092,-0.026,0.453,0.865,0.0,1.57,4.71,213,0,285,285,7
52.742,0.004,-0.001,0.001,-0.093,-0.03,0.49,-0.097,-0.029,0.489,0.934,0.0,1.57,4.71,215,0,285,285,7
52.762,0.003,-0.0,-0.0,-0.098,-0.034,0.52,-0.101,-0.034,0.521,0.994,0.0,1.57,4.71,217,0,285,285,7
52.782,0.002,0.001,-0.002,-0.103,-0.043,0.527,-0.105,-0.044,0.529,1.0,0.0,1.57,4.71,222,0,285,285,7
52.823,0.003,-0.0,-0.001,-0.113,-0.049,0.546,-0.116,-0.049,0.547,1.0,0.0,1.57,4.71,225,0,285,285,7
52.84,0.002,0.0,-0.001,-0.114,-0.049,0.554,-0.116,-0.049,0.555,1.0,0.0,1.57,4.71,225,0,285,285,7
52.86,0.002,0.0,-0.001,-0.112,-0.046,0.56,-0.114,-0.046,0.561,1.0,0.0,1.57,4.71,223,0,285,285,7
52.88,0.0,0.001,-0.001,-0.109,-0.039,0.563,-0.109,-0.04,0.564,1.0,0.0,1.57,4.71,220,0,285,285,7
52.9,-0.001,0.002,-0.003,-0.103,-0.032,0.564,-0.102,-0.034,0.566,1.0,0.0,1.57,4.71,216,0,285,285,7
52.92,0.001,0.002,-0.003,-0.096,-0.019,0.564,-0.096,-0.021,0.567,1.0,0.0,1.57,4.71,210,0,285,285,7
52.939,0.003,-0.0,-0.001,-0.089,-0.009,0.565,-0.092,-0.009,0.566,1.0,0.0,1.57,4.71,204,0,285,285,7
52.962,0.002,-0.001,-0.0,-0.085,0.0,0.564,-0.087,0.001,0.564,1.0,0.0,1.57,4.71,200,0,285,285,7
52.983,0.002,-0.001,-0.001,-0.081,0.01,0.561,-0.083,0.011,0.562,1.0,0.0,1.57,4.71,195,0,285,285,7
53.004,0.003,-0.0,-0.001,-0.077,0.019,0.554,-0.08,0.02,0.555,1.0,0.0,1.57,4.71,190,0,285,285,7
53.025,0.004,-0.002,0.0,-0.072,0.031,0.544,-0.076,0.033,0.544,1.0,0.0,1.57,4.71,184,0,285,285,7
53.045,0.004,-0.001,-0.001,-0.07,0.038,0.54,-0.073,0.039,0.541,1.0,0.0,1.57,4.71,181,0,285,285,7
53.062,0.002,0.001,-0.002,-0.065,0.05,0.528,-0.067,0.049,0.53,1.0,0.0,1.57,4.71,175,0,285,285,7
53.08,0.001,0.002,-0.003,-0.058,0.071,0.503,-0.059,0.07,0.506,0.966,0.0,2.36,5.5,164,0,285,285,7
53.106,-0.001,0.002,-0.003,-0.047,0.101,0.47,-0.047,0.099,0.473,0.903,0.0,2.36,5.5,148,0,285,285,7
53.125,0.0,0.001,-0.001,-0.035,0.132,0.433,-0.035,0.131,0.434,0.829,0.0,2.36,5.5,133,0,285,285,7
53.145,-0.0,0.0,-0.001,-0.022,0.168,0.387,-0.021,0.168,0.389,0.742,0.0,2.36,5.5,114,3,285,285,7
53.169,-0.001,0.001,-0.002,-0.008,0.204,0.341,-0.008,0.203,0.343,0.655,0.0,2.36,5.5,96,26,285,285,7
53.188,0.001,0.0,-0.001,0.006,0.242,0.296,0.005,0.242,0.297,0.568,0.0,2.36,5.5,77,49,285,285,7
53.209,0.001,0.0,-0.001,0.005,0.265,0.284,0.004,0.265,0.286,0.546,0.0,2.36,5.5,65,55,285,285,7
53.226,0.001,-0.0,-0.001,0.008,0.285,0.272,0.008,0.285,0.273,0.544,0.0,2.36,5.5,55,61,285,285,7
53.246,-0.001,0.002,-0.003,0.015,0.305,0.255,0.016,0.304,0.257,0.58,0.0,2.36,5.5,45,70,285,285,7
53.265,-0.002,0.002,-0.003,0.029,0.333,0.224,0.031,0.331,0.227,0.633,0.0,2.36,5.5,30,86,285,285,7
53.306,-0.001,-0.0,-0.001,0.068,0.385,0.167,0.069,0.385,0.168,0.736,0.0,2.36,5.5,4,115,285,285,7
53.326,-0.0,-0.0,-0.001,0.086,0.409,0.142,0.087,0.409,0.143,0.781,0.0,2.36,5.5,0,128,285,285,7
53.343,0.001,-0.001,-0.0,0.103,0.431,0.121,0.102,0.431,0.121,0.823,0.0,2.36,5.5,0,138,285,285,7
53.362,0.001,0.001,-0.002,0.114,0.452,0.1,0.114,0.451,0.102,0.861,0.0,2.36,5.5,0,149,285,285,7
53.379,0.0,0.002,-0.002,0.125,0.467,0.084,0.125,0.465,0.086,0.889,0.0,2.36,5.5,0,157,285,285,7
53.396,0.001,0.001,-0.002,0.133,0.476,0.07,0.132,0.475,0.072,0.906,0.0,2.36,5.5,0,164,285,285,7
53.415,0.001,0.001,-0.002,0.143,0.482,0.051,0.143,0.481,0.053,0.919,0.0,3.14,6.28,0,174,285,285,7
53.433,-0.0,0.001,-0.002,0.153,0.487,0.028,0.154,0.486,0.03,0.928,0.0,3.14,6.28,0,186,285,285,7
53.453,0.001,0.0,-0.001,0.164,0.492,-0.002,0.163,0.491,-0.001,0.938,0.0,3.14,6.28,0,201,285,285,7
53.473,0.002,-0.001,-0.001,0.179,0.492,-0.033,0.177,0.492,-0.033,0.94,0.0,3.14,6.28,0,217,285,285,7
53.489,0.004,-0.001,-0.001,0.192,0.491,-0.058,0.188,0.492,-0.057,0.939,0.0,3.14,6.28,0,229,285,285,7
53.506,0.003,-0.0,-0.001,0.211,0.492,-0.092,0.208,0.492,-0.091,0.94,0.0,3.93,0.79,0,247,285,285,7
53.527,0.002,0.0,-0.001,0.228,0.492,-0.128,0.226,0.492,-0.127,0.94,0.0,3.93,0.79,0,265,285,285,7
53.548,0.001,0.002,-0.003,0.255,0.484,-0.18,0.254,0.482,-0.177,0.921,0.0,3.93,0.79,0,292,285,285,7
53.566,0.002,0.003,-0.003,0.273,0.482,-0.224,0.271,0.479,-0.22,0.914,0.0,3.93,0.79,0,314,285,285,7
53.59,0.001,0.003,-0.003,0.293,0.477,-0.275,0.291,0.474,-0.272,0.906,0.0,3.93,0.79,0,340,285,285,7
53.611,0.001,0.003,-0.004,0.312,0.473,-0.314,0.311,0.47,-0.31,0.898,0.0,3.93,0.79,0,360,285,285,7
53.631,-0.001,0.004,-0.004,0.331,0.47,-0.346,0.332,0.466,-0.341,0.89,0.0,3.93,0.79,0,376,285,285,7
53.652,-0.001,0.003,-0.004,0.351,0.466,-0.378,0.351,0.463,-0.374,0.885,0.0,3.93,0.79,0,393,285,285,7
53.674,0.0,0.001,-0.003,0.364,0.465,-0.407,0.364,0.463,-0.405,0.885,0.0,3.93,0.79,0,400,285,285,7
53.693,0.001,0.0,-0.002,0.371,0.465,-0.429,0.37,0.464,-0.427,0.887,0.0,3.93,0.79,0,400,285,285,7
53.716,0.0,0.001,-0.002,0.38,0.462,-0.455,0.379,0.461,-0.452,0.88,0.0,3.93,0.79,0,400,285,285,7
53.738,0.0,0.002,-0.003,0.388,0.455,-0.48,0.388,0.453,-0.477,0.912,0.0,3.93,0.79,0,400,285,285,7
53.757,0.002,-0.001,-0.0,0.4,0.441,-0.514,0.398,0.441,-0.514,0.981,0.0,3.93,0.79,0,400,285,285,7
53.778,0.001,-0.0,-0.001,0.407,0.426,-0.542,0.406,0.426,-0.541,1.0,0.0,3.93,0.79,0,400,285,285,7
53.801,0.001,0.001,-0.003,0.412,0.405,-0.578,0.411,0.404,-0.576,1.0,0.0,3.93,0.79,0,400,285,285,7
53.821,0.002,0.0,-0.002,0.413,0.384,-0.611,0.411,0.384,-0.609,1.0,0.0,3.93,0.79,4,400,285,285,7
53.84,0.002,-0.001,-0.001,0.406,0.346,-0.645,0.404,0.347,-0.644,1.0,0.0,3.93,0.79,24,400,285,285,7
53.859,0.003,-0.002,0.0,0.398,0.321,-0.661,0.395,0.322,-0.662,1.0,0.0,3.93,0.79,37,400,285,285,7
53.877,0.003,0.0,-0.002,0.38,0.289,-0.673,0.377,0.289,-0.671,1.0,0.0,3.93,0.79,53,400,285,285,7
53.899,0.002,0.002,-0.003,0.352,0.253,-0.669,0.349,0.252,-0.666,1.0,0.0,3.93,0.79,71,400,285,285,7
53.916,0.003,0.002,-0.003,0.329,0.226,-0.659,0.326,0.224,-0.656,1.0,0.0,3.93,0.79,85,400,285,285,7
53.937,0.003,0.001,-0.002,0.309,0.206,-0.651,0.306,0.204,-0.649,1.0,0.0,3.93,0.79,95,400,285,285,7
53.962,0.005,-0.001,-0.0,0.291,0.183,-0.645,0.285,0.184,-0.645,1.0,0.0,3.93,0.79,107,400,285,285,7
53.981,0.004,0.0,-0.002,0.266,0.152,-0.644,0.262,0.152,-0.643,1.0,0.0,3.93,0.79,122,400,285,285,7
54.021,0.005,-0.001,-0.001,0.247,0.139,-0.651,0.242,0.14,-0.65,1.0,0.0,3.93,0.79,129,400,285,285,7
54.043,0.005,-0.001,-0.001,0.233,0.132,-0.656,0.227,0.133,-0.655,1.0,0.0,3.93,0.79,133,400,285,285,7
54.065,0.003,0.001,-0.002,0.219,0.128,-0.668,0.216,0.127,-0.666,1.0,0.0,3.93,0.79,135,400,285,285,7
54.091,0.003,0.001,-0.002,0.205,0.122,-0.679,0.202,0.121,-0.677,1.0,0.0,3.93,0.79,138,400,285,285,7
54.109,0.004,-0.0,-0.001,0.187,0.117,-0.687,0.183,0.117,-0.686,1.0,0.0,3.93,0.79,141,400,285,285,7
54.126,0.003,0.0,-0.001,0.176,0.111,-0.693,0.172,0.111,-0.692,1.0,0.0,3.93,0.79,143,400,285,285,7
54.146,0.003,0.001,-0.002,0.155,0.1,-0.699,0.152,0.099,-0.696,1.0,0.0,3.93,0.79,149,400,285,285,7
54.164,0.003,0.001,-0.003,0.143,0.091,-0.699,0.14,0.091,-0.697,1.0,0.0,3.93,0.79,153,400,285,285,7
54.18,0.003,0.001,-0.002,0.125,0.078,-0.697,0.122,0.078,-0.695,1.0,0.0,3.93,0.79,160,400,285,285,7
54.223,0.002,-0.001,-0.0,0.085,0.04,-0.688,0.083,0.04,-0.688,1.0,0.0,4.71,1.57,180,400,285,285,7
54.243,0.002,-0.001,0.0,0.065,0.019,-0.684,0.063,0.019,-0.684,1.0,0.0,4.71,1.57,190,400,285,285,7
54.284,0.001,0.0,-0.001,0.018,-0.021,-0.673,0.018,-0.022,-0.672,1.0,0.0,4.71,1.57,211,400,285,285,7
54.303,0.001,-0.0,-0.001,-0.002,-0.04,-0.668,-0.003,-0.04,-0.667,1.0,0.0,4.71,1.57,220,400,285,285,7
54.323,0.001,-0.0,-0.001,-0.022,-0.062,-0.659,-0.023,-0.062,-0.658,1.0,0.0,4.71,1.57,232,400,285,285,7
54.343,0.001,-0.001,0.0,-0.042,-0.087,-0.65,-0.043,-0.086,-0.65,1.0,0.0,5.5,2.36,244,400,285,285,7
54.366,0.001,-0.0,-0.001,-0.072,-0.123,-0.635,-0.073,-0.123,-0.634,1.0,0.0,5.5,2.36,263,400,285,285,7
54.386,0.001,0.001,-0.001,-0.09,-0.147,-0.626,-0.091,-0.147,-0.625,1.0,0.0,5.5,2.36,275,400,285,285,7
54.403,0.001,-0.001,0.0,-0.107,-0.17,-0.62,-0.108,-0.169,-0.62,1.0,0.0,5.5,2.36,286,400,285,285,7
54.423,0.002,-0.001,0.0,-0.119,-0.189,-0.614,-0.121,-0.187,-0.614,1.0,0.0,5.5,2.36,296,400,285,285,7
54.442,0.002,-0.001,-0.0,-0.138,-0.221,-0.601,-0.14,-0.22,-0.601,1.0,0.0,5.5,2.36,312,400,285,285,7
54.461,0.0,-0.0,-0.0,-0.153,-0.247,-0.593,-0.153,-0.246,-0.592,1.0,0.0,5.5,2.36,326,400,285,285,7
54.481,-0.001,0.001,-0.001,-0.169,-0.269,-0.59,-0.168,-0.269,-0.589,1.0,0.0,5.5,2.36,337,400,285,285,7
54.498,-0.001,0.002,-0.002,-0.185,-0.288,-0.585,-0.184,-0.29,-0.583,1.0,0.0,5.5,2.36,347,400,285,285,7
54.516,0.0,0.001,-0.002,-0.2,-0.307,-0.578,-0.2,-0.308,-0.576,1.0,0.0,5.5,2.36,356,400,285,285,7
54.534,-0.001,0.001,-0.002,-0.214,-0.325,-0.566,-0.213,-0.327,-0.564,1.0,0.0,5.5,2.36,366,400,285,285,7
54.64,0.001,0.003,-0.003,-0.286,-0.465,-0.422,-0.287,-0.467,-0.419,0.892,0.0,5.5,2.36,400,400,285,285,7
54.659,0.003,0.001,-0.001,-0.289,-0.489,-0.367,-0.292,-0.49,-0.366,0.936,0.0,5.5,2.36,400,387,285,285,7
54.68,0.001,0.001,-0.001,-0.285,-0.507,-0.319,-0.286,-0.508,-0.318,0.97,0.0,5.5,2.36,400,362,285,285,7
54.698,-0.0,0.002,-0.002,-0.275,-0.518,-0.281,-0.275,-0.52,-0.279,0.993,0.0,5.5,2.36,400,343,285,285,7
54.719,0.0,0.002,-0.002,-0.264,-0.529,-0.249,-0.264,-0.531,-0.248,1.0,0.0,5.5,2.36,400,327,285,285,7
54.761,0.001,0.001,-0.001,-0.239,-0.555,-0.164,-0.24,-0.556,-0.163,1.0,0.0,5.5,2.36,400,284,285,285,7
54.78,-0.0,0.001,-0.002,-0.234,-0.574,-0.137,-0.234,-0.575,-0.135,1.0,0.0,5.5,2.36,400,270,285,285,7
54.798,-0.0,0.002,-0.003,-0.224,-0.591,-0.105,-0.224,-0.592,-0.102,1.0,0.0,5.5,2.36,400,254,285,285,7
54.839,0.001,0.0,-0.002,-0.207,-0.61,-0.068,-0.208,-0.611,-0.066,1.0,0.0,5.5,2.36,400,234,285,285,7
54.858,0.002,-0.001,-0.001,-0.196,-0.615,-0.044,-0.197,-0.614,-0.043,1.0,0.0,6.28,3.14,400,222,285,285,7
54.877,0.002,-0.001,-0.001,-0.184,-0.62,-0.021,-0.186,-0.619,-0.02,1.0,0.0,6.28,3.14,400,211,285,285,7
54.898,0.002,0.0,-0.002,-0.169,-0.624,0.01,-0.17,-0.624,0.013,1.0,0.0,6.28,3.14,400,195,285,285,7
54.916,0.001,0.001,-0.003,-0.151,-0.631,0.04,-0.153,-0.632,0.043,1.0,0.0,6.28,3.14,400,179,285,285,7
54.935,0.002,0.0,-0.002,-0.124,-0.631,0.087,-0.125,-0.631,0.089,1.0,0.0,0.79,3.93,400,156,285,285,7
54.952,0.001,-0.001,-0.001,-0.1,-0.628,0.125,-0.101,-0.628,0.126,1.0,0.0,0.79,3.93,400,136,285,285,7
54.973,0.001,-0.001,-0.001,-0.075,-0.621,0.166,-0.076,-0.62,0.167,1.0,0.0,0.79,3.93,400,115,285,285,7
54.994,0.001,-0.0,-0.001,-0.057,-0.612,0.204,-0.058,-0.612,0.205,1.0,0.0,0.79,3.93,400,96,285,285,7
55.013,-0.0,0.001,-0.002,-0.037,-0.601,0.238,-0.037,-0.602,0.24,1.0,0.0,0.79,3.93,400,79,285,285,7
55.031,0.001,0.001,-0.001,-0.021,-0.592,0.259,-0.022,-0.593,0.261,1.0,0.0,0.79,3.93,400,68,285,285,7
55.055,0.001,0.001,-0.002,-0.011,-0.586,0.279,-0.011,-0.587,0.281,1.0,0.0,0.79,3.93,400,58,285,285,7
55.074,0.002,0.0,-0.001,-0.004,-0.581,0.292,-0.006,-0.581,0.293,1.0,0.0,0.79,3.93,400,51,285,285,7
55.089,0.002,0.001,-0.002,0.003,-0.577,0.301,0.001,-0.578,0.302,1.0,0.0,0.79,3.93,400,47,285,285,7
55.109,0.002,0.001,-0.002,0.014,-0.569,0.316,0.012,-0.57,0.318,1.0,0.0,0.79,3.93,400,39,285,285,7
55.128,0.002,0.0,-0.001,0.026,-0.56,0.332,0.023,-0.56,0.334,1.0,0.0,0.79,3.93,400,31,285,285,7
55.15,0.0,0.002,-0.003,0.04,-0.544,0.354,0.039,-0.546,0.356,1.0,0.0,0.79,3.93,400,20,285,285,7
55.168,0.001,0.002,-0.003,0.047,-0.529,0.369,0.047,-0.532,0.372,1.0,0.0,0.79,3.93,400,12,285,285,7
55.185,0.002,0.001,-0.002,0.053,-0.515,0.378,0.051,-0.517,0.38,0.987,0.0,0.79,3.93,400,7,285,285,7
55.205,0.002,-0.001,-0.001,0.058,-0.492,0.386,0.056,-0.491,0.387,0.938,0.0,0.79,3.93,400,3,285,285,7
55.228,0.003,-0.001,-0.001,0.059,-0.473,0.389,0.056,-0.472,0.389,0.902,0.0,0.79,3.93,400,2,285,285,7
55.246,0.003,-0.0,-0.002,0.061,-0.444,0.385,0.058,-0.444,0.387,0.848,0.0,0.79,3.93,400,4,285,285,7
55.285,0.003,0.002,-0.003,0.058,-0.385,0.371,0.055,-0.387,0.374,0.74,0.0,0.79,3.93,396,11,285,285,7
55.304,0.002,0.002,-0.003,0.054,-0.347,0.365,0.051,-0.35,0.368,0.703,0.0,0.79,3.93,377,14,285,285,7
55.324,0.004,-0.0,-0.001,0.05,-0.309,0.359,0.047,-0.309,0.36,0.687,0.0,0.79,3.93,357,17,285,285,7
55.344,0.004,-0.0,-0.001,0.041,-0.26,0.342,0.038,-0.259,0.343,0.655,0.0,0.79,3.93,332,26,285,285,7
55.392,0.002,0.001,-0.003,0.018,-0.139,0.294,0.016,-0.14,0.297,0.567,0.0,0.79,3.93,271,50,285,285,7
55.412,0.003,0.0,-0.002,0.01,-0.075,0.273,0.007,-0.075,0.275,0.526,0.0,0.79,3.93,238,61,285,285,7
55.431,0.002,0.001,-0.003,0.002,-0.028,0.26,0.0,-0.029,0.263,0.502,0.0,1.57,4.71,214,67,285,285,7
55.451,0.001,0.002,-0.003,-0.005,0.011,0.256,-0.006,0.009,0.259,0.495,0.0,1.57,4.71,194,70,285,285,7
55.49,0.002,0.0,-0.002,-0.022,0.068,0.242,-0.024,0.068,0.244,0.466,0.0,2.36,5.5,165,77,285,285,7
55.511,0.002,0.0,-0.001,-0.025,0.087,0.235,-0.027,0.087,0.236,0.452,0.0,2.36,5.5,156,80,285,285,7
55.533,0.002,0.001,-0.002,-0.026,0.1,0.235,-0.028,0.099,0.237,0.453,0.0,2.36,5.5,149,80,285,285,7
55.554,0.002,0.0,-0.002,-0.028,0.108,0.228,-0.03,0.107,0.23,0.439,0.0,2.36,5.5,145,84,285,285,7
55.591,0.004,-0.0,-0.001,-0.031,0.107,0.214,-0.036,0.108,0.215,0.41,0.0,2.36,5.5,145,91,285,285,7
55.631,0.0,0.004,-0.004,-0.039,0.094,0.203,-0.039,0.09,0.207,0.396,0.0,2.36,5.5,152,97,285,285,7
55.65,0.001,0.003,-0.004,-0.041,0.088,0.2,-0.042,0.084,0.204,0.39,0.0,2.36,5.5,155,98,285,285,7
55.67,0.002,0.002,-0.003,-0.043,0.08,0.191,-0.045,0.078,0.194,0.371,0.0,2.36,5.5,159,103,285,285,7
55.689,0.003,0.001,-0.002,-0.048,0.069,0.171,-0.051,0.068,0.173,0.331,0.0,2.36,5.5,165,113,285,285,7
55.71,0.002,0.0,-0.002,-0.055,0.048,0.147,-0.057,0.048,0.149,0.284,0.0,1.57,4.71,176,125,285,285,7
55.729,-0.001,0.001,-0.002,-0.063,0.011,0.15,-0.063,0.01,0.152,0.29,0.0,1.57,4.71,194,124,285,285,7
55.751,-0.002,0.002,-0.003,-0.07,-0.026,0.13,-0.068,-0.028,0.132,0.253,0.0,1.57,4.71,213,134,285,285,7
55.795,-0.001,0.001,-0.002,-0.077,-0.04,0.131,-0.075,-0.041,0.133,0.253,0.0,1.57,4.71,221,133,285,285,7
55.815,-0.001,0.001,-0.002,-0.079,-0.038,0.128,-0.078,-0.039,0.13,0.248,0.0,1.57,4.71,219,135,285,285,7
55.835,-0.001,0.0,-0.001,-0.076,-0.033,0.129,-0.075,-0.034,0.131,0.25,0.0,1.57,4.71,217,134,285,285,7
55.856,0.001,-0.0,-0.001,-0.078,-0.032,0.132,-0.079,-0.032,0.134,0.255,0.0,1.57,4.71,216,133,285,285,7
55.875,0.002,-0.0,-0.002,-0.078,-0.03,0.13,-0.08,-0.03,0.132,0.252,0.0,1.57,4.71,215,134,285,285,7
55.892,0.002,0.0,-0.002,-0.076,-0.029,0.124,-0.078,-0.029,0.125,0.24,0.0,1.57,4.71,215,137,285,285,7
55.916,0.001,0.001,-0.003,-0.073,-0.027,0.118,-0.073,-0.029,0.121,0.231,0.0,1.57,4.71,214,140,285,285,7
55.938,-0.001,0.001,-0.002,-0.076,-0.029,0.107,-0.075,-0.03,0.11,0.21,0.0,1.57,4.71,215,145,285,285,7
55.962,0.001,0.0,-0.002,-0.082,-0.028,0.09,-0.083,-0.029,0.092,0.175,0.0,1.57,4.71,214,154,285,285,7
55.981,-0.001,0.001,-0.002,-0.084,-0.027,0.075,-0.083,-0.027,0.077,0.147,0.0,1.57,4.71,214,162,285,285,7
56.003,-0.001,0.001,-0.002,-0.08,-0.02,0.063,-0.079,-0.021,0.065,0.0,0.0,0,0,210,168,285,285,7
56.024,0.001,-0.001,0.0,-0.076,-0.016,0.056,-0.077,-0.015,0.056,0.0,0.0,0,0,208,171,285,285,7
56.044,-0.0,-0.001,0.0,-0.074,-0.014,0.045,-0.074,-0.014,0.045,0.0,0.0,0,0,207,177,285,285,7
56.063,-0.0,-0.0,0.0,-0.076,-0.015,0.034,-0.076,-0.015,0.034,0.0,0.0,0,0,208,182,285,285,7
56.085,-0.001,0.0,-0.0,-0.08,-0.02,0.017,-0.079,-0.02,0.017,0.0,0.0,0,0,210,191,285,285,7
56.109,-0.001,0.001,-0.0,-0.083,-0.024,-0.0,-0.083,-0.025,0.0,0.0,0.0,0,0,212,200,285,285,7
56.13,-0.002,0.001,-0.0,-0.084,-0.03,-0.012,-0.083,-0.031,-0.012,0.0,0.0,0,0,216,206,285,285,7
56.15,-0.002,0.001,-0.001,-0.085,-0.037,-0.016,-0.083,-0.038,-0.015,0.0,0.0,0,0,219,208,285,285,7
56.174,-0.001,0.001,-0.002,-0.088,-0.046,-0.019,-0.087,-0.047,-0.017,0.0,0.0,0,0,223,210,285,285,7
56.193,0.001,0.0,-0.001,-0.091,-0.057,-0.024,-0.092,-0.057,-0.023,0.0,0.0,0,0,229,212,285,285,7
56.214,0.001,0.0,-0.001,-0.096,-0.069,-0.028,-0.097,-0.069,-0.026,0.132,0.0,6.28,3.14,235,214,285,285,7
56.235,-0.001,0.002,-0.002,-0.099,-0.076,-0.034,-0.098,-0.077,-0.032,0.148,0.0,6.28,3.14,239,217,285,285,7
56.254,-0.0,0.001,-0.002,-0.105,-0.089,-0.042,-0.105,-0.09,-0.04,0.171,0.0,6.28,3.14,245,221,285,285,7
56.275,0.003,-0.0,-0.001,-0.108,-0.096,-0.048,-0.11,-0.096,-0.047,0.183,0.0,6.28,3.14,249,225,285,285,7
56.299,0.002,-0.0,-0.001,-0.112,-0.102,-0.052,-0.114,-0.102,-0.051,0.195,0.0,6.28,3.14,252,227,285,285,7
56.318,0.001,0.0,-0.002,-0.117,-0.111,-0.06,-0.118,-0.111,-0.058,0.212,0.0,6.28,3.14,256,230,285,285,7
56.337,0.001,-0.001,-0.001,-0.122,-0.116,-0.067,-0.123,-0.116,-0.066,0.221,0.0,5.5,2.36,259,234,285,285,7
56.353,0.001,-0.001,-0.001,-0.124,-0.12,-0.076,-0.126,-0.119,-0.075,0.226,0.0,5.5,2.36,261,239,285,285,7
56.372,0.001,-0.001,-0.001,-0.127,-0.124,-0.086,-0.129,-0.122,-0.086,0.234,0.0,5.5,2.36,263,244,285,285,7
56.393,0.002,0.0,-0.002,-0.13,-0.126,-0.097,-0.131,-0.127,-0.095,0.242,0.0,5.5,2.36,264,249,285,285,7
56.413,0.002,-0.0,-0.002,-0.133,-0.127,-0.111,-0.135,-0.127,-0.109,0.243,0.0,5.5,2.36,265,256,285,285,7
56.434,-0.0,0.001,-0.003,-0.136,-0.127,-0.125,-0.136,-0.129,-0.121,0.245,0.0,5.5,2.36,265,263,285,285,7
56.456,0.0,-0.0,-0.002,-0.138,-0.128,-0.14,-0.138,-0.128,-0.138,0.263,0.0,5.5,2.36,265,271,285,285,7
56.478,0.0,-0.001,-0.0,-0.139,-0.127,-0.153,-0.139,-0.125,-0.152,0.291,0.0,5.5,2.36,265,278,285,285,7
56.5,-0.001,0.001,-0.002,-0.14,-0.126,-0.163,-0.139,-0.126,-0.161,0.308,0.0,5.5,2.36,264,283,285,285,7
56.519,-0.001,-0.0,-0.001,-0.141,-0.126,-0.172,-0.141,-0.126,-0.17,0.325,0.0,5.5,2.36,264,287,285,285,7
56.539,0.001,-0.001,-0.001,-0.143,-0.126,-0.18,-0.145,-0.125,-0.179,0.343,0.0,5.5,2.36,264,292,285,285,7
56.556,0.002,-0.001,0.0,-0.146,-0.126,-0.183,-0.147,-0.124,-0.183,0.35,0.0,5.5,2.36,264,293,285,285,7
56.575,0.001,-0.001,-0.0,-0.147,-0.124,-0.186,-0.148,-0.123,-0.186,0.355,0.0,5.5,2.36,263,295,285,285,7
56.596,0.0,0.001,-0.003,-0.151,-0.126,-0.192,-0.151,-0.127,-0.189,0.361,0.0,5.5,2.36,264,298,285,285,7
56.613,0.0,0.003,-0.005,-0.153,-0.128,-0.193,-0.153,-0.131,-0.188,0.359,0.0,5.5,2.36,265,298,285,285,7
56.632,-0.0,0.005,-0.006,-0.155,-0.129,-0.194,-0.155,-0.134,-0.188,0.359,0.0,5.5,2.36,266,299,285,285,7
56.652,-0.0,0.003,-0.005,-0.157,-0.133,-0.198,-0.157,-0.137,-0.193,0.369,0.0,5.5,2.36,268,301,285,285,7
56.673,0.002,0.001,-0.003,-0.158,-0.136,-0.196,-0.159,-0.137,-0.193,0.369,0.0,5.5,2.36,269,300,285,285,7
56.693,0.001,0.001,-0.003,-0.157,-0.138,-0.193,-0.159,-0.139,-0.191,0.364,0.0,5.5,2.36,270,298,285,285,7
56.717,0.0,0.002,-0.003,-0.157,-0.14,-0.188,-0.157,-0.142,-0.185,0.352,0.0,5.5,2.36,271,296,285,285,7
56.736,0.001,0.001,-0.002,-0.158,-0.14,-0.178,-0.159,-0.141,-0.176,0.336,0.0,5.5,2.36,271,291,285,285,7
56.757,0.001,0.001,-0.002,-0.158,-0.141,-0.165,-0.16,-0.142,-0.164,0.313,0.0,5.5,2.36,272,284,285,285,7
56.777,0.002,0.0,-0.001,-0.16,-0.144,-0.15,-0.162,-0.144,-0.149,0.285,0.0,5.5,2.36,273,277,285,285,7
56.794,0.002,0.002,-0.003,-0.16,-0.144,-0.137,-0.162,-0.146,-0.135,0.279,0.0,5.5,2.36,273,270,285,285,7
56.817,0.002,0.002,-0.002,-0.159,-0.143,-0.118,-0.161,-0.145,-0.116,0.277,0.0,5.5,2.36,273,260,285,285,7
56.835,-0.0,0.003,-0.003,-0.159,-0.143,-0.109,-0.159,-0.145,-0.107,0.278,0.0,5.5,2.36,273,256,285,285,7
56.853,0.0,0.002,-0.003,-0.159,-0.143,-0.106,-0.159,-0.145,-0.103,0.277,0.0,5.5,2.36,273,254,285,285,7
56.874,0.001,0.002,-0.003,-0.157,-0.142,-0.103,-0.158,-0.144,-0.101,0.275,0.0,5.5,2.36,272,253,285,285,7
56.896,0.002,0.002,-0.003,-0.155,-0.142,-0.107,-0.157,-0.143,-0.104,0.274,0.0,5.5,2.36,272,254,285,285,7
56.917,0.001,0.002,-0.003,-0.154,-0.142,-0.111,-0.155,-0.144,-0.108,0.275,0.0,5.5,2.36,272,257,285,285,7
56.935,0.001,0.002,-0.003,-0.154,-0.144,-0.118,-0.155,-0.145,-0.116,0.277,0.0,5.5,2.36,273,260,285,285,7
56.957,0.001,0.002,-0.002,-0.156,-0.145,-0.126,-0.156,-0.147,-0.124,0.28,0.0,5.5,2.36,274,264,285,285,7
56.975,0.001,0.001,-0.002,-0.157,-0.147,-0.137,-0.158,-0.148,-0.136,0.282,0.0,5.5,2.36,275,270,285,285,7
